experiment,method,seed,noise,agents,episodes,metric,value
i1,raw_history,100,0.0,6,300,group_cost.fragile,153.23444444444445
i1,raw_history,100,0.0,6,300,group_cost.robust,206.21444444444444
i1,raw_history,100,0.0,6,300,success_first,0.055
i1,raw_history,100,0.0,6,300,fail_open,0.8983333333333333
i1,raw_history,100,0.0,6,300,refusal,0.04666666666666667
i1,raw_history,100,0.0,6,300,hazard_hits,5.573888888888889
i1,raw_history,100,0.0,6,300,duplicate_rate,0.017826336975273145
i1,raw_history,100,0.0,6,300,wire_bits,550784.0
i1,raw_history,100,0.0,6,300,memory_bits,451400.0
i1,raw_history,100,0.0,6,300,match_ops,1225345.6666666667
i1,raw_history,101,0.0,6,300,group_cost.fragile,156.63888888888889
i1,raw_history,101,0.0,6,300,group_cost.robust,200.4177777777778
i1,raw_history,101,0.0,6,300,success_first,0.05388888888888889
i1,raw_history,101,0.0,6,300,fail_open,0.905
i1,raw_history,101,0.0,6,300,refusal,0.04111111111111111
i1,raw_history,101,0.0,6,300,hazard_hits,5.516666666666667
i1,raw_history,101,0.0,6,300,duplicate_rate,0.01834862385321101
i1,raw_history,101,0.0,6,300,wire_bits,556178.0
i1,raw_history,101,0.0,6,300,memory_bits,462358.6666666667
i1,raw_history,101,0.0,6,300,match_ops,1286600.3333333333
i1,raw_history,102,0.0,6,300,group_cost.fragile,158.3788888888889
i1,raw_history,102,0.0,6,300,group_cost.robust,204.4488888888889
i1,raw_history,102,0.0,6,300,success_first,0.051111111111111114
i1,raw_history,102,0.0,6,300,fail_open,0.9066666666666666
i1,raw_history,102,0.0,6,300,refusal,0.042222222222222223
i1,raw_history,102,0.0,6,300,hazard_hits,5.704444444444444
i1,raw_history,102,0.0,6,300,duplicate_rate,0.01669545192861255
i1,raw_history,102,0.0,6,300,wire_bits,556744.0
i1,raw_history,102,0.0,6,300,memory_bits,461914.6666666667
i1,raw_history,102,0.0,6,300,match_ops,1292282.3333333333
i1,raw_history,103,0.0,6,300,group_cost.fragile,165.98555555555555
i1,raw_history,103,0.0,6,300,group_cost.robust,208.41
i1,raw_history,103,0.0,6,300,success_first,0.05333333333333334
i1,raw_history,103,0.0,6,300,fail_open,0.9088888888888889
i1,raw_history,103,0.0,6,300,refusal,0.03777777777777778
i1,raw_history,103,0.0,6,300,hazard_hits,5.8533333333333335
i1,raw_history,103,0.0,6,300,duplicate_rate,0.0194954128440367
i1,raw_history,103,0.0,6,300,wire_bits,549536.0
i1,raw_history,103,0.0,6,300,memory_bits,456789.0
i1,raw_history,103,0.0,6,300,match_ops,1257786.0
i1,raw_history,104,0.0,6,300,group_cost.fragile,161.9188888888889
i1,raw_history,104,0.0,6,300,group_cost.robust,199.45666666666668
i1,raw_history,104,0.0,6,300,success_first,0.058333333333333334
i1,raw_history,104,0.0,6,300,fail_open,0.8955555555555555
i1,raw_history,104,0.0,6,300,refusal,0.04611111111111111
i1,raw_history,104,0.0,6,300,hazard_hits,5.59
i1,raw_history,104,0.0,6,300,duplicate_rate,0.02131336405529954
i1,raw_history,104,0.0,6,300,wire_bits,554434.0
i1,raw_history,104,0.0,6,300,memory_bits,450683.0
i1,raw_history,104,0.0,6,300,match_ops,1247312.3333333333
i1,raw_history,105,0.0,6,300,group_cost.fragile,153.77666666666667
i1,raw_history,105,0.0,6,300,group_cost.robust,203.52444444444444
i1,raw_history,105,0.0,6,300,success_first,0.05444444444444444
i1,raw_history,105,0.0,6,300,fail_open,0.8955555555555555
i1,raw_history,105,0.0,6,300,refusal,0.05
i1,raw_history,105,0.0,6,300,hazard_hits,5.511111111111111
i1,raw_history,105,0.0,6,300,duplicate_rate,0.017981438515081206
i1,raw_history,105,0.0,6,300,wire_bits,562252.0
i1,raw_history,105,0.0,6,300,memory_bits,472753.0
i1,raw_history,105,0.0,6,300,match_ops,1305501.3333333333
i1,raw_history,106,0.0,6,300,group_cost.fragile,160.34777777777776
i1,raw_history,106,0.0,6,300,group_cost.robust,193.37777777777777
i1,raw_history,106,0.0,6,300,success_first,0.055
i1,raw_history,106,0.0,6,300,fail_open,0.905
i1,raw_history,106,0.0,6,300,refusal,0.04
i1,raw_history,106,0.0,6,300,hazard_hits,5.492222222222222
i1,raw_history,106,0.0,6,300,duplicate_rate,0.013745704467353952
i1,raw_history,106,0.0,6,300,wire_bits,558746.0
i1,raw_history,106,0.0,6,300,memory_bits,463634.6666666667
i1,raw_history,106,0.0,6,300,match_ops,1275404.0
i1,raw_history,107,0.0,6,300,group_cost.fragile,161.75333333333333
i1,raw_history,107,0.0,6,300,group_cost.robust,196.97444444444446
i1,raw_history,107,0.0,6,300,success_first,0.06055555555555556
i1,raw_history,107,0.0,6,300,fail_open,0.89
i1,raw_history,107,0.0,6,300,refusal,0.049444444444444444
i1,raw_history,107,0.0,6,300,hazard_hits,5.629444444444444
i1,raw_history,107,0.0,6,300,duplicate_rate,0.014985590778097982
i1,raw_history,107,0.0,6,300,wire_bits,556236.0
i1,raw_history,107,0.0,6,300,memory_bits,449394.6666666667
i1,raw_history,107,0.0,6,300,match_ops,1247211.0
i1,raw_history,108,0.0,6,300,group_cost.fragile,158.19555555555556
i1,raw_history,108,0.0,6,300,group_cost.robust,206.83444444444444
i1,raw_history,108,0.0,6,300,success_first,0.06055555555555556
i1,raw_history,108,0.0,6,300,fail_open,0.9033333333333333
i1,raw_history,108,0.0,6,300,refusal,0.03611111111111111
i1,raw_history,108,0.0,6,300,hazard_hits,5.470555555555555
i1,raw_history,108,0.0,6,300,duplicate_rate,0.020654044750430294
i1,raw_history,108,0.0,6,300,wire_bits,552632.0
i1,raw_history,108,0.0,6,300,memory_bits,456419.6666666667
i1,raw_history,108,0.0,6,300,match_ops,1262968.6666666667
i1,raw_history,109,0.0,6,300,group_cost.fragile,159.09222222222223
i1,raw_history,109,0.0,6,300,group_cost.robust,198.4188888888889
i1,raw_history,109,0.0,6,300,success_first,0.051111111111111114
i1,raw_history,109,0.0,6,300,fail_open,0.9011111111111111
i1,raw_history,109,0.0,6,300,refusal,0.04777777777777778
i1,raw_history,109,0.0,6,300,hazard_hits,5.608888888888889
i1,raw_history,109,0.0,6,300,duplicate_rate,0.01910828025477707
i1,raw_history,109,0.0,6,300,wire_bits,553174.0
i1,raw_history,109,0.0,6,300,memory_bits,453570.3333333333
i1,raw_history,109,0.0,6,300,match_ops,1232212.3333333333
i1,raw_history,110,0.0,6,300,group_cost.fragile,162.42666666666668
i1,raw_history,110,0.0,6,300,group_cost.robust,198.58666666666667
i1,raw_history,110,0.0,6,300,success_first,0.058888888888888886
i1,raw_history,110,0.0,6,300,fail_open,0.9033333333333333
i1,raw_history,110,0.0,6,300,refusal,0.03777777777777778
i1,raw_history,110,0.0,6,300,hazard_hits,5.502222222222223
i1,raw_history,110,0.0,6,300,duplicate_rate,0.020080321285140562
i1,raw_history,110,0.0,6,300,wire_bits,554140.0
i1,raw_history,110,0.0,6,300,memory_bits,450727.0
i1,raw_history,110,0.0,6,300,match_ops,1238803.3333333333
i1,raw_history,111,0.0,6,300,group_cost.fragile,159.94333333333333
i1,raw_history,111,0.0,6,300,group_cost.robust,196.65333333333334
i1,raw_history,111,0.0,6,300,success_first,0.058333333333333334
i1,raw_history,111,0.0,6,300,fail_open,0.9005555555555556
i1,raw_history,111,0.0,6,300,refusal,0.04111111111111111
i1,raw_history,111,0.0,6,300,hazard_hits,5.442777777777778
i1,raw_history,111,0.0,6,300,duplicate_rate,0.016073478760045924
i1,raw_history,111,0.0,6,300,wire_bits,556752.0
i1,raw_history,111,0.0,6,300,memory_bits,452378.3333333333
i1,raw_history,111,0.0,6,300,match_ops,1240281.3333333333
i1,raw_history,100,0.0,6,300,group_cost.fragile,154.29555555555555
i1,raw_history,100,0.0,6,300,group_cost.robust,204.62555555555556
i1,raw_history,100,0.0,6,300,success_first,0.05388888888888889
i1,raw_history,100,0.0,6,300,fail_open,0.8994444444444445
i1,raw_history,100,0.0,6,300,refusal,0.04666666666666667
i1,raw_history,100,0.0,6,300,hazard_hits,5.623333333333333
i1,raw_history,100,0.0,6,300,duplicate_rate,0.01897642323174238
i1,raw_history,100,0.0,6,300,wire_bits,440184.0
i1,raw_history,100,0.0,6,300,memory_bits,359770.6666666667
i1,raw_history,100,0.0,6,300,match_ops,1168158.6666666667
i1,raw_history,101,0.0,6,300,group_cost.fragile,154.15222222222224
i1,raw_history,101,0.0,6,300,group_cost.robust,200.4111111111111
i1,raw_history,101,0.0,6,300,success_first,0.04833333333333333
i1,raw_history,101,0.0,6,300,fail_open,0.9105555555555556
i1,raw_history,101,0.0,6,300,refusal,0.04111111111111111
i1,raw_history,101,0.0,6,300,hazard_hits,5.502777777777778
i1,raw_history,101,0.0,6,300,duplicate_rate,0.017201834862385322
i1,raw_history,101,0.0,6,300,wire_bits,440074.0
i1,raw_history,101,0.0,6,300,memory_bits,359831.0
i1,raw_history,101,0.0,6,300,match_ops,1209953.3333333333
i1,raw_history,102,0.0,6,300,group_cost.fragile,159.0677777777778
i1,raw_history,102,0.0,6,300,group_cost.robust,204.2411111111111
i1,raw_history,102,0.0,6,300,success_first,0.051111111111111114
i1,raw_history,102,0.0,6,300,fail_open,0.9061111111111111
i1,raw_history,102,0.0,6,300,refusal,0.042777777777777776
i1,raw_history,102,0.0,6,300,hazard_hits,5.753888888888889
i1,raw_history,102,0.0,6,300,duplicate_rate,0.017846862406447898
i1,raw_history,102,0.0,6,300,wire_bits,440192.0
i1,raw_history,102,0.0,6,300,memory_bits,359786.3333333333
i1,raw_history,102,0.0,6,300,match_ops,1216577.0
i1,raw_history,103,0.0,6,300,group_cost.fragile,164.81444444444443
i1,raw_history,103,0.0,6,300,group_cost.robust,206.36444444444444
i1,raw_history,103,0.0,6,300,success_first,0.05444444444444444
i1,raw_history,103,0.0,6,300,fail_open,0.9077777777777778
i1,raw_history,103,0.0,6,300,refusal,0.03777777777777778
i1,raw_history,103,0.0,6,300,hazard_hits,5.848333333333334
i1,raw_history,103,0.0,6,300,duplicate_rate,0.01834862385321101
i1,raw_history,103,0.0,6,300,wire_bits,440308.0
i1,raw_history,103,0.0,6,300,memory_bits,359884.0
i1,raw_history,103,0.0,6,300,match_ops,1191056.0
i1,raw_history,104,0.0,6,300,group_cost.fragile,160.15222222222224
i1,raw_history,104,0.0,6,300,group_cost.robust,197.72666666666666
i1,raw_history,104,0.0,6,300,success_first,0.06055555555555556
i1,raw_history,104,0.0,6,300,fail_open,0.8933333333333333
i1,raw_history,104,0.0,6,300,refusal,0.04611111111111111
i1,raw_history,104,0.0,6,300,hazard_hits,5.543333333333333
i1,raw_history,104,0.0,6,300,duplicate_rate,0.022465437788018433
i1,raw_history,104,0.0,6,300,wire_bits,440296.0
i1,raw_history,104,0.0,6,300,memory_bits,359886.0
i1,raw_history,104,0.0,6,300,match_ops,1188117.0
i1,raw_history,105,0.0,6,300,group_cost.fragile,154.35222222222222
i1,raw_history,105,0.0,6,300,group_cost.robust,201.26444444444445
i1,raw_history,105,0.0,6,300,success_first,0.05611111111111111
i1,raw_history,105,0.0,6,300,fail_open,0.8938888888888888
i1,raw_history,105,0.0,6,300,refusal,0.05
i1,raw_history,105,0.0,6,300,hazard_hits,5.578333333333333
i1,raw_history,105,0.0,6,300,duplicate_rate,0.01740139211136891
i1,raw_history,105,0.0,6,300,wire_bits,440034.0
i1,raw_history,105,0.0,6,300,memory_bits,359848.0
i1,raw_history,105,0.0,6,300,match_ops,1221203.3333333333
i1,raw_history,106,0.0,6,300,group_cost.fragile,160.50444444444443
i1,raw_history,106,0.0,6,300,group_cost.robust,191.70222222222222
i1,raw_history,106,0.0,6,300,success_first,0.05388888888888889
i1,raw_history,106,0.0,6,300,fail_open,0.9061111111111111
i1,raw_history,106,0.0,6,300,refusal,0.04
i1,raw_history,106,0.0,6,300,hazard_hits,5.511111111111111
i1,raw_history,106,0.0,6,300,duplicate_rate,0.013172966781214204
i1,raw_history,106,0.0,6,300,wire_bits,440198.0
i1,raw_history,106,0.0,6,300,memory_bits,359793.6666666667
i1,raw_history,106,0.0,6,300,match_ops,1202886.6666666667
i1,raw_history,107,0.0,6,300,group_cost.fragile,162.4988888888889
i1,raw_history,107,0.0,6,300,group_cost.robust,197.77333333333334
i1,raw_history,107,0.0,6,300,success_first,0.06277777777777778
i1,raw_history,107,0.0,6,300,fail_open,0.8877777777777778
i1,raw_history,107,0.0,6,300,refusal,0.049444444444444444
i1,raw_history,107,0.0,6,300,hazard_hits,5.666111111111111
i1,raw_history,107,0.0,6,300,duplicate_rate,0.01440922190201729
i1,raw_history,107,0.0,6,300,wire_bits,440324.0
i1,raw_history,107,0.0,6,300,memory_bits,359841.0
i1,raw_history,107,0.0,6,300,match_ops,1186960.3333333333
i1,raw_history,108,0.0,6,300,group_cost.fragile,157.48333333333332
i1,raw_history,108,0.0,6,300,group_cost.robust,205.70555555555555
i1,raw_history,108,0.0,6,300,success_first,0.05555555555555555
i1,raw_history,108,0.0,6,300,fail_open,0.9083333333333333
i1,raw_history,108,0.0,6,300,refusal,0.03611111111111111
i1,raw_history,108,0.0,6,300,hazard_hits,5.509444444444444
i1,raw_history,108,0.0,6,300,duplicate_rate,0.01778542742398164
i1,raw_history,108,0.0,6,300,wire_bits,440252.0
i1,raw_history,108,0.0,6,300,memory_bits,359819.3333333333
i1,raw_history,108,0.0,6,300,match_ops,1194698.6666666667
i1,raw_history,109,0.0,6,300,group_cost.fragile,157.1677777777778
i1,raw_history,109,0.0,6,300,group_cost.robust,198.23777777777778
i1,raw_history,109,0.0,6,300,success_first,0.05333333333333334
i1,raw_history,109,0.0,6,300,fail_open,0.8988888888888888
i1,raw_history,109,0.0,6,300,refusal,0.04777777777777778
i1,raw_history,109,0.0,6,300,hazard_hits,5.620555555555556
i1,raw_history,109,0.0,6,300,duplicate_rate,0.019687319050376375
i1,raw_history,109,0.0,6,300,wire_bits,440000.0
i1,raw_history,109,0.0,6,300,memory_bits,359902.3333333333
i1,raw_history,109,0.0,6,300,match_ops,1172466.0
i1,raw_history,110,0.0,6,300,group_cost.fragile,159.19222222222223
i1,raw_history,110,0.0,6,300,group_cost.robust,195.0822222222222
i1,raw_history,110,0.0,6,300,success_first,0.057777777777777775
i1,raw_history,110,0.0,6,300,fail_open,0.9044444444444445
i1,raw_history,110,0.0,6,300,refusal,0.03777777777777778
i1,raw_history,110,0.0,6,300,hazard_hits,5.413333333333333
i1,raw_history,110,0.0,6,300,duplicate_rate,0.0189328743545611
i1,raw_history,110,0.0,6,300,wire_bits,440258.0
i1,raw_history,110,0.0,6,300,memory_bits,359799.0
i1,raw_history,110,0.0,6,300,match_ops,1177637.0
i1,raw_history,111,0.0,6,300,group_cost.fragile,161.01444444444445
i1,raw_history,111,0.0,6,300,group_cost.robust,195.76777777777778
i1,raw_history,111,0.0,6,300,success_first,0.05555555555555555
i1,raw_history,111,0.0,6,300,fail_open,0.9033333333333333
i1,raw_history,111,0.0,6,300,refusal,0.04111111111111111
i1,raw_history,111,0.0,6,300,hazard_hits,5.474444444444444
i1,raw_history,111,0.0,6,300,duplicate_rate,0.016647531572904706
i1,raw_history,111,0.0,6,300,wire_bits,440248.0
i1,raw_history,111,0.0,6,300,memory_bits,359838.6666666667
i1,raw_history,111,0.0,6,300,match_ops,1177184.6666666667
i1,raw_history,100,0.0,6,300,group_cost.fragile,153.23444444444445
i1,raw_history,100,0.0,6,300,group_cost.robust,206.21444444444444
i1,raw_history,100,0.0,6,300,success_first,0.055
i1,raw_history,100,0.0,6,300,fail_open,0.8983333333333333
i1,raw_history,100,0.0,6,300,refusal,0.04666666666666667
i1,raw_history,100,0.0,6,300,hazard_hits,5.573888888888889
i1,raw_history,100,0.0,6,300,duplicate_rate,0.017826336975273145
i1,raw_history,100,0.0,6,300,wire_bits,550784.0
i1,raw_history,100,0.0,6,300,memory_bits,451400.0
i1,raw_history,100,0.0,6,300,match_ops,1225345.6666666667
i1,raw_history,101,0.0,6,300,group_cost.fragile,156.63888888888889
i1,raw_history,101,0.0,6,300,group_cost.robust,200.4177777777778
i1,raw_history,101,0.0,6,300,success_first,0.05388888888888889
i1,raw_history,101,0.0,6,300,fail_open,0.905
i1,raw_history,101,0.0,6,300,refusal,0.04111111111111111
i1,raw_history,101,0.0,6,300,hazard_hits,5.516666666666667
i1,raw_history,101,0.0,6,300,duplicate_rate,0.01834862385321101
i1,raw_history,101,0.0,6,300,wire_bits,556178.0
i1,raw_history,101,0.0,6,300,memory_bits,462358.6666666667
i1,raw_history,101,0.0,6,300,match_ops,1286600.3333333333
i1,raw_history,102,0.0,6,300,group_cost.fragile,158.3788888888889
i1,raw_history,102,0.0,6,300,group_cost.robust,204.4488888888889
i1,raw_history,102,0.0,6,300,success_first,0.051111111111111114
i1,raw_history,102,0.0,6,300,fail_open,0.9066666666666666
i1,raw_history,102,0.0,6,300,refusal,0.042222222222222223
i1,raw_history,102,0.0,6,300,hazard_hits,5.704444444444444
i1,raw_history,102,0.0,6,300,duplicate_rate,0.01669545192861255
i1,raw_history,102,0.0,6,300,wire_bits,556744.0
i1,raw_history,102,0.0,6,300,memory_bits,461914.6666666667
i1,raw_history,102,0.0,6,300,match_ops,1292282.3333333333
i1,raw_history,103,0.0,6,300,group_cost.fragile,165.98555555555555
i1,raw_history,103,0.0,6,300,group_cost.robust,208.41
i1,raw_history,103,0.0,6,300,success_first,0.05333333333333334
i1,raw_history,103,0.0,6,300,fail_open,0.9088888888888889
i1,raw_history,103,0.0,6,300,refusal,0.03777777777777778
i1,raw_history,103,0.0,6,300,hazard_hits,5.8533333333333335
i1,raw_history,103,0.0,6,300,duplicate_rate,0.0194954128440367
i1,raw_history,103,0.0,6,300,wire_bits,549536.0
i1,raw_history,103,0.0,6,300,memory_bits,456789.0
i1,raw_history,103,0.0,6,300,match_ops,1257786.0
i1,raw_history,104,0.0,6,300,group_cost.fragile,161.9188888888889
i1,raw_history,104,0.0,6,300,group_cost.robust,199.45666666666668
i1,raw_history,104,0.0,6,300,success_first,0.058333333333333334
i1,raw_history,104,0.0,6,300,fail_open,0.8955555555555555
i1,raw_history,104,0.0,6,300,refusal,0.04611111111111111
i1,raw_history,104,0.0,6,300,hazard_hits,5.59
i1,raw_history,104,0.0,6,300,duplicate_rate,0.02131336405529954
i1,raw_history,104,0.0,6,300,wire_bits,554434.0
i1,raw_history,104,0.0,6,300,memory_bits,450683.0
i1,raw_history,104,0.0,6,300,match_ops,1247312.3333333333
i1,raw_history,105,0.0,6,300,group_cost.fragile,153.77666666666667
i1,raw_history,105,0.0,6,300,group_cost.robust,203.52444444444444
i1,raw_history,105,0.0,6,300,success_first,0.05444444444444444
i1,raw_history,105,0.0,6,300,fail_open,0.8955555555555555
i1,raw_history,105,0.0,6,300,refusal,0.05
i1,raw_history,105,0.0,6,300,hazard_hits,5.511111111111111
i1,raw_history,105,0.0,6,300,duplicate_rate,0.017981438515081206
i1,raw_history,105,0.0,6,300,wire_bits,562252.0
i1,raw_history,105,0.0,6,300,memory_bits,472753.0
i1,raw_history,105,0.0,6,300,match_ops,1305501.3333333333
i1,raw_history,106,0.0,6,300,group_cost.fragile,160.34777777777776
i1,raw_history,106,0.0,6,300,group_cost.robust,193.37777777777777
i1,raw_history,106,0.0,6,300,success_first,0.055
i1,raw_history,106,0.0,6,300,fail_open,0.905
i1,raw_history,106,0.0,6,300,refusal,0.04
i1,raw_history,106,0.0,6,300,hazard_hits,5.492222222222222
i1,raw_history,106,0.0,6,300,duplicate_rate,0.013745704467353952
i1,raw_history,106,0.0,6,300,wire_bits,558746.0
i1,raw_history,106,0.0,6,300,memory_bits,463634.6666666667
i1,raw_history,106,0.0,6,300,match_ops,1275404.0
i1,raw_history,107,0.0,6,300,group_cost.fragile,161.75333333333333
i1,raw_history,107,0.0,6,300,group_cost.robust,196.97444444444446
i1,raw_history,107,0.0,6,300,success_first,0.06055555555555556
i1,raw_history,107,0.0,6,300,fail_open,0.89
i1,raw_history,107,0.0,6,300,refusal,0.049444444444444444
i1,raw_history,107,0.0,6,300,hazard_hits,5.629444444444444
i1,raw_history,107,0.0,6,300,duplicate_rate,0.014985590778097982
i1,raw_history,107,0.0,6,300,wire_bits,556236.0
i1,raw_history,107,0.0,6,300,memory_bits,449394.6666666667
i1,raw_history,107,0.0,6,300,match_ops,1247211.0
i1,raw_history,108,0.0,6,300,group_cost.fragile,158.19555555555556
i1,raw_history,108,0.0,6,300,group_cost.robust,206.83444444444444
i1,raw_history,108,0.0,6,300,success_first,0.06055555555555556
i1,raw_history,108,0.0,6,300,fail_open,0.9033333333333333
i1,raw_history,108,0.0,6,300,refusal,0.03611111111111111
i1,raw_history,108,0.0,6,300,hazard_hits,5.470555555555555
i1,raw_history,108,0.0,6,300,duplicate_rate,0.020654044750430294
i1,raw_history,108,0.0,6,300,wire_bits,552632.0
i1,raw_history,108,0.0,6,300,memory_bits,456419.6666666667
i1,raw_history,108,0.0,6,300,match_ops,1262968.6666666667
i1,raw_history,109,0.0,6,300,group_cost.fragile,159.09222222222223
i1,raw_history,109,0.0,6,300,group_cost.robust,198.4188888888889
i1,raw_history,109,0.0,6,300,success_first,0.051111111111111114
i1,raw_history,109,0.0,6,300,fail_open,0.9011111111111111
i1,raw_history,109,0.0,6,300,refusal,0.04777777777777778
i1,raw_history,109,0.0,6,300,hazard_hits,5.608888888888889
i1,raw_history,109,0.0,6,300,duplicate_rate,0.01910828025477707
i1,raw_history,109,0.0,6,300,wire_bits,553174.0
i1,raw_history,109,0.0,6,300,memory_bits,453570.3333333333
i1,raw_history,109,0.0,6,300,match_ops,1232212.3333333333
i1,raw_history,110,0.0,6,300,group_cost.fragile,162.42666666666668
i1,raw_history,110,0.0,6,300,group_cost.robust,198.58666666666667
i1,raw_history,110,0.0,6,300,success_first,0.058888888888888886
i1,raw_history,110,0.0,6,300,fail_open,0.9033333333333333
i1,raw_history,110,0.0,6,300,refusal,0.03777777777777778
i1,raw_history,110,0.0,6,300,hazard_hits,5.502222222222223
i1,raw_history,110,0.0,6,300,duplicate_rate,0.020080321285140562
i1,raw_history,110,0.0,6,300,wire_bits,554140.0
i1,raw_history,110,0.0,6,300,memory_bits,450727.0
i1,raw_history,110,0.0,6,300,match_ops,1238803.3333333333
i1,raw_history,111,0.0,6,300,group_cost.fragile,159.94333333333333
i1,raw_history,111,0.0,6,300,group_cost.robust,196.65333333333334
i1,raw_history,111,0.0,6,300,success_first,0.058333333333333334
i1,raw_history,111,0.0,6,300,fail_open,0.9005555555555556
i1,raw_history,111,0.0,6,300,refusal,0.04111111111111111
i1,raw_history,111,0.0,6,300,hazard_hits,5.442777777777778
i1,raw_history,111,0.0,6,300,duplicate_rate,0.016073478760045924
i1,raw_history,111,0.0,6,300,wire_bits,556752.0
i1,raw_history,111,0.0,6,300,memory_bits,452378.3333333333
i1,raw_history,111,0.0,6,300,match_ops,1240281.3333333333
i1,songline_full,100,0.0,6,300,group_cost.fragile,123.97666666666667
i1,songline_full,100,0.0,6,300,group_cost.robust,130.57
i1,songline_full,100,0.0,6,300,success_first,0.075
i1,songline_full,100,0.0,6,300,fail_open,0.6927777777777778
i1,songline_full,100,0.0,6,300,refusal,0.23222222222222222
i1,songline_full,100,0.0,6,300,hazard_hits,5.38
i1,songline_full,100,0.0,6,300,duplicate_rate,0.0
i1,songline_full,100,0.0,6,300,wire_bits,440254.0
i1,songline_full,100,0.0,6,300,memory_bits,360130.0
i1,songline_full,100,0.0,6,300,match_ops,197874.5
i1,songline_full,101,0.0,6,300,group_cost.fragile,117.86555555555556
i1,songline_full,101,0.0,6,300,group_cost.robust,123.38333333333334
i1,songline_full,101,0.0,6,300,success_first,0.08277777777777778
i1,songline_full,101,0.0,6,300,fail_open,0.6972222222222222
i1,songline_full,101,0.0,6,300,refusal,0.22
i1,songline_full,101,0.0,6,300,hazard_hits,4.9783333333333335
i1,songline_full,101,0.0,6,300,duplicate_rate,0.0
i1,songline_full,101,0.0,6,300,wire_bits,436120.0
i1,songline_full,101,0.0,6,300,memory_bits,358549.6666666667
i1,songline_full,101,0.0,6,300,match_ops,209896.66666666666
i1,songline_full,102,0.0,6,300,group_cost.fragile,116.53333333333333
i1,songline_full,102,0.0,6,300,group_cost.robust,124.20666666666666
i1,songline_full,102,0.0,6,300,success_first,0.085
i1,songline_full,102,0.0,6,300,fail_open,0.6827777777777778
i1,songline_full,102,0.0,6,300,refusal,0.23222222222222222
i1,songline_full,102,0.0,6,300,hazard_hits,4.931666666666667
i1,songline_full,102,0.0,6,300,duplicate_rate,0.0
i1,songline_full,102,0.0,6,300,wire_bits,436058.0
i1,songline_full,102,0.0,6,300,memory_bits,359939.0
i1,songline_full,102,0.0,6,300,match_ops,202042.66666666666
i1,songline_full,103,0.0,6,300,group_cost.fragile,117.83666666666667
i1,songline_full,103,0.0,6,300,group_cost.robust,127.37
i1,songline_full,103,0.0,6,300,success_first,0.09
i1,songline_full,103,0.0,6,300,fail_open,0.6672222222222223
i1,songline_full,103,0.0,6,300,refusal,0.2427777777777778
i1,songline_full,103,0.0,6,300,hazard_hits,5.183333333333334
i1,songline_full,103,0.0,6,300,duplicate_rate,0.0
i1,songline_full,103,0.0,6,300,wire_bits,440038.0
i1,songline_full,103,0.0,6,300,memory_bits,361979.3333333333
i1,songline_full,103,0.0,6,300,match_ops,207825.66666666666
i1,songline_full,104,0.0,6,300,group_cost.fragile,118.59333333333333
i1,songline_full,104,0.0,6,300,group_cost.robust,128.2188888888889
i1,songline_full,104,0.0,6,300,success_first,0.09722222222222222
i1,songline_full,104,0.0,6,300,fail_open,0.6777777777777778
i1,songline_full,104,0.0,6,300,refusal,0.225
i1,songline_full,104,0.0,6,300,hazard_hits,5.0744444444444445
i1,songline_full,104,0.0,6,300,duplicate_rate,0.0
i1,songline_full,104,0.0,6,300,wire_bits,438114.0
i1,songline_full,104,0.0,6,300,memory_bits,363389.0
i1,songline_full,104,0.0,6,300,match_ops,208779.0
i1,songline_full,105,0.0,6,300,group_cost.fragile,117.22777777777777
i1,songline_full,105,0.0,6,300,group_cost.robust,117.88888888888889
i1,songline_full,105,0.0,6,300,success_first,0.0811111111111111
i1,songline_full,105,0.0,6,300,fail_open,0.6933333333333334
i1,songline_full,105,0.0,6,300,refusal,0.22555555555555556
i1,songline_full,105,0.0,6,300,hazard_hits,4.814444444444445
i1,songline_full,105,0.0,6,300,duplicate_rate,0.0
i1,songline_full,105,0.0,6,300,wire_bits,434706.0
i1,songline_full,105,0.0,6,300,memory_bits,360846.3333333333
i1,songline_full,105,0.0,6,300,match_ops,203148.83333333334
i1,songline_full,106,0.0,6,300,group_cost.fragile,123.27
i1,songline_full,106,0.0,6,300,group_cost.robust,119.83777777777777
i1,songline_full,106,0.0,6,300,success_first,0.08277777777777778
i1,songline_full,106,0.0,6,300,fail_open,0.6838888888888889
i1,songline_full,106,0.0,6,300,refusal,0.23333333333333334
i1,songline_full,106,0.0,6,300,hazard_hits,4.977777777777778
i1,songline_full,106,0.0,6,300,duplicate_rate,0.0
i1,songline_full,106,0.0,6,300,wire_bits,438962.0
i1,songline_full,106,0.0,6,300,memory_bits,360611.6666666667
i1,songline_full,106,0.0,6,300,match_ops,229846.0
i1,songline_full,107,0.0,6,300,group_cost.fragile,124.08777777777777
i1,songline_full,107,0.0,6,300,group_cost.robust,121.18222222222222
i1,songline_full,107,0.0,6,300,success_first,0.09277777777777778
i1,songline_full,107,0.0,6,300,fail_open,0.6933333333333334
i1,songline_full,107,0.0,6,300,refusal,0.21388888888888888
i1,songline_full,107,0.0,6,300,hazard_hits,5.098888888888889
i1,songline_full,107,0.0,6,300,duplicate_rate,0.0
i1,songline_full,107,0.0,6,300,wire_bits,429886.0
i1,songline_full,107,0.0,6,300,memory_bits,348541.6666666667
i1,songline_full,107,0.0,6,300,match_ops,220198.0
i1,songline_full,108,0.0,6,300,group_cost.fragile,123.9811111111111
i1,songline_full,108,0.0,6,300,group_cost.robust,126.63111111111111
i1,songline_full,108,0.0,6,300,success_first,0.07777777777777778
i1,songline_full,108,0.0,6,300,fail_open,0.6944444444444444
i1,songline_full,108,0.0,6,300,refusal,0.22777777777777777
i1,songline_full,108,0.0,6,300,hazard_hits,5.2444444444444445
i1,songline_full,108,0.0,6,300,duplicate_rate,0.0
i1,songline_full,108,0.0,6,300,wire_bits,440748.0
i1,songline_full,108,0.0,6,300,memory_bits,359476.6666666667
i1,songline_full,108,0.0,6,300,match_ops,195859.66666666666
i1,songline_full,109,0.0,6,300,group_cost.fragile,119.39222222222222
i1,songline_full,109,0.0,6,300,group_cost.robust,129.1
i1,songline_full,109,0.0,6,300,success_first,0.08333333333333333
i1,songline_full,109,0.0,6,300,fail_open,0.6577777777777778
i1,songline_full,109,0.0,6,300,refusal,0.2588888888888889
i1,songline_full,109,0.0,6,300,hazard_hits,5.203333333333333
i1,songline_full,109,0.0,6,300,duplicate_rate,0.0
i1,songline_full,109,0.0,6,300,wire_bits,436504.0
i1,songline_full,109,0.0,6,300,memory_bits,362401.3333333333
i1,songline_full,109,0.0,6,300,match_ops,206138.5
i1,songline_full,110,0.0,6,300,group_cost.fragile,116.19
i1,songline_full,110,0.0,6,300,group_cost.robust,124.27555555555556
i1,songline_full,110,0.0,6,300,success_first,0.085
i1,songline_full,110,0.0,6,300,fail_open,0.6822222222222222
i1,songline_full,110,0.0,6,300,refusal,0.23277777777777778
i1,songline_full,110,0.0,6,300,hazard_hits,4.972222222222222
i1,songline_full,110,0.0,6,300,duplicate_rate,0.0
i1,songline_full,110,0.0,6,300,wire_bits,436730.0
i1,songline_full,110,0.0,6,300,memory_bits,364462.0
i1,songline_full,110,0.0,6,300,match_ops,204818.5
i1,songline_full,111,0.0,6,300,group_cost.fragile,119.20222222222222
i1,songline_full,111,0.0,6,300,group_cost.robust,121.17222222222222
i1,songline_full,111,0.0,6,300,success_first,0.09166666666666666
i1,songline_full,111,0.0,6,300,fail_open,0.6972222222222222
i1,songline_full,111,0.0,6,300,refusal,0.2111111111111111
i1,songline_full,111,0.0,6,300,hazard_hits,4.945555555555556
i1,songline_full,111,0.0,6,300,duplicate_rate,0.0
i1,songline_full,111,0.0,6,300,wire_bits,432808.0
i1,songline_full,111,0.0,6,300,memory_bits,362557.0
i1,songline_full,111,0.0,6,300,match_ops,220451.5
i1,raw_history,100,0.0,4,10,group_cost.fragile,113.7
i1,raw_history,100,0.0,4,10,group_cost.robust,133.2
i1,raw_history,100,0.0,4,10,success_first,0.1
i1,raw_history,100,0.0,4,10,fail_open,0.3
i1,raw_history,100,0.0,4,10,refusal,0.6
i1,raw_history,100,0.0,4,10,hazard_hits,5.475
i1,raw_history,100,0.0,4,10,duplicate_rate,0.0625
i1,raw_history,100,0.0,4,10,wire_bits,10908.0
i1,raw_history,100,0.0,4,10,memory_bits,11680.5
i1,raw_history,100,0.0,4,10,match_ops,666.5
bench,decision_centric,100,,,,group_cost.fragile,121.625
bench,decision_centric,100,,,,group_cost.robust,138.70833333333334
bench,decision_centric,100,,,,team_cost,130.16666666666669
bench,decision_centric,100,,,,success_first,0.10416666666666667
bench,decision_centric,100,,,,fail_open,0.3125
bench,decision_centric,100,,,,duplicate_rate,0.05
bench,decision_centric,100,,,,wire_bits,5250.0
bench,decision_centric,100,,,,memory_bits,4127.5
bench,execution_path,100,,,,group_cost.fragile,114.41666666666667
bench,execution_path,100,,,,group_cost.robust,150.29166666666666
bench,execution_path,100,,,,team_cost,132.35416666666666
bench,execution_path,100,,,,success_first,0.10416666666666667
bench,execution_path,100,,,,fail_open,0.2916666666666667
bench,execution_path,100,,,,duplicate_rate,0.10526315789473684
bench,execution_path,100,,,,wire_bits,4888.0
bench,execution_path,100,,,,memory_bits,4612.5
bench,graph_memory,100,,,,group_cost.fragile,143.875
bench,graph_memory,100,,,,group_cost.robust,168.83333333333334
bench,graph_memory,100,,,,team_cost,156.35416666666669
bench,graph_memory,100,,,,success_first,0.041666666666666664
bench,graph_memory,100,,,,fail_open,0.1875
bench,graph_memory,100,,,,duplicate_rate,0.09090909090909091
bench,graph_memory,100,,,,wire_bits,6802.0
bench,graph_memory,100,,,,memory_bits,6533.5
bench,independent,100,,,,group_cost.fragile,156.95833333333334
bench,independent,100,,,,group_cost.robust,141.66666666666666
bench,independent,100,,,,team_cost,149.3125
bench,independent,100,,,,success_first,0.0625
bench,independent,100,,,,fail_open,0.125
bench,independent,100,,,,duplicate_rate,0.1
bench,independent,100,,,,wire_bits,0.0
bench,independent,100,,,,memory_bits,5016.0
bench,learned_formation,100,,,,group_cost.fragile,111.91666666666667
bench,learned_formation,100,,,,group_cost.robust,129.41666666666666
bench,learned_formation,100,,,,team_cost,120.66666666666666
bench,learned_formation,100,,,,success_first,0.10416666666666667
bench,learned_formation,100,,,,fail_open,0.3125
bench,learned_formation,100,,,,duplicate_rate,0.05
bench,learned_formation,100,,,,wire_bits,5338.0
bench,learned_formation,100,,,,memory_bits,5605.0
bench,songline_full,100,,,,group_cost.fragile,156.95833333333334
bench,songline_full,100,,,,group_cost.robust,133.66666666666666
bench,songline_full,100,,,,team_cost,145.3125
bench,songline_full,100,,,,success_first,0.0625
bench,songline_full,100,,,,fail_open,0.125
bench,songline_full,100,,,,duplicate_rate,0.1111111111111111
bench,songline_full,100,,,,wire_bits,8842.0
bench,songline_full,100,,,,memory_bits,9569.0
c1,independent,100,,,,group_cost.fragile,255.09074228763316
c1,independent,100,,,,group_cost.robust,81.57196893746199
c1,independent,100,,,,success_first,0.065
c1,independent,100,,,,fail_open_final,0.857032457496136
c1,independent,100,,,,hazard_hits,18.961666666666666
c1,independent,100,,,,duplicate_rate,0.01777434312210201
c1,independent,100,,,,wire_bits,0.0
c1,independent,100,,,,memory_bits,114640.33333333333
c1,independent,101,,,,group_cost.fragile,251.77978531899714
c1,independent,101,,,,group_cost.robust,78.24937671372224
c1,independent,101,,,,success_first,0.07777777777777778
c1,independent,101,,,,fail_open_final,0.8390712570056045
c1,independent,101,,,,hazard_hits,18.40888888888889
c1,independent,101,,,,duplicate_rate,0.013610888710968775
c1,independent,101,,,,wire_bits,0.0
c1,independent,101,,,,memory_bits,112947.33333333333
c1,independent,102,,,,group_cost.fragile,260.4309414792176
c1,independent,102,,,,group_cost.robust,80.77125392463608
c1,independent,102,,,,success_first,0.08222222222222222
c1,independent,102,,,,fail_open_final,0.8378170637970792
c1,independent,102,,,,hazard_hits,19.114444444444445
c1,independent,102,,,,duplicate_rate,0.013066871637202153
c1,independent,102,,,,wire_bits,0.0
c1,independent,102,,,,memory_bits,112714.33333333333
c1,independent,103,,,,group_cost.fragile,244.517935551326
c1,independent,103,,,,group_cost.robust,82.1701783666208
c1,independent,103,,,,success_first,0.06777777777777778
c1,independent,103,,,,fail_open_final,0.8571428571428571
c1,independent,103,,,,hazard_hits,18.629444444444445
c1,independent,103,,,,duplicate_rate,0.013975155279503106
c1,independent,103,,,,wire_bits,0.0
c1,independent,103,,,,memory_bits,111975.0
c1,independent,104,,,,group_cost.fragile,253.55328335690814
c1,independent,104,,,,group_cost.robust,78.78876280795369
c1,independent,104,,,,success_first,0.07722222222222222
c1,independent,104,,,,fail_open_final,0.8508420208500401
c1,independent,104,,,,hazard_hits,18.63
c1,independent,104,,,,duplicate_rate,0.010425020048115477
c1,independent,104,,,,wire_bits,0.0
c1,independent,104,,,,memory_bits,111090.66666666667
c1,independent,105,,,,group_cost.fragile,254.5288186198652
c1,independent,105,,,,group_cost.robust,80.33857396257258
c1,independent,105,,,,success_first,0.07722222222222222
c1,independent,105,,,,fail_open_final,0.8353941267387944
c1,independent,105,,,,hazard_hits,18.774444444444445
c1,independent,105,,,,duplicate_rate,0.013910355486862442
c1,independent,105,,,,wire_bits,0.0
c1,independent,105,,,,memory_bits,113421.0
c1,independent,106,,,,group_cost.fragile,270.55432533030574
c1,independent,106,,,,group_cost.robust,75.80670831368143
c1,independent,106,,,,success_first,0.0661111111111111
c1,independent,106,,,,fail_open_final,0.8534072900158478
c1,independent,106,,,,hazard_hits,19.003888888888888
c1,independent,106,,,,duplicate_rate,0.011885895404120444
c1,independent,106,,,,wire_bits,0.0
c1,independent,106,,,,memory_bits,113877.66666666667
c1,independent,107,,,,group_cost.fragile,261.3686361118975
c1,independent,107,,,,group_cost.robust,80.79831667688138
c1,independent,107,,,,success_first,0.07611111111111112
c1,independent,107,,,,fail_open_final,0.8426966292134831
c1,independent,107,,,,hazard_hits,19.113888888888887
c1,independent,107,,,,duplicate_rate,0.013643659711075442
c1,independent,107,,,,wire_bits,0.0
c1,independent,107,,,,memory_bits,112307.33333333333
c1,independent,108,,,,group_cost.fragile,258.79254636940186
c1,independent,108,,,,group_cost.robust,78.50313387864813
c1,independent,108,,,,success_first,0.07166666666666667
c1,independent,108,,,,fail_open_final,0.8486789431545236
c1,independent,108,,,,hazard_hits,18.789444444444445
c1,independent,108,,,,duplicate_rate,0.01200960768614892
c1,independent,108,,,,wire_bits,0.0
c1,independent,108,,,,memory_bits,110241.66666666667
c1,independent,109,,,,group_cost.fragile,265.0759689290458
c1,independent,109,,,,group_cost.robust,80.85209786689414
c1,independent,109,,,,success_first,0.07555555555555556
c1,independent,109,,,,fail_open_final,0.8461538461538461
c1,independent,109,,,,hazard_hits,19.385
c1,independent,109,,,,duplicate_rate,0.01020408163265306
c1,independent,109,,,,wire_bits,0.0
c1,independent,109,,,,memory_bits,113884.0
c1,independent,110,,,,group_cost.fragile,247.87596380239592
c1,independent,110,,,,group_cost.robust,77.18903048345722
c1,independent,110,,,,success_first,0.08722222222222223
c1,independent,110,,,,fail_open_final,0.8189863234111022
c1,independent,110,,,,hazard_hits,18.250555555555554
c1,independent,110,,,,duplicate_rate,0.014481094127111826
c1,independent,110,,,,wire_bits,0.0
c1,independent,110,,,,memory_bits,116648.33333333333
c1,independent,111,,,,group_cost.fragile,257.70062634432765
c1,independent,111,,,,group_cost.robust,80.22876580798052
c1,independent,111,,,,success_first,0.08555555555555555
c1,independent,111,,,,fail_open_final,0.825287356321839
c1,independent,111,,,,hazard_hits,18.903333333333332
c1,independent,111,,,,duplicate_rate,0.013026819923371647
c1,independent,111,,,,wire_bits,0.0
c1,independent,111,,,,memory_bits,112036.0
c1,songline_full,100,,,,group_cost.fragile,235.67119969854525
c1,songline_full,100,,,,group_cost.robust,74.20846839702513
c1,songline_full,100,,,,success_first,0.10111111111111111
c1,songline_full,100,,,,fail_open_final,0.7643835616438356
c1,songline_full,100,,,,hazard_hits,17.864444444444445
c1,songline_full,100,,,,duplicate_rate,0.0
c1,songline_full,100,,,,wire_bits,231558.0
c1,songline_full,100,,,,memory_bits,248032.33333333334
c1,songline_full,101,,,,group_cost.fragile,233.1316047998931
c1,songline_full,101,,,,group_cost.robust,76.46285564058233
c1,songline_full,101,,,,success_first,0.09777777777777778
c1,songline_full,101,,,,fail_open_final,0.7981180496150556
c1,songline_full,101,,,,hazard_hits,17.811666666666667
c1,songline_full,101,,,,duplicate_rate,0.0
c1,songline_full,101,,,,wire_bits,242186.0
c1,songline_full,101,,,,memory_bits,257178.33333333334
c1,songline_full,102,,,,group_cost.fragile,250.04624379274054
c1,songline_full,102,,,,group_cost.robust,72.17762726990274
c1,songline_full,102,,,,success_first,0.10611111111111111
c1,songline_full,102,,,,fail_open_final,0.7870452528837621
c1,songline_full,102,,,,hazard_hits,18.04888888888889
c1,songline_full,102,,,,duplicate_rate,0.0
c1,songline_full,102,,,,wire_bits,231458.0
c1,songline_full,102,,,,memory_bits,250142.33333333334
c1,songline_full,103,,,,group_cost.fragile,237.35734573709846
c1,songline_full,103,,,,group_cost.robust,70.63616218701955
c1,songline_full,103,,,,success_first,0.11222222222222222
c1,songline_full,103,,,,fail_open_final,0.7652099400171379
c1,songline_full,103,,,,hazard_hits,17.232222222222223
c1,songline_full,103,,,,duplicate_rate,0.0
c1,songline_full,103,,,,wire_bits,229198.0
c1,songline_full,103,,,,memory_bits,244331.66666666666
c1,songline_full,104,,,,group_cost.fragile,241.6657811702389
c1,songline_full,104,,,,group_cost.robust,76.96134927443414
c1,songline_full,104,,,,success_first,0.10611111111111111
c1,songline_full,104,,,,fail_open_final,0.7928692699490663
c1,songline_full,104,,,,hazard_hits,18.248333333333335
c1,songline_full,104,,,,duplicate_rate,0.0
c1,songline_full,104,,,,wire_bits,214652.0
c1,songline_full,104,,,,memory_bits,237488.0
c1,songline_full,105,,,,group_cost.fragile,253.31464964769023
c1,songline_full,105,,,,group_cost.robust,75.43910571368541
c1,songline_full,105,,,,success_first,0.10611111111111111
c1,songline_full,105,,,,fail_open_final,0.7735368956743003
c1,songline_full,105,,,,hazard_hits,18.36611111111111
c1,songline_full,105,,,,duplicate_rate,0.0
c1,songline_full,105,,,,wire_bits,231280.0
c1,songline_full,105,,,,memory_bits,249369.0
c1,songline_full,106,,,,group_cost.fragile,252.5913428053668
c1,songline_full,106,,,,group_cost.robust,72.19523546347844
c1,songline_full,106,,,,success_first,0.09944444444444445
c1,songline_full,106,,,,fail_open_final,0.7947826086956522
c1,songline_full,106,,,,hazard_hits,18.093333333333334
c1,songline_full,106,,,,duplicate_rate,0.0
c1,songline_full,106,,,,wire_bits,233262.0
c1,songline_full,106,,,,memory_bits,246777.33333333334
c1,songline_full,107,,,,group_cost.fragile,243.40399356862363
c1,songline_full,107,,,,group_cost.robust,75.4274929106574
c1,songline_full,107,,,,success_first,0.10722222222222222
c1,songline_full,107,,,,fail_open_final,0.7720070422535211
c1,songline_full,107,,,,hazard_hits,18.109444444444446
c1,songline_full,107,,,,duplicate_rate,0.0
c1,songline_full,107,,,,wire_bits,217620.0
c1,songline_full,107,,,,memory_bits,233568.33333333334
c1,songline_full,108,,,,group_cost.fragile,246.83031061130694
c1,songline_full,108,,,,group_cost.robust,75.22307793381006
c1,songline_full,108,,,,success_first,0.10055555555555555
c1,songline_full,108,,,,fail_open_final,0.7943686006825939
c1,songline_full,108,,,,hazard_hits,18.18111111111111
c1,songline_full,108,,,,duplicate_rate,0.0
c1,songline_full,108,,,,wire_bits,230974.0
c1,songline_full,108,,,,memory_bits,249596.66666666666
c1,songline_full,109,,,,group_cost.fragile,252.209039078562
c1,songline_full,109,,,,group_cost.robust,76.46550537741011
c1,songline_full,109,,,,success_first,0.09055555555555556
c1,songline_full,109,,,,fail_open_final,0.8077571669477235
c1,songline_full,109,,,,hazard_hits,18.602777777777778
c1,songline_full,109,,,,duplicate_rate,0.0
c1,songline_full,109,,,,wire_bits,235246.0
c1,songline_full,109,,,,memory_bits,252460.0
c1,songline_full,110,,,,group_cost.fragile,243.94317354916413
c1,songline_full,110,,,,group_cost.robust,74.05050131058967
c1,songline_full,110,,,,success_first,0.10166666666666667
c1,songline_full,110,,,,fail_open_final,0.7844364937388193
c1,songline_full,110,,,,hazard_hits,18.07777777777778
c1,songline_full,110,,,,duplicate_rate,0.0
c1,songline_full,110,,,,wire_bits,252340.0
c1,songline_full,110,,,,memory_bits,264775.0
c1,songline_full,111,,,,group_cost.fragile,246.11354243847975
c1,songline_full,111,,,,group_cost.robust,76.66119410356434
c1,songline_full,111,,,,success_first,0.09333333333333334
c1,songline_full,111,,,,fail_open_final,0.8071895424836601
c1,songline_full,111,,,,hazard_hits,18.235
c1,songline_full,111,,,,duplicate_rate,0.0
c1,songline_full,111,,,,wire_bits,233966.0
c1,songline_full,111,,,,memory_bits,251756.0
c1,songline_safe,100,,,,group_cost.fragile,254.98429343720815
c1,songline_safe,100,,,,group_cost.robust,70.96598990744529
c1,songline_safe,100,,,,success_first,0.04777777777777778
c1,songline_safe,100,,,,fail_open_final,0.1134020618556701
c1,songline_safe,100,,,,hazard_hits,19.394444444444446
c1,songline_safe,100,,,,duplicate_rate,0.0
c1,songline_safe,100,,,,wire_bits,152750.0
c1,songline_safe,100,,,,memory_bits,193818.33333333334
c1,songline_safe,101,,,,group_cost.fragile,251.20473734666118
c1,songline_safe,101,,,,group_cost.robust,70.38436354798478
c1,songline_safe,101,,,,success_first,0.055
c1,songline_safe,101,,,,fail_open_final,0.16806722689075632
c1,songline_safe,101,,,,hazard_hits,19.24222222222222
c1,songline_safe,101,,,,duplicate_rate,0.0
c1,songline_safe,101,,,,wire_bits,169982.0
c1,songline_safe,101,,,,memory_bits,197766.33333333334
c1,songline_safe,102,,,,group_cost.fragile,260.29371438142175
c1,songline_safe,102,,,,group_cost.robust,69.313941890836
c1,songline_safe,102,,,,success_first,0.03611111111111111
c1,songline_safe,102,,,,fail_open_final,0.15584415584415584
c1,songline_safe,102,,,,hazard_hits,19.56
c1,songline_safe,102,,,,duplicate_rate,0.0
c1,songline_safe,102,,,,wire_bits,147510.0
c1,songline_safe,102,,,,memory_bits,187227.66666666666
c1,songline_safe,103,,,,group_cost.fragile,259.63478115390075
c1,songline_safe,103,,,,group_cost.robust,68.9970678737255
c1,songline_safe,103,,,,success_first,0.03944444444444444
c1,songline_safe,103,,,,fail_open_final,0.13414634146341464
c1,songline_safe,103,,,,hazard_hits,19.44333333333333
c1,songline_safe,103,,,,duplicate_rate,0.0
c1,songline_safe,103,,,,wire_bits,161498.0
c1,songline_safe,103,,,,memory_bits,197936.0
c1,songline_safe,104,,,,group_cost.fragile,267.6007444049908
c1,songline_safe,104,,,,group_cost.robust,69.56216759582009
c1,songline_safe,104,,,,success_first,0.043333333333333335
c1,songline_safe,104,,,,fail_open_final,0.16129032258064516
c1,songline_safe,104,,,,hazard_hits,19.730555555555554
c1,songline_safe,104,,,,duplicate_rate,0.0
c1,songline_safe,104,,,,wire_bits,165018.0
c1,songline_safe,104,,,,memory_bits,199229.66666666666
c1,songline_safe,105,,,,group_cost.fragile,257.9257196007981
c1,songline_safe,105,,,,group_cost.robust,71.9965359866479
c1,songline_safe,105,,,,success_first,0.04722222222222222
c1,songline_safe,105,,,,fail_open_final,0.15841584158415842
c1,songline_safe,105,,,,hazard_hits,19.731666666666666
c1,songline_safe,105,,,,duplicate_rate,0.0
c1,songline_safe,105,,,,wire_bits,159594.0
c1,songline_safe,105,,,,memory_bits,194997.0
c1,songline_safe,106,,,,group_cost.fragile,255.13025702715484
c1,songline_safe,106,,,,group_cost.robust,66.80013530287259
c1,songline_safe,106,,,,success_first,0.04611111111111111
c1,songline_safe,106,,,,fail_open_final,0.15306122448979592
c1,songline_safe,106,,,,hazard_hits,18.950555555555557
c1,songline_safe,106,,,,duplicate_rate,0.0
c1,songline_safe,106,,,,wire_bits,157040.0
c1,songline_safe,106,,,,memory_bits,190973.33333333334
c1,songline_safe,107,,,,group_cost.fragile,259.27360698538655
c1,songline_safe,107,,,,group_cost.robust,69.90485889537291
c1,songline_safe,107,,,,success_first,0.057777777777777775
c1,songline_safe,107,,,,fail_open_final,0.168
c1,songline_safe,107,,,,hazard_hits,19.468333333333334
c1,songline_safe,107,,,,duplicate_rate,0.0
c1,songline_safe,107,,,,wire_bits,157146.0
c1,songline_safe,107,,,,memory_bits,191139.0
c1,songline_safe,108,,,,group_cost.fragile,262.4131591997601
c1,songline_safe,108,,,,group_cost.robust,69.34081474434731
c1,songline_safe,108,,,,success_first,0.04055555555555555
c1,songline_safe,108,,,,fail_open_final,0.14942528735632185
c1,songline_safe,108,,,,hazard_hits,19.55
c1,songline_safe,108,,,,duplicate_rate,0.0
c1,songline_safe,108,,,,wire_bits,154078.0
c1,songline_safe,108,,,,memory_bits,189971.33333333334
c1,songline_safe,109,,,,group_cost.fragile,256.87589553761654
c1,songline_safe,109,,,,group_cost.robust,69.82735850808682
c1,songline_safe,109,,,,success_first,0.05
c1,songline_safe,109,,,,fail_open_final,0.14285714285714285
c1,songline_safe,109,,,,hazard_hits,19.372777777777777
c1,songline_safe,109,,,,duplicate_rate,0.0
c1,songline_safe,109,,,,wire_bits,163636.0
c1,songline_safe,109,,,,memory_bits,198706.0
c1,songline_safe,110,,,,group_cost.fragile,249.64572131371088
c1,songline_safe,110,,,,group_cost.robust,69.29931309218988
c1,songline_safe,110,,,,success_first,0.06055555555555556
c1,songline_safe,110,,,,fail_open_final,0.14173228346456693
c1,songline_safe,110,,,,hazard_hits,19.064444444444444
c1,songline_safe,110,,,,duplicate_rate,0.0
c1,songline_safe,110,,,,wire_bits,175320.0
c1,songline_safe,110,,,,memory_bits,208368.33333333334
c1,songline_safe,111,,,,group_cost.fragile,257.14635711179756
c1,songline_safe,111,,,,group_cost.robust,69.60029562375509
c1,songline_safe,111,,,,success_first,0.05388888888888889
c1,songline_safe,111,,,,fail_open_final,0.18487394957983194
c1,songline_safe,111,,,,hazard_hits,19.38888888888889
c1,songline_safe,111,,,,duplicate_rate,0.0
c1,songline_safe,111,,,,wire_bits,144854.0
c1,songline_safe,111,,,,memory_bits,188193.33333333334
c1,independent,100,,,,group_cost.fragile,262.46064961925697
c1,independent,100,,,,group_cost.robust,78.70603768342448
c1,independent,100,,,,success_first,0.0
c1,independent,100,,,,fail_open_final,0.0
c1,independent,100,,,,hazard_hits,20.833333333333332
c1,independent,100,,,,duplicate_rate,0.0
c1,independent,100,,,,wire_bits,0.0
c1,independent,100,,,,memory_bits,2757.5
c1,songline_full,100,,,,group_cost.fragile,262.46064961925697
c1,songline_full,100,,,,group_cost.robust,78.70603768342448
c1,songline_full,100,,,,success_first,0.0
c1,songline_full,100,,,,fail_open_final,0.0
c1,songline_full,100,,,,hazard_hits,20.833333333333332
c1,songline_full,100,,,,duplicate_rate,0.0
c1,songline_full,100,,,,wire_bits,0.0
c1,songline_full,100,,,,memory_bits,2757.5
c1,songline_full,100,,,,group_cost.fragile,219.06008660021004
c1,songline_full,100,,,,group_cost.robust,53.36762774905923
c1,songline_full,100,,,,success_first,0.14583333333333334
c1,songline_full,100,,,,fail_open_final,0.0
c1,songline_full,100,,,,hazard_hits,14.9375
c1,songline_full,100,,,,duplicate_rate,0.0
c1,songline_full,100,,,,wire_bits,5908.0
c1,songline_full,100,,,,memory_bits,7525.5
c1,independent,100,,,,group_cost.fragile,241.58720540925356
c1,independent,100,,,,group_cost.robust,75.63578771103985
c1,independent,100,,,,success_first,0.06222222222222222
c1,independent,100,,,,fail_open_final,0.839835728952772
c1,independent,100,,,,hazard_hits,18.266666666666666
c1,independent,100,,,,duplicate_rate,0.018480492813141684
c1,independent,100,,,,wire_bits,0.0
c1,independent,100,,,,memory_bits,58763.666666666664
c1,independent,101,,,,group_cost.fragile,232.06775778966755
c1,independent,101,,,,group_cost.robust,76.38937606574949
c1,independent,101,,,,success_first,0.07
c1,independent,101,,,,fail_open_final,0.8301886792452831
c1,independent,101,,,,hazard_hits,18.101111111111113
c1,independent,101,,,,duplicate_rate,0.008385744234800839
c1,independent,101,,,,wire_bits,0.0
c1,independent,101,,,,memory_bits,58551.333333333336
c1,independent,102,,,,group_cost.fragile,273.21739930619884
c1,independent,102,,,,group_cost.robust,76.25009327322788
c1,independent,102,,,,success_first,0.08222222222222222
c1,independent,102,,,,fail_open_final,0.8169014084507042
c1,independent,102,,,,hazard_hits,19.87
c1,independent,102,,,,duplicate_rate,0.01006036217303823
c1,independent,102,,,,wire_bits,0.0
c1,independent,102,,,,memory_bits,58091.666666666664
c1,independent,103,,,,group_cost.fragile,247.88152992887117
c1,independent,103,,,,group_cost.robust,79.69710492131492
c1,independent,103,,,,success_first,0.06
c1,independent,103,,,,fail_open_final,0.8624031007751938
c1,independent,103,,,,hazard_hits,19.11
c1,independent,103,,,,duplicate_rate,0.013565891472868217
c1,independent,103,,,,wire_bits,0.0
c1,independent,103,,,,memory_bits,57506.0
c1,independent,104,,,,group_cost.fragile,247.37914704031408
c1,independent,104,,,,group_cost.robust,75.45497601653565
c1,independent,104,,,,success_first,0.07
c1,independent,104,,,,fail_open_final,0.8333333333333334
c1,independent,104,,,,hazard_hits,18.555555555555557
c1,independent,104,,,,duplicate_rate,0.010548523206751054
c1,independent,104,,,,wire_bits,0.0
c1,independent,104,,,,memory_bits,57310.333333333336
c1,independent,105,,,,group_cost.fragile,257.46669532232795
c1,independent,105,,,,group_cost.robust,75.21540029946172
c1,independent,105,,,,success_first,0.07
c1,independent,105,,,,fail_open_final,0.831275720164609
c1,independent,105,,,,hazard_hits,18.93111111111111
c1,independent,105,,,,duplicate_rate,0.012345679012345678
c1,independent,105,,,,wire_bits,0.0
c1,independent,105,,,,memory_bits,58755.333333333336
c1,independent,106,,,,group_cost.fragile,272.3663595087704
c1,independent,106,,,,group_cost.robust,72.72434803869041
c1,independent,106,,,,success_first,0.056666666666666664
c1,independent,106,,,,fail_open_final,0.851380042462845
c1,independent,106,,,,hazard_hits,19.22
c1,independent,106,,,,duplicate_rate,0.010615711252653927
c1,independent,106,,,,wire_bits,0.0
c1,independent,106,,,,memory_bits,58646.0
c1,independent,107,,,,group_cost.fragile,265.998875193625
c1,independent,107,,,,group_cost.robust,78.49754051954537
c1,independent,107,,,,success_first,0.06111111111111111
c1,independent,107,,,,fail_open_final,0.8408602150537634
c1,independent,107,,,,hazard_hits,19.63111111111111
c1,independent,107,,,,duplicate_rate,0.008602150537634409
c1,independent,107,,,,wire_bits,0.0
c1,independent,107,,,,memory_bits,58339.666666666664
c1,independent,108,,,,group_cost.fragile,255.9628058052378
c1,independent,108,,,,group_cost.robust,74.06251171492657
c1,independent,108,,,,success_first,0.06555555555555556
c1,independent,108,,,,fail_open_final,0.8329764453961456
c1,independent,108,,,,hazard_hits,18.801111111111112
c1,independent,108,,,,duplicate_rate,0.01284796573875803
c1,independent,108,,,,wire_bits,0.0
c1,independent,108,,,,memory_bits,56593.333333333336
c1,independent,109,,,,group_cost.fragile,258.6800995655246
c1,independent,109,,,,group_cost.robust,76.32746596759301
c1,independent,109,,,,success_first,0.07333333333333333
c1,independent,109,,,,fail_open_final,0.8208955223880597
c1,independent,109,,,,hazard_hits,19.275555555555556
c1,independent,109,,,,duplicate_rate,0.01279317697228145
c1,independent,109,,,,wire_bits,0.0
c1,independent,109,,,,memory_bits,57773.333333333336
c1,independent,110,,,,group_cost.fragile,247.07907242102348
c1,independent,110,,,,group_cost.robust,74.08462544092441
c1,independent,110,,,,success_first,0.09111111111111111
c1,independent,110,,,,fail_open_final,0.7855626326963907
c1,independent,110,,,,hazard_hits,18.576666666666668
c1,independent,110,,,,duplicate_rate,0.010615711252653927
c1,independent,110,,,,wire_bits,0.0
c1,independent,110,,,,memory_bits,60727.0
c1,independent,111,,,,group_cost.fragile,264.37203202838356
c1,independent,111,,,,group_cost.robust,76.81575916091427
c1,independent,111,,,,success_first,0.07444444444444444
c1,independent,111,,,,fail_open_final,0.8257425742574257
c1,independent,111,,,,hazard_hits,19.34888888888889
c1,independent,111,,,,duplicate_rate,0.011881188118811881
c1,independent,111,,,,wire_bits,0.0
c1,independent,111,,,,memory_bits,58039.666666666664
c1,raw_history,100,,,,group_cost.fragile,239.36333330102693
c1,raw_history,100,,,,group_cost.robust,100.48661702388942
c1,raw_history,100,,,,success_first,0.13
c1,raw_history,100,,,,fail_open_final,0.8
c1,raw_history,100,,,,hazard_hits,17.435555555555556
c1,raw_history,100,,,,duplicate_rate,0.025454545454545455
c1,raw_history,100,,,,wire_bits,314334.0
c1,raw_history,100,,,,memory_bits,349399.3333333333
c1,raw_history,101,,,,group_cost.fragile,225.85861512000676
c1,raw_history,101,,,,group_cost.robust,100.68635612887624
c1,raw_history,101,,,,success_first,0.12666666666666668
c1,raw_history,101,,,,fail_open_final,0.7715674362089915
c1,raw_history,101,,,,hazard_hits,17.057777777777776
c1,raw_history,101,,,,duplicate_rate,0.013365735115431349
c1,raw_history,101,,,,wire_bits,319372.0
c1,raw_history,101,,,,memory_bits,354789.0
c1,raw_history,102,,,,group_cost.fragile,275.5087188957129
c1,raw_history,102,,,,group_cost.robust,107.08931273726016
c1,raw_history,102,,,,success_first,0.11888888888888889
c1,raw_history,102,,,,fail_open_final,0.7947494033412887
c1,raw_history,102,,,,hazard_hits,19.38222222222222
c1,raw_history,102,,,,duplicate_rate,0.016706443914081145
c1,raw_history,102,,,,wire_bits,316002.0
c1,raw_history,102,,,,memory_bits,351869.0
c1,raw_history,103,,,,group_cost.fragile,272.82375338509496
c1,raw_history,103,,,,group_cost.robust,100.59709073467015
c1,raw_history,103,,,,success_first,0.11444444444444445
c1,raw_history,103,,,,fail_open_final,0.8066825775656324
c1,raw_history,103,,,,hazard_hits,18.45888888888889
c1,raw_history,103,,,,duplicate_rate,0.013126491646778043
c1,raw_history,103,,,,wire_bits,315246.0
c1,raw_history,103,,,,memory_bits,350987.0
c1,raw_history,104,,,,group_cost.fragile,263.46871846313735
c1,raw_history,104,,,,group_cost.robust,102.9482230756174
c1,raw_history,104,,,,success_first,0.11444444444444445
c1,raw_history,104,,,,fail_open_final,0.802647412755716
c1,raw_history,104,,,,hazard_hits,18.43888888888889
c1,raw_history,104,,,,duplicate_rate,0.02286401925391095
c1,raw_history,104,,,,wire_bits,316400.0
c1,raw_history,104,,,,memory_bits,351526.6666666667
c1,raw_history,105,,,,group_cost.fragile,238.38339349011756
c1,raw_history,105,,,,group_cost.robust,98.08085842119986
c1,raw_history,105,,,,success_first,0.11888888888888889
c1,raw_history,105,,,,fail_open_final,0.7995226730310262
c1,raw_history,105,,,,hazard_hits,17.185555555555556
c1,raw_history,105,,,,duplicate_rate,0.013126491646778043
c1,raw_history,105,,,,wire_bits,317870.0
c1,raw_history,105,,,,memory_bits,353463.3333333333
c1,raw_history,106,,,,group_cost.fragile,277.45547216869653
c1,raw_history,106,,,,group_cost.robust,101.49292320571432
c1,raw_history,106,,,,success_first,0.10888888888888888
c1,raw_history,106,,,,fail_open_final,0.8076009501187649
c1,raw_history,106,,,,hazard_hits,19.245555555555555
c1,raw_history,106,,,,duplicate_rate,0.013064133016627079
c1,raw_history,106,,,,wire_bits,321396.0
c1,raw_history,106,,,,memory_bits,357808.6666666667
c1,raw_history,107,,,,group_cost.fragile,247.90535007735625
c1,raw_history,107,,,,group_cost.robust,95.02317084644737
c1,raw_history,107,,,,success_first,0.14
c1,raw_history,107,,,,fail_open_final,0.7593261131167268
c1,raw_history,107,,,,hazard_hits,16.835555555555555
c1,raw_history,107,,,,duplicate_rate,0.015643802647412757
c1,raw_history,107,,,,wire_bits,319954.0
c1,raw_history,107,,,,memory_bits,356479.6666666667
c1,raw_history,108,,,,group_cost.fragile,277.0507428278566
c1,raw_history,108,,,,group_cost.robust,98.94990028827485
c1,raw_history,108,,,,success_first,0.12333333333333334
c1,raw_history,108,,,,fail_open_final,0.8059880239520958
c1,raw_history,108,,,,hazard_hits,18.565555555555555
c1,raw_history,108,,,,duplicate_rate,0.019161676646706587
c1,raw_history,108,,,,wire_bits,316460.0
c1,raw_history,108,,,,memory_bits,351473.0
c1,raw_history,109,,,,group_cost.fragile,246.99975854152808
c1,raw_history,109,,,,group_cost.robust,100.03461202453688
c1,raw_history,109,,,,success_first,0.1288888888888889
c1,raw_history,109,,,,fail_open_final,0.7899159663865546
c1,raw_history,109,,,,hazard_hits,17.66
c1,raw_history,109,,,,duplicate_rate,0.021608643457382955
c1,raw_history,109,,,,wire_bits,317242.0
c1,raw_history,109,,,,memory_bits,352794.6666666667
c1,raw_history,110,,,,group_cost.fragile,256.2868565224222
c1,raw_history,110,,,,group_cost.robust,103.43151402324898
c1,raw_history,110,,,,success_first,0.11777777777777777
c1,raw_history,110,,,,fail_open_final,0.804374240583232
c1,raw_history,110,,,,hazard_hits,18.554444444444446
c1,raw_history,110,,,,duplicate_rate,0.01701093560145808
c1,raw_history,110,,,,wire_bits,325278.0
c1,raw_history,110,,,,memory_bits,362532.6666666667
c1,raw_history,111,,,,group_cost.fragile,262.271433563292
c1,raw_history,111,,,,group_cost.robust,105.58082464673495
c1,raw_history,111,,,,success_first,0.12444444444444444
c1,raw_history,111,,,,fail_open_final,0.7976190476190477
c1,raw_history,111,,,,hazard_hits,18.565555555555555
c1,raw_history,111,,,,duplicate_rate,0.017857142857142856
c1,raw_history,111,,,,wire_bits,320158.0
c1,raw_history,111,,,,memory_bits,356322.6666666667
c1,songline_full,100,,,,group_cost.fragile,237.41191168707957
c1,songline_full,100,,,,group_cost.robust,70.11502172090117
c1,songline_full,100,,,,success_first,0.09777777777777778
c1,songline_full,100,,,,fail_open_final,0.708994708994709
c1,songline_full,100,,,,hazard_hits,18.015555555555554
c1,songline_full,100,,,,duplicate_rate,0.0
c1,songline_full,100,,,,wire_bits,123770.0
c1,songline_full,100,,,,memory_bits,126863.66666666667
c1,songline_full,101,,,,group_cost.fragile,224.40188656218538
c1,songline_full,101,,,,group_cost.robust,74.24429759910137
c1,songline_full,101,,,,success_first,0.09777777777777778
c1,songline_full,101,,,,fail_open_final,0.7546728971962616
c1,songline_full,101,,,,hazard_hits,17.773333333333333
c1,songline_full,101,,,,duplicate_rate,0.0
c1,songline_full,101,,,,wire_bits,125970.0
c1,songline_full,101,,,,memory_bits,133953.66666666666
c1,songline_full,102,,,,group_cost.fragile,257.5016018291381
c1,songline_full,102,,,,group_cost.robust,69.32418520371453
c1,songline_full,102,,,,success_first,0.1
c1,songline_full,102,,,,fail_open_final,0.7493857493857494
c1,songline_full,102,,,,hazard_hits,18.616666666666667
c1,songline_full,102,,,,duplicate_rate,0.0
c1,songline_full,102,,,,wire_bits,124232.0
c1,songline_full,102,,,,memory_bits,133754.33333333334
c1,songline_full,103,,,,group_cost.fragile,233.88350878302722
c1,songline_full,103,,,,group_cost.robust,68.3317650609641
c1,songline_full,103,,,,success_first,0.11222222222222222
c1,songline_full,103,,,,fail_open_final,0.7362637362637363
c1,songline_full,103,,,,hazard_hits,17.323333333333334
c1,songline_full,103,,,,duplicate_rate,0.0
c1,songline_full,103,,,,wire_bits,124500.0
c1,songline_full,103,,,,memory_bits,131815.33333333334
c1,songline_full,104,,,,group_cost.fragile,235.09498442260664
c1,songline_full,104,,,,group_cost.robust,74.47554615865923
c1,songline_full,104,,,,success_first,0.09777777777777778
c1,songline_full,104,,,,fail_open_final,0.7567567567567568
c1,songline_full,104,,,,hazard_hits,18.10333333333333
c1,songline_full,104,,,,duplicate_rate,0.0
c1,songline_full,104,,,,wire_bits,117722.0
c1,songline_full,104,,,,memory_bits,126072.33333333333
c1,songline_full,105,,,,group_cost.fragile,253.44754630634773
c1,songline_full,105,,,,group_cost.robust,73.96872539447143
c1,songline_full,105,,,,success_first,0.10444444444444445
c1,songline_full,105,,,,fail_open_final,0.728110599078341
c1,songline_full,105,,,,hazard_hits,18.863333333333333
c1,songline_full,105,,,,duplicate_rate,0.0
c1,songline_full,105,,,,wire_bits,128682.0
c1,songline_full,105,,,,memory_bits,136398.66666666666
c1,songline_full,106,,,,group_cost.fragile,255.22750855752528
c1,songline_full,106,,,,group_cost.robust,67.56986475559704
c1,songline_full,106,,,,success_first,0.09333333333333334
c1,songline_full,106,,,,fail_open_final,0.7512315270935961
c1,songline_full,106,,,,hazard_hits,18.183333333333334
c1,songline_full,106,,,,duplicate_rate,0.0
c1,songline_full,106,,,,wire_bits,125968.0
c1,songline_full,106,,,,memory_bits,131673.33333333334
c1,songline_full,107,,,,group_cost.fragile,250.92007161365902
c1,songline_full,107,,,,group_cost.robust,70.20168041440772
c1,songline_full,107,,,,success_first,0.10444444444444445
c1,songline_full,107,,,,fail_open_final,0.7358490566037735
c1,songline_full,107,,,,hazard_hits,18.226666666666667
c1,songline_full,107,,,,duplicate_rate,0.0
c1,songline_full,107,,,,wire_bits,118316.0
c1,songline_full,107,,,,memory_bits,126575.33333333333
c1,songline_full,108,,,,group_cost.fragile,248.35497943333144
c1,songline_full,108,,,,group_cost.robust,69.54683097941795
c1,songline_full,108,,,,success_first,0.10111111111111111
c1,songline_full,108,,,,fail_open_final,0.7407407407407407
c1,songline_full,108,,,,hazard_hits,17.99222222222222
c1,songline_full,108,,,,duplicate_rate,0.0
c1,songline_full,108,,,,wire_bits,125642.0
c1,songline_full,108,,,,memory_bits,130477.66666666667
c1,songline_full,109,,,,group_cost.fragile,259.5875841326008
c1,songline_full,109,,,,group_cost.robust,71.67540401441983
c1,songline_full,109,,,,success_first,0.08333333333333333
c1,songline_full,109,,,,fail_open_final,0.7918552036199095
c1,songline_full,109,,,,hazard_hits,18.776666666666667
c1,songline_full,109,,,,duplicate_rate,0.0
c1,songline_full,109,,,,wire_bits,125410.0
c1,songline_full,109,,,,memory_bits,130259.66666666667
c1,songline_full,110,,,,group_cost.fragile,243.90778692523773
c1,songline_full,110,,,,group_cost.robust,72.74970841890799
c1,songline_full,110,,,,success_first,0.08666666666666667
c1,songline_full,110,,,,fail_open_final,0.7575757575757576
c1,songline_full,110,,,,hazard_hits,18.545555555555556
c1,songline_full,110,,,,duplicate_rate,0.0
c1,songline_full,110,,,,wire_bits,139528.0
c1,songline_full,110,,,,memory_bits,143065.33333333334
c1,songline_full,111,,,,group_cost.fragile,245.68927036896034
c1,songline_full,111,,,,group_cost.robust,74.17215920402096
c1,songline_full,111,,,,success_first,0.09
c1,songline_full,111,,,,fail_open_final,0.777542372881356
c1,songline_full,111,,,,hazard_hits,18.386666666666667
c1,songline_full,111,,,,duplicate_rate,0.0
c1,songline_full,111,,,,wire_bits,122650.0
c1,songline_full,111,,,,memory_bits,133664.66666666666
c1,songline_safe,100,,,,group_cost.fragile,250.87239373000125
c1,songline_safe,100,,,,group_cost.robust,70.15078032510733
c1,songline_safe,100,,,,success_first,0.06888888888888889
c1,songline_safe,100,,,,fail_open_final,0.0
c1,songline_safe,100,,,,hazard_hits,19.112222222222222
c1,songline_safe,100,,,,duplicate_rate,0.0
c1,songline_safe,100,,,,wire_bits,236210.0
c1,songline_safe,100,,,,memory_bits,259771.66666666666
c1,songline_safe,101,,,,group_cost.fragile,250.43260738864706
c1,songline_safe,101,,,,group_cost.robust,70.36206793020587
c1,songline_safe,101,,,,success_first,0.058333333333333334
c1,songline_safe,101,,,,fail_open_final,0.0
c1,songline_safe,101,,,,hazard_hits,19.199444444444445
c1,songline_safe,101,,,,duplicate_rate,0.0
c1,songline_safe,101,,,,wire_bits,255756.0
c1,songline_safe,101,,,,memory_bits,267904.6666666667
c1,songline_safe,102,,,,group_cost.fragile,252.64464935918852
c1,songline_safe,102,,,,group_cost.robust,68.26367953518981
c1,songline_safe,102,,,,success_first,0.06055555555555556
c1,songline_safe,102,,,,fail_open_final,0.0
c1,songline_safe,102,,,,hazard_hits,19.102222222222224
c1,songline_safe,102,,,,duplicate_rate,0.0
c1,songline_safe,102,,,,wire_bits,240856.0
c1,songline_safe,102,,,,memory_bits,264011.3333333333
c1,songline_safe,103,,,,group_cost.fragile,251.37584200121796
c1,songline_safe,103,,,,group_cost.robust,67.70209204715738
c1,songline_safe,103,,,,success_first,0.06
c1,songline_safe,103,,,,fail_open_final,0.009174311926605505
c1,songline_safe,103,,,,hazard_hits,18.928333333333335
c1,songline_safe,103,,,,duplicate_rate,0.0
c1,songline_safe,103,,,,wire_bits,247892.0
c1,songline_safe,103,,,,memory_bits,264642.6666666667
c1,songline_safe,104,,,,group_cost.fragile,258.6370430161137
c1,songline_safe,104,,,,group_cost.robust,68.32237331906293
c1,songline_safe,104,,,,success_first,0.06444444444444444
c1,songline_safe,104,,,,fail_open_final,0.0
c1,songline_safe,104,,,,hazard_hits,19.223333333333333
c1,songline_safe,104,,,,duplicate_rate,0.0
c1,songline_safe,104,,,,wire_bits,235264.0
c1,songline_safe,104,,,,memory_bits,257619.0
c1,songline_safe,105,,,,group_cost.fragile,252.21798752718445
c1,songline_safe,105,,,,group_cost.robust,69.05652765507185
c1,songline_safe,105,,,,success_first,0.07333333333333333
c1,songline_safe,105,,,,fail_open_final,0.0
c1,songline_safe,105,,,,hazard_hits,19.055
c1,songline_safe,105,,,,duplicate_rate,0.0
c1,songline_safe,105,,,,wire_bits,254776.0
c1,songline_safe,105,,,,memory_bits,271148.6666666667
c1,songline_safe,106,,,,group_cost.fragile,249.4487739715469
c1,songline_safe,106,,,,group_cost.robust,64.71744026682866
c1,songline_safe,106,,,,success_first,0.07222222222222222
c1,songline_safe,106,,,,fail_open_final,0.0
c1,songline_safe,106,,,,hazard_hits,18.41111111111111
c1,songline_safe,106,,,,duplicate_rate,0.0
c1,songline_safe,106,,,,wire_bits,246856.0
c1,songline_safe,106,,,,memory_bits,259936.33333333334
c1,songline_safe,107,,,,group_cost.fragile,255.06824924187183
c1,songline_safe,107,,,,group_cost.robust,69.10019878802962
c1,songline_safe,107,,,,success_first,0.07
c1,songline_safe,107,,,,fail_open_final,0.007874015748031496
c1,songline_safe,107,,,,hazard_hits,19.209444444444443
c1,songline_safe,107,,,,duplicate_rate,0.0
c1,songline_safe,107,,,,wire_bits,233986.0
c1,songline_safe,107,,,,memory_bits,249587.33333333334
c1,songline_safe,108,,,,group_cost.fragile,255.54625059237364
c1,songline_safe,108,,,,group_cost.robust,68.31346058793264
c1,songline_safe,108,,,,success_first,0.06333333333333334
c1,songline_safe,108,,,,fail_open_final,0.0
c1,songline_safe,108,,,,hazard_hits,19.12611111111111
c1,songline_safe,108,,,,duplicate_rate,0.0
c1,songline_safe,108,,,,wire_bits,253642.0
c1,songline_safe,108,,,,memory_bits,268720.3333333333
c1,songline_safe,109,,,,group_cost.fragile,253.23275576162567
c1,songline_safe,109,,,,group_cost.robust,69.20559582539478
c1,songline_safe,109,,,,success_first,0.06333333333333334
c1,songline_safe,109,,,,fail_open_final,0.0
c1,songline_safe,109,,,,hazard_hits,19.148888888888887
c1,songline_safe,109,,,,duplicate_rate,0.0
c1,songline_safe,109,,,,wire_bits,236102.0
c1,songline_safe,109,,,,memory_bits,257362.33333333334
c1,songline_safe,110,,,,group_cost.fragile,249.96980687117468
c1,songline_safe,110,,,,group_cost.robust,68.02573095549543
c1,songline_safe,110,,,,success_first,0.07277777777777777
c1,songline_safe,110,,,,fail_open_final,0.0
c1,songline_safe,110,,,,hazard_hits,18.88388888888889
c1,songline_safe,110,,,,duplicate_rate,0.0
c1,songline_safe,110,,,,wire_bits,256856.0
c1,songline_safe,110,,,,memory_bits,273661.3333333333
c1,songline_safe,111,,,,group_cost.fragile,257.02573345709897
c1,songline_safe,111,,,,group_cost.robust,69.22975315536641
c1,songline_safe,111,,,,success_first,0.06055555555555556
c1,songline_safe,111,,,,fail_open_final,0.0
c1,songline_safe,111,,,,hazard_hits,19.340555555555557
c1,songline_safe,111,,,,duplicate_rate,0.0
c1,songline_safe,111,,,,wire_bits,241590.0
c1,songline_safe,111,,,,memory_bits,261738.66666666666
c1,songline_safe,210,,,,group_cost.fragile,266.16391795969264
c1,songline_safe,210,,,,group_cost.robust,70.61806354131112
c1,songline_safe,210,,,,success_first,0.06166666666666667
c1,songline_safe,210,,,,fail_open_final,0.0
c1,songline_safe,210,,,,hazard_hits,19.996666666666666
c1,songline_safe,210,,,,duplicate_rate,0.0
c1,songline_safe,210,,,,wire_bits,86476.0
c1,songline_safe,210,,,,memory_bits,92078.33333333333
c1,songline_safe,211,,,,group_cost.fragile,262.8959403463793
c1,songline_safe,211,,,,group_cost.robust,69.22874362066999
c1,songline_safe,211,,,,success_first,0.07166666666666667
c1,songline_safe,211,,,,fail_open_final,0.0
c1,songline_safe,211,,,,hazard_hits,19.495
c1,songline_safe,211,,,,duplicate_rate,0.0
c1,songline_safe,211,,,,wire_bits,78574.0
c1,songline_safe,211,,,,memory_bits,81903.0
c1,songline_safe,212,,,,group_cost.fragile,274.1648021229702
c1,songline_safe,212,,,,group_cost.robust,65.08986508834323
c1,songline_safe,212,,,,success_first,0.06166666666666667
c1,songline_safe,212,,,,fail_open_final,0.0
c1,songline_safe,212,,,,hazard_hits,19.216666666666665
c1,songline_safe,212,,,,duplicate_rate,0.0
c1,songline_safe,212,,,,wire_bits,87900.0
c1,songline_safe,212,,,,memory_bits,92524.0
c1,songline_safe,213,,,,group_cost.fragile,244.41910017677446
c1,songline_safe,213,,,,group_cost.robust,67.32239473781624
c1,songline_safe,213,,,,success_first,0.05
c1,songline_safe,213,,,,fail_open_final,0.0
c1,songline_safe,213,,,,hazard_hits,18.483333333333334
c1,songline_safe,213,,,,duplicate_rate,0.0
c1,songline_safe,213,,,,wire_bits,79606.0
c1,songline_safe,213,,,,memory_bits,81004.66666666667
c1,songline_safe,200,,,,group_cost.fragile,242.88137602345537
c1,songline_safe,200,,,,group_cost.robust,67.54239818546331
c1,songline_safe,200,,,,success_first,0.04666666666666667
c1,songline_safe,200,,,,fail_open_final,0.0967741935483871
c1,songline_safe,200,,,,hazard_hits,18.52
c1,songline_safe,200,,,,duplicate_rate,0.0
c1,songline_safe,200,,,,wire_bits,60786.0
c1,songline_safe,200,,,,memory_bits,69372.33333333333
c1,songline_safe,201,,,,group_cost.fragile,266.0869555631177
c1,songline_safe,201,,,,group_cost.robust,73.38455400498844
c1,songline_safe,201,,,,success_first,0.02666666666666667
c1,songline_safe,201,,,,fail_open_final,0.0
c1,songline_safe,201,,,,hazard_hits,20.401666666666667
c1,songline_safe,201,,,,duplicate_rate,0.0
c1,songline_safe,201,,,,wire_bits,39002.0
c1,songline_safe,201,,,,memory_bits,53322.666666666664
c1,songline_safe,202,,,,group_cost.fragile,246.81318753743068
c1,songline_safe,202,,,,group_cost.robust,69.88228122440039
c1,songline_safe,202,,,,success_first,0.04666666666666667
c1,songline_safe,202,,,,fail_open_final,0.034482758620689655
c1,songline_safe,202,,,,hazard_hits,19.093333333333334
c1,songline_safe,202,,,,duplicate_rate,0.0
c1,songline_safe,202,,,,wire_bits,46454.0
c1,songline_safe,202,,,,memory_bits,63075.333333333336
c1,songline_safe,203,,,,group_cost.fragile,272.34933976339624
c1,songline_safe,203,,,,group_cost.robust,73.00323513111968
c1,songline_safe,203,,,,success_first,0.03166666666666667
c1,songline_safe,203,,,,fail_open_final,0.05
c1,songline_safe,203,,,,hazard_hits,20.613333333333333
c1,songline_safe,203,,,,duplicate_rate,0.0
c1,songline_safe,203,,,,wire_bits,51622.0
c1,songline_safe,203,,,,memory_bits,65778.66666666667
c1,songline_safe,204,,,,group_cost.fragile,265.77029729576054
c1,songline_safe,204,,,,group_cost.robust,74.23781411366834
c1,songline_safe,204,,,,success_first,0.04
c1,songline_safe,204,,,,fail_open_final,0.0
c1,songline_safe,204,,,,hazard_hits,20.351666666666667
c1,songline_safe,204,,,,duplicate_rate,0.0
c1,songline_safe,204,,,,wire_bits,43140.0
c1,songline_safe,204,,,,memory_bits,57456.666666666664
c1,songline_safe,205,,,,group_cost.fragile,237.32336917000183
c1,songline_safe,205,,,,group_cost.robust,71.39177790575027
c1,songline_safe,205,,,,success_first,0.043333333333333335
c1,songline_safe,205,,,,fail_open_final,0.07142857142857142
c1,songline_safe,205,,,,hazard_hits,18.76
c1,songline_safe,205,,,,duplicate_rate,0.0
c1,songline_safe,205,,,,wire_bits,51222.0
c1,songline_safe,205,,,,memory_bits,64063.0
c1,songline_safe,206,,,,group_cost.fragile,252.6297896950522
c1,songline_safe,206,,,,group_cost.robust,69.85514071081363
c1,songline_safe,206,,,,success_first,0.03833333333333333
c1,songline_safe,206,,,,fail_open_final,0.08
c1,songline_safe,206,,,,hazard_hits,19.413333333333334
c1,songline_safe,206,,,,duplicate_rate,0.0
c1,songline_safe,206,,,,wire_bits,46668.0
c1,songline_safe,206,,,,memory_bits,57532.666666666664
c1,songline_safe,207,,,,group_cost.fragile,271.8394703333841
c1,songline_safe,207,,,,group_cost.robust,69.14213848470291
c1,songline_safe,207,,,,success_first,0.051666666666666666
c1,songline_safe,207,,,,fail_open_final,0.0
c1,songline_safe,207,,,,hazard_hits,19.91
c1,songline_safe,207,,,,duplicate_rate,0.0
c1,songline_safe,207,,,,wire_bits,51716.0
c1,songline_safe,207,,,,memory_bits,64076.333333333336
c1,songline_safe,200,,,,group_cost.fragile,236.72809507097816
c1,songline_safe,200,,,,group_cost.robust,65.99372277227417
c1,songline_safe,200,,,,success_first,0.07833333333333334
c1,songline_safe,200,,,,fail_open_final,0.020833333333333332
c1,songline_safe,200,,,,hazard_hits,18.04
c1,songline_safe,200,,,,duplicate_rate,0.0
c1,songline_safe,200,,,,wire_bits,92186.0
c1,songline_safe,200,,,,memory_bits,94332.66666666667
c1,songline_safe,201,,,,group_cost.fragile,254.35606275750732
c1,songline_safe,201,,,,group_cost.robust,69.41700574646954
c1,songline_safe,201,,,,success_first,0.07166666666666667
c1,songline_safe,201,,,,fail_open_final,0.0
c1,songline_safe,201,,,,hazard_hits,19.30666666666667
c1,songline_safe,201,,,,duplicate_rate,0.0
c1,songline_safe,201,,,,wire_bits,74926.0
c1,songline_safe,201,,,,memory_bits,81872.66666666667
c1,songline_safe,202,,,,group_cost.fragile,237.74432058667938
c1,songline_safe,202,,,,group_cost.robust,67.85564695966018
c1,songline_safe,202,,,,success_first,0.08833333333333333
c1,songline_safe,202,,,,fail_open_final,0.0
c1,songline_safe,202,,,,hazard_hits,18.433333333333334
c1,songline_safe,202,,,,duplicate_rate,0.0
c1,songline_safe,202,,,,wire_bits,78280.0
c1,songline_safe,202,,,,memory_bits,90007.66666666667
c1,songline_safe,203,,,,group_cost.fragile,266.8378762350671
c1,songline_safe,203,,,,group_cost.robust,71.26043141198929
c1,songline_safe,203,,,,success_first,0.06166666666666667
c1,songline_safe,203,,,,fail_open_final,0.05128205128205128
c1,songline_safe,203,,,,hazard_hits,20.078333333333333
c1,songline_safe,203,,,,duplicate_rate,0.0
c1,songline_safe,203,,,,wire_bits,78690.0
c1,songline_safe,203,,,,memory_bits,87966.0
c1,songline_safe,204,,,,group_cost.fragile,254.82474069862073
c1,songline_safe,204,,,,group_cost.robust,72.77877552577549
c1,songline_safe,204,,,,success_first,0.07666666666666666
c1,songline_safe,204,,,,fail_open_final,0.02127659574468085
c1,songline_safe,204,,,,hazard_hits,19.698333333333334
c1,songline_safe,204,,,,duplicate_rate,0.0
c1,songline_safe,204,,,,wire_bits,73816.0
c1,songline_safe,204,,,,memory_bits,82734.66666666667
c1,songline_safe,205,,,,group_cost.fragile,234.1617096246229
c1,songline_safe,205,,,,group_cost.robust,70.20412929428613
c1,songline_safe,205,,,,success_first,0.06833333333333333
c1,songline_safe,205,,,,fail_open_final,0.023809523809523808
c1,songline_safe,205,,,,hazard_hits,18.471666666666668
c1,songline_safe,205,,,,duplicate_rate,0.0
c1,songline_safe,205,,,,wire_bits,88692.0
c1,songline_safe,205,,,,memory_bits,94074.66666666667
c1,songline_safe,206,,,,group_cost.fragile,249.44452909704225
c1,songline_safe,206,,,,group_cost.robust,68.44393157042697
c1,songline_safe,206,,,,success_first,0.06
c1,songline_safe,206,,,,fail_open_final,0.0
c1,songline_safe,206,,,,hazard_hits,19.06
c1,songline_safe,206,,,,duplicate_rate,0.0
c1,songline_safe,206,,,,wire_bits,80722.0
c1,songline_safe,206,,,,memory_bits,83263.33333333333
c1,songline_safe,207,,,,group_cost.fragile,263.7986339411108
c1,songline_safe,207,,,,group_cost.robust,67.02679492272809
c1,songline_safe,207,,,,success_first,0.08166666666666667
c1,songline_safe,207,,,,fail_open_final,0.0392156862745098
c1,songline_safe,207,,,,hazard_hits,19.216666666666665
c1,songline_safe,207,,,,duplicate_rate,0.0
c1,songline_safe,207,,,,wire_bits,87358.0
c1,songline_safe,207,,,,memory_bits,90510.33333333333
c1,songline_safe,100,,,,group_cost.fragile,223.76564120852458
c1,songline_safe,100,,,,group_cost.robust,60.373658651476866
c1,songline_safe,100,,,,success_first,0.041666666666666664
c1,songline_safe,100,,,,fail_open_final,0.0
c1,songline_safe,100,,,,hazard_hits,16.270833333333332
c1,songline_safe,100,,,,duplicate_rate,0.0
c1,songline_safe,100,,,,wire_bits,2348.0
c1,songline_safe,100,,,,memory_bits,4667.0
c1,songline_safe,200,,,,group_cost.fragile,242.88137602345537
c1,songline_safe,200,,,,group_cost.robust,67.54239818546331
c1,songline_safe,200,,,,success_first,0.04666666666666667
c1,songline_safe,200,,,,fail_open_final,0.0967741935483871
c1,songline_safe,200,,,,hazard_hits,18.52
c1,songline_safe,200,,,,duplicate_rate,0.0
c1,songline_safe,200,,,,wire_bits,60786.0
c1,songline_safe,200,,,,memory_bits,69372.33333333333
c1,songline_safe,201,,,,group_cost.fragile,266.0869555631177
c1,songline_safe,201,,,,group_cost.robust,73.38455400498844
c1,songline_safe,201,,,,success_first,0.02666666666666667
c1,songline_safe,201,,,,fail_open_final,0.0
c1,songline_safe,201,,,,hazard_hits,20.401666666666667
c1,songline_safe,201,,,,duplicate_rate,0.0
c1,songline_safe,201,,,,wire_bits,39002.0
c1,songline_safe,201,,,,memory_bits,53322.666666666664
c1,songline_safe,202,,,,group_cost.fragile,246.81318753743068
c1,songline_safe,202,,,,group_cost.robust,69.88228122440039
c1,songline_safe,202,,,,success_first,0.04666666666666667
c1,songline_safe,202,,,,fail_open_final,0.034482758620689655
c1,songline_safe,202,,,,hazard_hits,19.093333333333334
c1,songline_safe,202,,,,duplicate_rate,0.0
c1,songline_safe,202,,,,wire_bits,46454.0
c1,songline_safe,202,,,,memory_bits,63005.333333333336
c1,songline_safe,203,,,,group_cost.fragile,272.34933976339624
c1,songline_safe,203,,,,group_cost.robust,72.9159998982105
c1,songline_safe,203,,,,success_first,0.03333333333333333
c1,songline_safe,203,,,,fail_open_final,0.047619047619047616
c1,songline_safe,203,,,,hazard_hits,20.593333333333334
c1,songline_safe,203,,,,duplicate_rate,0.0
c1,songline_safe,203,,,,wire_bits,51154.0
c1,songline_safe,203,,,,memory_bits,65310.666666666664
c1,songline_safe,204,,,,group_cost.fragile,265.77029729576054
c1,songline_safe,204,,,,group_cost.robust,74.23781411366834
c1,songline_safe,204,,,,success_first,0.04
c1,songline_safe,204,,,,fail_open_final,0.0
c1,songline_safe,204,,,,hazard_hits,20.351666666666667
c1,songline_safe,204,,,,duplicate_rate,0.0
c1,songline_safe,204,,,,wire_bits,43140.0
c1,songline_safe,204,,,,memory_bits,57456.666666666664
c1,songline_safe,205,,,,group_cost.fragile,236.67796825400262
c1,songline_safe,205,,,,group_cost.robust,71.39177790575027
c1,songline_safe,205,,,,success_first,0.045
c1,songline_safe,205,,,,fail_open_final,0.06896551724137931
c1,songline_safe,205,,,,hazard_hits,18.735
c1,songline_safe,205,,,,duplicate_rate,0.0
c1,songline_safe,205,,,,wire_bits,50746.0
c1,songline_safe,205,,,,memory_bits,63587.0
g1,g1,0,,,300,battery,36.0
g1,g1,0,,,300,arms.ucsm_stale.roles.fragile.mean_cost,63.55555555555556
g1,g1,0,,,300,arms.ucsm_stale.roles.fragile.phantom_rate,0.8055555555555556
g1,g1,0,,,300,arms.ucsm_stale.roles.robust.mean_cost,98.33333333333333
g1,g1,0,,,300,arms.ucsm_stale.roles.robust.phantom_rate,0.8055555555555556
g1,g1,0,,,300,arms.ucsm_stale.n_items,156.0
g1,g1,0,,,300,arms.ucsm_stale.bits,50868.0
g1,g1,0,,,300,arms.ucsm_graph.roles.fragile.mean_cost,58.25
g1,g1,0,,,300,arms.ucsm_graph.roles.fragile.phantom_rate,0.8333333333333334
g1,g1,0,,,300,arms.ucsm_graph.roles.robust.mean_cost,79.63888888888889
g1,g1,0,,,300,arms.ucsm_graph.roles.robust.phantom_rate,0.8333333333333334
g1,g1,0,,,300,arms.ucsm_graph.n_items,112.0
g1,g1,0,,,300,arms.ucsm_graph.bits,36868.0
g1,g1,1,,,300,battery,36.0
g1,g1,1,,,300,arms.ucsm_stale.roles.fragile.mean_cost,74.75
g1,g1,1,,,300,arms.ucsm_stale.roles.fragile.phantom_rate,0.8888888888888888
g1,g1,1,,,300,arms.ucsm_stale.roles.robust.mean_cost,110.25
g1,g1,1,,,300,arms.ucsm_stale.roles.robust.phantom_rate,0.8888888888888888
g1,g1,1,,,300,arms.ucsm_stale.n_items,171.0
g1,g1,1,,,300,arms.ucsm_stale.bits,58586.0
g1,g1,1,,,300,arms.ucsm_graph.roles.fragile.mean_cost,71.0
g1,g1,1,,,300,arms.ucsm_graph.roles.fragile.phantom_rate,0.8888888888888888
g1,g1,1,,,300,arms.ucsm_graph.roles.robust.mean_cost,100.77777777777777
g1,g1,1,,,300,arms.ucsm_graph.roles.robust.phantom_rate,0.8888888888888888
g1,g1,1,,,300,arms.ucsm_graph.n_items,134.0
g1,g1,1,,,300,arms.ucsm_graph.bits,46148.0
g1,g1,2,,,300,battery,36.0
g1,g1,2,,,300,arms.ucsm_stale.roles.fragile.mean_cost,57.916666666666664
g1,g1,2,,,300,arms.ucsm_stale.roles.fragile.phantom_rate,0.7777777777777778
g1,g1,2,,,300,arms.ucsm_stale.roles.robust.mean_cost,83.27777777777777
g1,g1,2,,,300,arms.ucsm_stale.roles.robust.phantom_rate,0.7777777777777778
g1,g1,2,,,300,arms.ucsm_stale.n_items,170.0
g1,g1,2,,,300,arms.ucsm_stale.bits,58956.0
g1,g1,2,,,300,arms.ucsm_graph.roles.fragile.mean_cost,61.5
g1,g1,2,,,300,arms.ucsm_graph.roles.fragile.phantom_rate,0.8888888888888888
g1,g1,2,,,300,arms.ucsm_graph.roles.robust.mean_cost,87.97222222222223
g1,g1,2,,,300,arms.ucsm_graph.roles.robust.phantom_rate,0.8888888888888888
g1,g1,2,,,300,arms.ucsm_graph.n_items,131.0
g1,g1,2,,,300,arms.ucsm_graph.bits,45870.0
g1,g1,3,,,300,battery,36.0
g1,g1,3,,,300,arms.ucsm_stale.roles.fragile.mean_cost,66.44444444444444
g1,g1,3,,,300,arms.ucsm_stale.roles.fragile.phantom_rate,0.8611111111111112
g1,g1,3,,,300,arms.ucsm_stale.roles.robust.mean_cost,96.22222222222223
g1,g1,3,,,300,arms.ucsm_stale.roles.robust.phantom_rate,0.8611111111111112
g1,g1,3,,,300,arms.ucsm_stale.n_items,159.0
g1,g1,3,,,300,arms.ucsm_stale.bits,54860.0
g1,g1,3,,,300,arms.ucsm_graph.roles.fragile.mean_cost,74.38888888888889
g1,g1,3,,,300,arms.ucsm_graph.roles.fragile.phantom_rate,0.7777777777777778
g1,g1,3,,,300,arms.ucsm_graph.roles.robust.mean_cost,92.05555555555556
g1,g1,3,,,300,arms.ucsm_graph.roles.robust.phantom_rate,0.7777777777777778
g1,g1,3,,,300,arms.ucsm_graph.n_items,118.0
g1,g1,3,,,300,arms.ucsm_graph.bits,40520.0
g1,g1,4,,,300,battery,36.0
g1,g1,4,,,300,arms.ucsm_stale.roles.fragile.mean_cost,81.05555555555556
g1,g1,4,,,300,arms.ucsm_stale.roles.fragile.phantom_rate,0.8333333333333334
g1,g1,4,,,300,arms.ucsm_stale.roles.robust.mean_cost,108.19444444444444
g1,g1,4,,,300,arms.ucsm_stale.roles.robust.phantom_rate,0.8333333333333334
g1,g1,4,,,300,arms.ucsm_stale.n_items,164.0
g1,g1,4,,,300,arms.ucsm_stale.bits,56618.0
g1,g1,4,,,300,arms.ucsm_graph.roles.fragile.mean_cost,86.13888888888889
g1,g1,4,,,300,arms.ucsm_graph.roles.fragile.phantom_rate,0.8333333333333334
g1,g1,4,,,300,arms.ucsm_graph.roles.robust.mean_cost,108.75
g1,g1,4,,,300,arms.ucsm_graph.roles.robust.phantom_rate,0.8333333333333334
g1,g1,4,,,300,arms.ucsm_graph.n_items,130.0
g1,g1,4,,,300,arms.ucsm_graph.bits,45222.0
g1,g1,5,,,300,battery,36.0
g1,g1,5,,,300,arms.ucsm_stale.roles.fragile.mean_cost,61.77777777777778
g1,g1,5,,,300,arms.ucsm_stale.roles.fragile.phantom_rate,0.9166666666666666
g1,g1,5,,,300,arms.ucsm_stale.roles.robust.mean_cost,90.08333333333333
g1,g1,5,,,300,arms.ucsm_stale.roles.robust.phantom_rate,0.9166666666666666
g1,g1,5,,,300,arms.ucsm_stale.n_items,165.0
g1,g1,5,,,300,arms.ucsm_stale.bits,54848.0
g1,g1,5,,,300,arms.ucsm_graph.roles.fragile.mean_cost,56.5
g1,g1,5,,,300,arms.ucsm_graph.roles.fragile.phantom_rate,0.8888888888888888
g1,g1,5,,,300,arms.ucsm_graph.roles.robust.mean_cost,83.75
g1,g1,5,,,300,arms.ucsm_graph.roles.robust.phantom_rate,0.8888888888888888
g1,g1,5,,,300,arms.ucsm_graph.n_items,123.0
g1,g1,5,,,300,arms.ucsm_graph.bits,41268.0
g1,g1,6,,,300,battery,36.0
g1,g1,6,,,300,arms.ucsm_stale.roles.fragile.mean_cost,68.44444444444444
g1,g1,6,,,300,arms.ucsm_stale.roles.fragile.phantom_rate,0.9444444444444444
g1,g1,6,,,300,arms.ucsm_stale.roles.robust.mean_cost,99.94444444444444
g1,g1,6,,,300,arms.ucsm_stale.roles.robust.phantom_rate,0.9444444444444444
g1,g1,6,,,300,arms.ucsm_stale.n_items,151.0
g1,g1,6,,,300,arms.ucsm_stale.bits,50882.0
g1,g1,6,,,300,arms.ucsm_graph.roles.fragile.mean_cost,79.55555555555556
g1,g1,6,,,300,arms.ucsm_graph.roles.fragile.phantom_rate,0.9722222222222222
g1,g1,6,,,300,arms.ucsm_graph.roles.robust.mean_cost,107.80555555555556
g1,g1,6,,,300,arms.ucsm_graph.roles.robust.phantom_rate,0.9722222222222222
g1,g1,6,,,300,arms.ucsm_graph.n_items,116.0
g1,g1,6,,,300,arms.ucsm_graph.bits,39366.0
g1,g1,7,,,300,battery,36.0
g1,g1,7,,,300,arms.ucsm_stale.roles.fragile.mean_cost,70.72222222222223
g1,g1,7,,,300,arms.ucsm_stale.roles.fragile.phantom_rate,0.9166666666666666
g1,g1,7,,,300,arms.ucsm_stale.roles.robust.mean_cost,101.69444444444444
g1,g1,7,,,300,arms.ucsm_stale.roles.robust.phantom_rate,0.9166666666666666
g1,g1,7,,,300,arms.ucsm_stale.n_items,157.0
g1,g1,7,,,300,arms.ucsm_stale.bits,54760.0
g1,g1,7,,,300,arms.ucsm_graph.roles.fragile.mean_cost,76.47222222222223
g1,g1,7,,,300,arms.ucsm_graph.roles.fragile.phantom_rate,0.8888888888888888
g1,g1,7,,,300,arms.ucsm_graph.roles.robust.mean_cost,106.75
g1,g1,7,,,300,arms.ucsm_graph.roles.robust.phantom_rate,0.8888888888888888
g1,g1,7,,,300,arms.ucsm_graph.n_items,120.0
g1,g1,7,,,300,arms.ucsm_graph.bits,42794.0
g1,g1,8,,,300,battery,36.0
g1,g1,8,,,300,arms.ucsm_stale.roles.fragile.mean_cost,69.36111111111111
g1,g1,8,,,300,arms.ucsm_stale.roles.fragile.phantom_rate,0.9166666666666666
g1,g1,8,,,300,arms.ucsm_stale.roles.robust.mean_cost,100.16666666666667
g1,g1,8,,,300,arms.ucsm_stale.roles.robust.phantom_rate,0.9166666666666666
g1,g1,8,,,300,arms.ucsm_stale.n_items,156.0
g1,g1,8,,,300,arms.ucsm_stale.bits,53608.0
g1,g1,8,,,300,arms.ucsm_graph.roles.fragile.mean_cost,69.86111111111111
g1,g1,8,,,300,arms.ucsm_graph.roles.fragile.phantom_rate,0.9166666666666666
g1,g1,8,,,300,arms.ucsm_graph.roles.robust.mean_cost,94.27777777777777
g1,g1,8,,,300,arms.ucsm_graph.roles.robust.phantom_rate,0.9166666666666666
g1,g1,8,,,300,arms.ucsm_graph.n_items,124.0
g1,g1,8,,,300,arms.ucsm_graph.bits,42296.0
g1,g1,9,,,300,battery,36.0
g1,g1,9,,,300,arms.ucsm_stale.roles.fragile.mean_cost,73.69444444444444
g1,g1,9,,,300,arms.ucsm_stale.roles.fragile.phantom_rate,0.9166666666666666
g1,g1,9,,,300,arms.ucsm_stale.roles.robust.mean_cost,104.52777777777777
g1,g1,9,,,300,arms.ucsm_stale.roles.robust.phantom_rate,0.9166666666666666
g1,g1,9,,,300,arms.ucsm_stale.n_items,173.0
g1,g1,9,,,300,arms.ucsm_stale.bits,57812.0
g1,g1,9,,,300,arms.ucsm_graph.roles.fragile.mean_cost,79.77777777777777
g1,g1,9,,,300,arms.ucsm_graph.roles.fragile.phantom_rate,0.9444444444444444
g1,g1,9,,,300,arms.ucsm_graph.roles.robust.mean_cost,110.22222222222223
g1,g1,9,,,300,arms.ucsm_graph.roles.robust.phantom_rate,0.9444444444444444
g1,g1,9,,,300,arms.ucsm_graph.n_items,132.0
g1,g1,9,,,300,arms.ucsm_graph.bits,44678.0
g1,g1,10,,,300,battery,36.0
g1,g1,10,,,300,arms.ucsm_stale.roles.fragile.mean_cost,85.05555555555556
g1,g1,10,,,300,arms.ucsm_stale.roles.fragile.phantom_rate,0.9166666666666666
g1,g1,10,,,300,arms.ucsm_stale.roles.robust.mean_cost,112.13888888888889
g1,g1,10,,,300,arms.ucsm_stale.roles.robust.phantom_rate,0.9166666666666666
g1,g1,10,,,300,arms.ucsm_stale.n_items,162.0
g1,g1,10,,,300,arms.ucsm_stale.bits,55928.0
g1,g1,10,,,300,arms.ucsm_graph.roles.fragile.mean_cost,73.91666666666667
g1,g1,10,,,300,arms.ucsm_graph.roles.fragile.phantom_rate,0.8888888888888888
g1,g1,10,,,300,arms.ucsm_graph.roles.robust.mean_cost,102.27777777777777
g1,g1,10,,,300,arms.ucsm_graph.roles.robust.phantom_rate,0.8888888888888888
g1,g1,10,,,300,arms.ucsm_graph.n_items,122.0
g1,g1,10,,,300,arms.ucsm_graph.bits,42432.0
g1,g1,11,,,300,battery,36.0
g1,g1,11,,,300,arms.ucsm_stale.roles.fragile.mean_cost,69.05555555555556
g1,g1,11,,,300,arms.ucsm_stale.roles.fragile.phantom_rate,0.7222222222222222
g1,g1,11,,,300,arms.ucsm_stale.roles.robust.mean_cost,96.25
g1,g1,11,,,300,arms.ucsm_stale.roles.robust.phantom_rate,0.7222222222222222
g1,g1,11,,,300,arms.ucsm_stale.n_items,154.0
g1,g1,11,,,300,arms.ucsm_stale.bits,54386.0
g1,g1,11,,,300,arms.ucsm_graph.roles.fragile.mean_cost,69.63888888888889
g1,g1,11,,,300,arms.ucsm_graph.roles.fragile.phantom_rate,0.8333333333333334
g1,g1,11,,,300,arms.ucsm_graph.roles.robust.mean_cost,94.08333333333333
g1,g1,11,,,300,arms.ucsm_graph.roles.robust.phantom_rate,0.8333333333333334
g1,g1,11,,,300,arms.ucsm_graph.n_items,107.0
g1,g1,11,,,300,arms.ucsm_graph.bits,37652.0
g1,g1,0,,,25,battery,18.0
g1,g1,0,,,25,arms.ucsm_stale.roles.fragile.mean_cost,56.833333333333336
g1,g1,0,,,25,arms.ucsm_stale.roles.fragile.phantom_rate,0.6111111111111112
g1,g1,0,,,25,arms.ucsm_stale.roles.robust.mean_cost,68.83333333333333
g1,g1,0,,,25,arms.ucsm_stale.roles.robust.phantom_rate,0.6111111111111112
g1,g1,0,,,25,arms.ucsm_stale.n_items,18.0
g1,g1,0,,,25,arms.ucsm_stale.bits,6436.0
g1,g1,0,,,25,arms.ucsm_graph.roles.fragile.mean_cost,59.333333333333336
g1,g1,0,,,25,arms.ucsm_graph.roles.fragile.phantom_rate,0.6111111111111112
g1,g1,0,,,25,arms.ucsm_graph.roles.robust.mean_cost,70.33333333333333
g1,g1,0,,,25,arms.ucsm_graph.roles.robust.phantom_rate,0.6111111111111112
g1,g1,0,,,25,arms.ucsm_graph.n_items,15.0
g1,g1,0,,,25,arms.ucsm_graph.bits,5426.0
g1,g1,1,,,25,battery,18.0
g1,g1,1,,,25,arms.ucsm_stale.roles.fragile.mean_cost,77.66666666666667
g1,g1,1,,,25,arms.ucsm_stale.roles.fragile.phantom_rate,0.5555555555555556
g1,g1,1,,,25,arms.ucsm_stale.roles.robust.mean_cost,81.61111111111111
g1,g1,1,,,25,arms.ucsm_stale.roles.robust.phantom_rate,0.5555555555555556
g1,g1,1,,,25,arms.ucsm_stale.n_items,15.0
g1,g1,1,,,25,arms.ucsm_stale.bits,4970.0
g1,g1,1,,,25,arms.ucsm_graph.roles.fragile.mean_cost,92.16666666666667
g1,g1,1,,,25,arms.ucsm_graph.roles.fragile.phantom_rate,0.5555555555555556
g1,g1,1,,,25,arms.ucsm_graph.roles.robust.mean_cost,92.72222222222223
g1,g1,1,,,25,arms.ucsm_graph.roles.robust.phantom_rate,0.5555555555555556
g1,g1,1,,,25,arms.ucsm_graph.n_items,10.0
g1,g1,1,,,25,arms.ucsm_graph.bits,3286.0
i1,graph_no_prov,100,0.0,6,300,group_cost.fragile,142.08555555555554
i1,graph_no_prov,100,0.0,6,300,group_cost.robust,180.7588888888889
i1,graph_no_prov,100,0.0,6,300,success_first,0.044444444444444446
i1,graph_no_prov,100,0.0,6,300,fail_open,0.8788888888888889
i1,graph_no_prov,100,0.0,6,300,refusal,0.07666666666666666
i1,graph_no_prov,100,0.0,6,300,hazard_hits,5.6305555555555555
i1,graph_no_prov,100,0.0,6,300,duplicate_rate,0.015321154979375369
i1,graph_no_prov,100,0.0,6,300,wire_bits,970572.0
i1,graph_no_prov,100,0.0,6,300,memory_bits,364611.3333333333
i1,graph_no_prov,100,0.0,6,300,match_ops,682761.3333333334
i1,graph_no_prov,101,0.0,6,300,group_cost.fragile,141.85555555555555
i1,graph_no_prov,101,0.0,6,300,group_cost.robust,168.34555555555556
i1,graph_no_prov,101,0.0,6,300,success_first,0.049444444444444444
i1,graph_no_prov,101,0.0,6,300,fail_open,0.8811111111111111
i1,graph_no_prov,101,0.0,6,300,refusal,0.06944444444444445
i1,graph_no_prov,101,0.0,6,300,hazard_hits,5.167222222222223
i1,graph_no_prov,101,0.0,6,300,duplicate_rate,0.013458162668227034
i1,graph_no_prov,101,0.0,6,300,wire_bits,959844.0
i1,graph_no_prov,101,0.0,6,300,memory_bits,364717.3333333333
i1,graph_no_prov,101,0.0,6,300,match_ops,731048.0
i1,graph_no_prov,102,0.0,6,300,group_cost.fragile,143.72333333333333
i1,graph_no_prov,102,0.0,6,300,group_cost.robust,177.4711111111111
i1,graph_no_prov,102,0.0,6,300,success_first,0.03944444444444444
i1,graph_no_prov,102,0.0,6,300,fail_open,0.895
i1,graph_no_prov,102,0.0,6,300,refusal,0.06555555555555556
i1,graph_no_prov,102,0.0,6,300,hazard_hits,5.488333333333333
i1,graph_no_prov,102,0.0,6,300,duplicate_rate,0.016422287390029325
i1,graph_no_prov,102,0.0,6,300,wire_bits,971636.0
i1,graph_no_prov,102,0.0,6,300,memory_bits,366632.0
i1,graph_no_prov,102,0.0,6,300,match_ops,727821.0
i1,graph_no_prov,103,0.0,6,300,group_cost.fragile,146.3011111111111
i1,graph_no_prov,103,0.0,6,300,group_cost.robust,177.64333333333335
i1,graph_no_prov,103,0.0,6,300,success_first,0.042777777777777776
i1,graph_no_prov,103,0.0,6,300,fail_open,0.8983333333333333
i1,graph_no_prov,103,0.0,6,300,refusal,0.058888888888888886
i1,graph_no_prov,103,0.0,6,300,hazard_hits,5.597777777777778
i1,graph_no_prov,103,0.0,6,300,duplicate_rate,0.02152414194299011
i1,graph_no_prov,103,0.0,6,300,wire_bits,998108.0
i1,graph_no_prov,103,0.0,6,300,memory_bits,370004.3333333333
i1,graph_no_prov,103,0.0,6,300,match_ops,738565.6666666666
i1,graph_no_prov,104,0.0,6,300,group_cost.fragile,147.29555555555555
i1,graph_no_prov,104,0.0,6,300,group_cost.robust,174.1211111111111
i1,graph_no_prov,104,0.0,6,300,success_first,0.04722222222222222
i1,graph_no_prov,104,0.0,6,300,fail_open,0.8816666666666667
i1,graph_no_prov,104,0.0,6,300,refusal,0.07111111111111111
i1,graph_no_prov,104,0.0,6,300,hazard_hits,5.433333333333334
i1,graph_no_prov,104,0.0,6,300,duplicate_rate,0.014645577035735208
i1,graph_no_prov,104,0.0,6,300,wire_bits,984968.0
i1,graph_no_prov,104,0.0,6,300,memory_bits,366487.0
i1,graph_no_prov,104,0.0,6,300,match_ops,714841.0
i1,graph_no_prov,105,0.0,6,300,group_cost.fragile,142.46333333333334
i1,graph_no_prov,105,0.0,6,300,group_cost.robust,173.95777777777778
i1,graph_no_prov,105,0.0,6,300,success_first,0.044444444444444446
i1,graph_no_prov,105,0.0,6,300,fail_open,0.8816666666666667
i1,graph_no_prov,105,0.0,6,300,refusal,0.07388888888888889
i1,graph_no_prov,105,0.0,6,300,hazard_hits,5.372222222222222
i1,graph_no_prov,105,0.0,6,300,duplicate_rate,0.020600353148911125
i1,graph_no_prov,105,0.0,6,300,wire_bits,1008946.0
i1,graph_no_prov,105,0.0,6,300,memory_bits,376025.6666666667
i1,graph_no_prov,105,0.0,6,300,match_ops,728670.3333333334
i1,graph_no_prov,106,0.0,6,300,group_cost.fragile,152.54111111111112
i1,graph_no_prov,106,0.0,6,300,group_cost.robust,171.60555555555555
i1,graph_no_prov,106,0.0,6,300,success_first,0.04555555555555556
i1,graph_no_prov,106,0.0,6,300,fail_open,0.8722222222222222
i1,graph_no_prov,106,0.0,6,300,refusal,0.08222222222222222
i1,graph_no_prov,106,0.0,6,300,hazard_hits,5.586111111111111
i1,graph_no_prov,106,0.0,6,300,duplicate_rate,0.011869436201780416
i1,graph_no_prov,106,0.0,6,300,wire_bits,997520.0
i1,graph_no_prov,106,0.0,6,300,memory_bits,374780.3333333333
i1,graph_no_prov,106,0.0,6,300,match_ops,738777.6666666666
i1,graph_no_prov,107,0.0,6,300,group_cost.fragile,155.48666666666668
i1,graph_no_prov,107,0.0,6,300,group_cost.robust,175.40777777777777
i1,graph_no_prov,107,0.0,6,300,success_first,0.049444444444444444
i1,graph_no_prov,107,0.0,6,300,fail_open,0.8905555555555555
i1,graph_no_prov,107,0.0,6,300,refusal,0.06
i1,graph_no_prov,107,0.0,6,300,hazard_hits,5.688888888888889
i1,graph_no_prov,107,0.0,6,300,duplicate_rate,0.013994169096209912
i1,graph_no_prov,107,0.0,6,300,wire_bits,966460.0
i1,graph_no_prov,107,0.0,6,300,memory_bits,360347.3333333333
i1,graph_no_prov,107,0.0,6,300,match_ops,722312.3333333334
i1,graph_no_prov,108,0.0,6,300,group_cost.fragile,149.23111111111112
i1,graph_no_prov,108,0.0,6,300,group_cost.robust,173.84666666666666
i1,graph_no_prov,108,0.0,6,300,success_first,0.04666666666666667
i1,graph_no_prov,108,0.0,6,300,fail_open,0.8855555555555555
i1,graph_no_prov,108,0.0,6,300,refusal,0.06777777777777778
i1,graph_no_prov,108,0.0,6,300,hazard_hits,5.464444444444444
i1,graph_no_prov,108,0.0,6,300,duplicate_rate,0.01522248243559719
i1,graph_no_prov,108,0.0,6,300,wire_bits,999974.0
i1,graph_no_prov,108,0.0,6,300,memory_bits,372004.0
i1,graph_no_prov,108,0.0,6,300,match_ops,727246.0
i1,graph_no_prov,109,0.0,6,300,group_cost.fragile,142.66555555555556
i1,graph_no_prov,109,0.0,6,300,group_cost.robust,172.92444444444445
i1,graph_no_prov,109,0.0,6,300,success_first,0.044444444444444446
i1,graph_no_prov,109,0.0,6,300,fail_open,0.8694444444444445
i1,graph_no_prov,109,0.0,6,300,refusal,0.08611111111111111
i1,graph_no_prov,109,0.0,6,300,hazard_hits,5.463888888888889
i1,graph_no_prov,109,0.0,6,300,duplicate_rate,0.017272185824895772
i1,graph_no_prov,109,0.0,6,300,wire_bits,970352.0
i1,graph_no_prov,109,0.0,6,300,memory_bits,366968.0
i1,graph_no_prov,109,0.0,6,300,match_ops,705219.0
i1,graph_no_prov,110,0.0,6,300,group_cost.fragile,151.67111111111112
i1,graph_no_prov,110,0.0,6,300,group_cost.robust,175.2788888888889
i1,graph_no_prov,110,0.0,6,300,success_first,0.041666666666666664
i1,graph_no_prov,110,0.0,6,300,fail_open,0.8855555555555555
i1,graph_no_prov,110,0.0,6,300,refusal,0.07277777777777777
i1,graph_no_prov,110,0.0,6,300,hazard_hits,5.59
i1,graph_no_prov,110,0.0,6,300,duplicate_rate,0.01772002362669817
i1,graph_no_prov,110,0.0,6,300,wire_bits,968304.0
i1,graph_no_prov,110,0.0,6,300,memory_bits,360405.3333333333
i1,graph_no_prov,110,0.0,6,300,match_ops,713881.6666666666
i1,graph_no_prov,111,0.0,6,300,group_cost.fragile,140.42111111111112
i1,graph_no_prov,111,0.0,6,300,group_cost.robust,172.4011111111111
i1,graph_no_prov,111,0.0,6,300,success_first,0.055
i1,graph_no_prov,111,0.0,6,300,fail_open,0.8872222222222222
i1,graph_no_prov,111,0.0,6,300,refusal,0.057777777777777775
i1,graph_no_prov,111,0.0,6,300,hazard_hits,5.156666666666666
i1,graph_no_prov,111,0.0,6,300,duplicate_rate,0.01977894124490983
i1,graph_no_prov,111,0.0,6,300,wire_bits,977788.0
i1,graph_no_prov,111,0.0,6,300,memory_bits,368499.0
i1,graph_no_prov,111,0.0,6,300,match_ops,741186.0
i1,independent,100,0.0,4,300,group_cost.fragile,134.76333333333332
i1,independent,100,0.0,4,300,group_cost.robust,143.045
i1,independent,100,0.0,4,300,success_first,0.04833333333333333
i1,independent,100,0.0,4,300,fail_open,0.7866666666666666
i1,independent,100,0.0,4,300,refusal,0.165
i1,independent,100,0.0,4,300,hazard_hits,5.5375
i1,independent,100,0.0,4,300,duplicate_rate,0.011505273250239693
i1,independent,100,0.0,4,300,wire_bits,0.0
i1,independent,100,0.0,4,300,memory_bits,130461.5
i1,independent,100,0.0,4,300,match_ops,219467.5
i1,independent,101,0.0,4,300,group_cost.fragile,139.02666666666667
i1,independent,101,0.0,4,300,group_cost.robust,144.87
i1,independent,101,0.0,4,300,success_first,0.050833333333333335
i1,independent,101,0.0,4,300,fail_open,0.7983333333333333
i1,independent,101,0.0,4,300,refusal,0.15083333333333335
i1,independent,101,0.0,4,300,hazard_hits,5.744166666666667
i1,independent,101,0.0,4,300,duplicate_rate,0.007575757575757576
i1,independent,101,0.0,4,300,wire_bits,0.0
i1,independent,101,0.0,4,300,memory_bits,134568.0
i1,independent,101,0.0,4,300,match_ops,232109.0
i1,independent,102,0.0,4,300,group_cost.fragile,134.33333333333334
i1,independent,102,0.0,4,300,group_cost.robust,142.81833333333333
i1,independent,102,0.0,4,300,success_first,0.03916666666666667
i1,independent,102,0.0,4,300,fail_open,0.8066666666666666
i1,independent,102,0.0,4,300,refusal,0.15416666666666667
i1,independent,102,0.0,4,300,hazard_hits,5.445833333333334
i1,independent,102,0.0,4,300,duplicate_rate,0.016159695817490494
i1,independent,102,0.0,4,300,wire_bits,0.0
i1,independent,102,0.0,4,300,memory_bits,133385.0
i1,independent,102,0.0,4,300,match_ops,232470.5
i1,independent,103,0.0,4,300,group_cost.fragile,134.42833333333334
i1,independent,103,0.0,4,300,group_cost.robust,143.26833333333335
i1,independent,103,0.0,4,300,success_first,0.03666666666666667
i1,independent,103,0.0,4,300,fail_open,0.8041666666666667
i1,independent,103,0.0,4,300,refusal,0.15916666666666668
i1,independent,103,0.0,4,300,hazard_hits,5.5633333333333335
i1,independent,103,0.0,4,300,duplicate_rate,0.013307984790874524
i1,independent,103,0.0,4,300,wire_bits,0.0
i1,independent,103,0.0,4,300,memory_bits,131966.5
i1,independent,103,0.0,4,300,match_ops,227790.5
i1,independent,104,0.0,4,300,group_cost.fragile,130.015
i1,independent,104,0.0,4,300,group_cost.robust,146.355
i1,independent,104,0.0,4,300,success_first,0.041666666666666664
i1,independent,104,0.0,4,300,fail_open,0.7775
i1,independent,104,0.0,4,300,refusal,0.18083333333333335
i1,independent,104,0.0,4,300,hazard_hits,5.536666666666667
i1,independent,104,0.0,4,300,duplicate_rate,0.006776379477250726
i1,independent,104,0.0,4,300,wire_bits,0.0
i1,independent,104,0.0,4,300,memory_bits,133005.0
i1,independent,104,0.0,4,300,match_ops,227866.5
i1,independent,105,0.0,4,300,group_cost.fragile,130.99
i1,independent,105,0.0,4,300,group_cost.robust,141.26
i1,independent,105,0.0,4,300,success_first,0.03916666666666667
i1,independent,105,0.0,4,300,fail_open,0.7908333333333334
i1,independent,105,0.0,4,300,refusal,0.17
i1,independent,105,0.0,4,300,hazard_hits,5.363333333333333
i1,independent,105,0.0,4,300,duplicate_rate,0.013605442176870748
i1,independent,105,0.0,4,300,wire_bits,0.0
i1,independent,105,0.0,4,300,memory_bits,134347.0
i1,independent,105,0.0,4,300,match_ops,230916.0
i1,independent,106,0.0,4,300,group_cost.fragile,131.64666666666668
i1,independent,106,0.0,4,300,group_cost.robust,139.02
i1,independent,106,0.0,4,300,success_first,0.04833333333333333
i1,independent,106,0.0,4,300,fail_open,0.76
i1,independent,106,0.0,4,300,refusal,0.19166666666666668
i1,independent,106,0.0,4,300,hazard_hits,5.415
i1,independent,106,0.0,4,300,duplicate_rate,0.007897334649555774
i1,independent,106,0.0,4,300,wire_bits,0.0
i1,independent,106,0.0,4,300,memory_bits,135275.0
i1,independent,106,0.0,4,300,match_ops,239561.5
i1,independent,107,0.0,4,300,group_cost.fragile,138.78666666666666
i1,independent,107,0.0,4,300,group_cost.robust,138.56166666666667
i1,independent,107,0.0,4,300,success_first,0.050833333333333335
i1,independent,107,0.0,4,300,fail_open,0.7783333333333333
i1,independent,107,0.0,4,300,refusal,0.17083333333333334
i1,independent,107,0.0,4,300,hazard_hits,5.53
i1,independent,107,0.0,4,300,duplicate_rate,0.0048449612403100775
i1,independent,107,0.0,4,300,wire_bits,0.0
i1,independent,107,0.0,4,300,memory_bits,136181.5
i1,independent,107,0.0,4,300,match_ops,233351.0
i1,independent,108,0.0,4,300,group_cost.fragile,127.82
i1,independent,108,0.0,4,300,group_cost.robust,134.99
i1,independent,108,0.0,4,300,success_first,0.04083333333333333
i1,independent,108,0.0,4,300,fail_open,0.8016666666666666
i1,independent,108,0.0,4,300,refusal,0.1575
i1,independent,108,0.0,4,300,hazard_hits,5.049166666666666
i1,independent,108,0.0,4,300,duplicate_rate,0.0057692307692307696
i1,independent,108,0.0,4,300,wire_bits,0.0
i1,independent,108,0.0,4,300,memory_bits,132689.5
i1,independent,108,0.0,4,300,match_ops,230591.5
i1,independent,109,0.0,4,300,group_cost.fragile,140.88166666666666
i1,independent,109,0.0,4,300,group_cost.robust,135.63833333333332
i1,independent,109,0.0,4,300,success_first,0.043333333333333335
i1,independent,109,0.0,4,300,fail_open,0.7816666666666666
i1,independent,109,0.0,4,300,refusal,0.175
i1,independent,109,0.0,4,300,hazard_hits,5.441666666666666
i1,independent,109,0.0,4,300,duplicate_rate,0.008695652173913044
i1,independent,109,0.0,4,300,wire_bits,0.0
i1,independent,109,0.0,4,300,memory_bits,134728.5
i1,independent,109,0.0,4,300,match_ops,230900.5
i1,independent,110,0.0,4,300,group_cost.fragile,128.46333333333334
i1,independent,110,0.0,4,300,group_cost.robust,138.41166666666666
i1,independent,110,0.0,4,300,success_first,0.05
i1,independent,110,0.0,4,300,fail_open,0.7916666666666666
i1,independent,110,0.0,4,300,refusal,0.15833333333333333
i1,independent,110,0.0,4,300,hazard_hits,5.193333333333333
i1,independent,110,0.0,4,300,duplicate_rate,0.0056925996204933585
i1,independent,110,0.0,4,300,wire_bits,0.0
i1,independent,110,0.0,4,300,memory_bits,131779.0
i1,independent,110,0.0,4,300,match_ops,231369.5
i1,independent,111,0.0,4,300,group_cost.fragile,131.09833333333333
i1,independent,111,0.0,4,300,group_cost.robust,145.22666666666666
i1,independent,111,0.0,4,300,success_first,0.051666666666666666
i1,independent,111,0.0,4,300,fail_open,0.7808333333333334
i1,independent,111,0.0,4,300,refusal,0.1675
i1,independent,111,0.0,4,300,hazard_hits,5.474166666666667
i1,independent,111,0.0,4,300,duplicate_rate,0.008620689655172414
i1,independent,111,0.0,4,300,wire_bits,0.0
i1,independent,111,0.0,4,300,memory_bits,131423.0
i1,independent,111,0.0,4,300,match_ops,223677.5
i1,independent,100,0.0,6,300,group_cost.fragile,134.41333333333333
i1,independent,100,0.0,6,300,group_cost.robust,149.34
i1,independent,100,0.0,6,300,success_first,0.027777777777777776
i1,independent,100,0.0,6,300,fail_open,0.825
i1,independent,100,0.0,6,300,refusal,0.14722222222222223
i1,independent,100,0.0,6,300,hazard_hits,5.608333333333333
i1,independent,100,0.0,6,300,duplicate_rate,0.015683814303638646
i1,independent,100,0.0,6,300,wire_bits,0.0
i1,independent,100,0.0,6,300,memory_bits,135346.66666666666
i1,independent,100,0.0,6,300,match_ops,237601.33333333334
i1,independent,101,0.0,6,300,group_cost.fragile,135.72555555555556
i1,independent,101,0.0,6,300,group_cost.robust,145.8711111111111
i1,independent,101,0.0,6,300,success_first,0.03388888888888889
i1,independent,101,0.0,6,300,fail_open,0.7944444444444444
i1,independent,101,0.0,6,300,refusal,0.17166666666666666
i1,independent,101,0.0,6,300,hazard_hits,5.622777777777777
i1,independent,101,0.0,6,300,duplicate_rate,0.018518518518518517
i1,independent,101,0.0,6,300,wire_bits,0.0
i1,independent,101,0.0,6,300,memory_bits,134264.66666666666
i1,independent,101,0.0,6,300,match_ops,231420.33333333334
i1,independent,102,0.0,6,300,group_cost.fragile,139.19444444444446
i1,independent,102,0.0,6,300,group_cost.robust,144.99333333333334
i1,independent,102,0.0,6,300,success_first,0.035
i1,independent,102,0.0,6,300,fail_open,0.7905555555555556
i1,independent,102,0.0,6,300,refusal,0.17444444444444446
i1,independent,102,0.0,6,300,hazard_hits,5.673333333333333
i1,independent,102,0.0,6,300,duplicate_rate,0.014935064935064935
i1,independent,102,0.0,6,300,wire_bits,0.0
i1,independent,102,0.0,6,300,memory_bits,135180.66666666666
i1,independent,102,0.0,6,300,match_ops,240091.0
i1,independent,103,0.0,6,300,group_cost.fragile,138.5611111111111
i1,independent,103,0.0,6,300,group_cost.robust,146.39222222222222
i1,independent,103,0.0,6,300,success_first,0.03166666666666667
i1,independent,103,0.0,6,300,fail_open,0.7761111111111111
i1,independent,103,0.0,6,300,refusal,0.1922222222222222
i1,independent,103,0.0,6,300,hazard_hits,5.791111111111111
i1,independent,103,0.0,6,300,duplicate_rate,0.014964216005204945
i1,independent,103,0.0,6,300,wire_bits,0.0
i1,independent,103,0.0,6,300,memory_bits,134125.33333333334
i1,independent,103,0.0,6,300,match_ops,234637.33333333334
i1,independent,104,0.0,6,300,group_cost.fragile,128.3488888888889
i1,independent,104,0.0,6,300,group_cost.robust,149.20444444444445
i1,independent,104,0.0,6,300,success_first,0.03833333333333333
i1,independent,104,0.0,6,300,fail_open,0.7972222222222223
i1,independent,104,0.0,6,300,refusal,0.16444444444444445
i1,independent,104,0.0,6,300,hazard_hits,5.480555555555555
i1,independent,104,0.0,6,300,duplicate_rate,0.019935691318327974
i1,independent,104,0.0,6,300,wire_bits,0.0
i1,independent,104,0.0,6,300,memory_bits,134360.66666666666
i1,independent,104,0.0,6,300,match_ops,236455.66666666666
i1,independent,105,0.0,6,300,group_cost.fragile,133.14111111111112
i1,independent,105,0.0,6,300,group_cost.robust,140.20555555555555
i1,independent,105,0.0,6,300,success_first,0.03333333333333333
i1,independent,105,0.0,6,300,fail_open,0.79
i1,independent,105,0.0,6,300,refusal,0.17666666666666667
i1,independent,105,0.0,6,300,hazard_hits,5.4127777777777775
i1,independent,105,0.0,6,300,duplicate_rate,0.018904823989569754
i1,independent,105,0.0,6,300,wire_bits,0.0
i1,independent,105,0.0,6,300,memory_bits,135815.0
i1,independent,105,0.0,6,300,match_ops,238380.66666666666
i1,independent,106,0.0,6,300,group_cost.fragile,145.9111111111111
i1,independent,106,0.0,6,300,group_cost.robust,145.68666666666667
i1,independent,106,0.0,6,300,success_first,0.027777777777777776
i1,independent,106,0.0,6,300,fail_open,0.7916666666666666
i1,independent,106,0.0,6,300,refusal,0.18055555555555555
i1,independent,106,0.0,6,300,hazard_hits,5.874444444444444
i1,independent,106,0.0,6,300,duplicate_rate,0.010911424903722721
i1,independent,106,0.0,6,300,wire_bits,0.0
i1,independent,106,0.0,6,300,memory_bits,138160.33333333334
i1,independent,106,0.0,6,300,match_ops,243149.33333333334
i1,independent,107,0.0,6,300,group_cost.fragile,145.60777777777778
i1,independent,107,0.0,6,300,group_cost.robust,149.4488888888889
i1,independent,107,0.0,6,300,success_first,0.03166666666666667
i1,independent,107,0.0,6,300,fail_open,0.7972222222222223
i1,independent,107,0.0,6,300,refusal,0.1711111111111111
i1,independent,107,0.0,6,300,hazard_hits,5.922777777777778
i1,independent,107,0.0,6,300,duplicate_rate,0.012187299550994226
i1,independent,107,0.0,6,300,wire_bits,0.0
i1,independent,107,0.0,6,300,memory_bits,136396.33333333334
i1,independent,107,0.0,6,300,match_ops,239761.66666666666
i1,independent,108,0.0,6,300,group_cost.fragile,134.48555555555555
i1,independent,108,0.0,6,300,group_cost.robust,146.25222222222223
i1,independent,108,0.0,6,300,success_first,0.03277777777777778
i1,independent,108,0.0,6,300,fail_open,0.8111111111111111
i1,independent,108,0.0,6,300,refusal,0.15611111111111112
i1,independent,108,0.0,6,300,hazard_hits,5.576666666666667
i1,independent,108,0.0,6,300,duplicate_rate,0.01829652996845426
i1,independent,108,0.0,6,300,wire_bits,0.0
i1,independent,108,0.0,6,300,memory_bits,135094.0
i1,independent,108,0.0,6,300,match_ops,236575.0
i1,independent,109,0.0,6,300,group_cost.fragile,139.29
i1,independent,109,0.0,6,300,group_cost.robust,152.13555555555556
i1,independent,109,0.0,6,300,success_first,0.028888888888888888
i1,independent,109,0.0,6,300,fail_open,0.79
i1,independent,109,0.0,6,300,refusal,0.1811111111111111
i1,independent,109,0.0,6,300,hazard_hits,5.831666666666667
i1,independent,109,0.0,6,300,duplicate_rate,0.012953367875647668
i1,independent,109,0.0,6,300,wire_bits,0.0
i1,independent,109,0.0,6,300,memory_bits,137125.66666666666
i1,independent,109,0.0,6,300,match_ops,243305.33333333334
i1,independent,110,0.0,6,300,group_cost.fragile,133.01777777777778
i1,independent,110,0.0,6,300,group_cost.robust,143.9477777777778
i1,independent,110,0.0,6,300,success_first,0.03833333333333333
i1,independent,110,0.0,6,300,fail_open,0.8016666666666666
i1,independent,110,0.0,6,300,refusal,0.16
i1,independent,110,0.0,6,300,hazard_hits,5.482777777777778
i1,independent,110,0.0,6,300,duplicate_rate,0.010718789407313998
i1,independent,110,0.0,6,300,wire_bits,0.0
i1,independent,110,0.0,6,300,memory_bits,135311.66666666666
i1,independent,110,0.0,6,300,match_ops,237651.66666666666
i1,independent,111,0.0,6,300,group_cost.fragile,139.32444444444445
i1,independent,111,0.0,6,300,group_cost.robust,144.25222222222223
i1,independent,111,0.0,6,300,success_first,0.03666666666666667
i1,independent,111,0.0,6,300,fail_open,0.7833333333333333
i1,independent,111,0.0,6,300,refusal,0.18
i1,independent,111,0.0,6,300,hazard_hits,5.658888888888889
i1,independent,111,0.0,6,300,duplicate_rate,0.013654096228868661
i1,independent,111,0.0,6,300,wire_bits,0.0
i1,independent,111,0.0,6,300,memory_bits,136156.66666666666
i1,independent,111,0.0,6,300,match_ops,234248.66666666666
i1,independent,100,0.0,8,300,group_cost.fragile,138.25916666666666
i1,independent,100,0.0,8,300,group_cost.robust,150.0225
i1,independent,100,0.0,8,300,success_first,0.02875
i1,independent,100,0.0,8,300,fail_open,0.8158333333333333
i1,independent,100,0.0,8,300,refusal,0.15541666666666668
i1,independent,100,0.0,8,300,hazard_hits,5.76625
i1,independent,100,0.0,8,300,duplicate_rate,0.01649387370405278
i1,independent,100,0.0,8,300,wire_bits,0.0
i1,independent,100,0.0,8,300,memory_bits,134915.75
i1,independent,100,0.0,8,300,match_ops,236470.75
i1,independent,101,0.0,8,300,group_cost.fragile,133.04166666666666
i1,independent,101,0.0,8,300,group_cost.robust,152.11666666666667
i1,independent,101,0.0,8,300,success_first,0.027916666666666666
i1,independent,101,0.0,8,300,fail_open,0.7991666666666667
i1,independent,101,0.0,8,300,refusal,0.17291666666666666
i1,independent,101,0.0,8,300,hazard_hits,5.70125
i1,independent,101,0.0,8,300,duplicate_rate,0.017900338655055636
i1,independent,101,0.0,8,300,wire_bits,0.0
i1,independent,101,0.0,8,300,memory_bits,135953.25
i1,independent,101,0.0,8,300,match_ops,236826.25
i1,independent,102,0.0,8,300,group_cost.fragile,137.07166666666666
i1,independent,102,0.0,8,300,group_cost.robust,147.93333333333334
i1,independent,102,0.0,8,300,success_first,0.029166666666666667
i1,independent,102,0.0,8,300,fail_open,0.8116666666666666
i1,independent,102,0.0,8,300,refusal,0.15916666666666668
i1,independent,102,0.0,8,300,hazard_hits,5.619166666666667
i1,independent,102,0.0,8,300,duplicate_rate,0.023311132254995242
i1,independent,102,0.0,8,300,wire_bits,0.0
i1,independent,102,0.0,8,300,memory_bits,135307.75
i1,independent,102,0.0,8,300,match_ops,240384.75
i1,independent,103,0.0,8,300,group_cost.fragile,138.18666666666667
i1,independent,103,0.0,8,300,group_cost.robust,154.45666666666668
i1,independent,103,0.0,8,300,success_first,0.025
i1,independent,103,0.0,8,300,fail_open,0.7929166666666667
i1,independent,103,0.0,8,300,refusal,0.18208333333333335
i1,independent,103,0.0,8,300,hazard_hits,5.937083333333334
i1,independent,103,0.0,8,300,duplicate_rate,0.01883148237566393
i1,independent,103,0.0,8,300,wire_bits,0.0
i1,independent,103,0.0,8,300,memory_bits,135730.75
i1,independent,103,0.0,8,300,match_ops,241858.0
i1,independent,104,0.0,8,300,group_cost.fragile,134.74916666666667
i1,independent,104,0.0,8,300,group_cost.robust,147.4925
i1,independent,104,0.0,8,300,success_first,0.03
i1,independent,104,0.0,8,300,fail_open,0.8020833333333334
i1,independent,104,0.0,8,300,refusal,0.16791666666666666
i1,independent,104,0.0,8,300,hazard_hits,5.560416666666667
i1,independent,104,0.0,8,300,duplicate_rate,0.015333013895543843
i1,independent,104,0.0,8,300,wire_bits,0.0
i1,independent,104,0.0,8,300,memory_bits,137752.0
i1,independent,104,0.0,8,300,match_ops,245710.25
i1,independent,105,0.0,8,300,group_cost.fragile,138.34166666666667
i1,independent,105,0.0,8,300,group_cost.robust,141.77416666666667
i1,independent,105,0.0,8,300,success_first,0.022083333333333333
i1,independent,105,0.0,8,300,fail_open,0.8016666666666666
i1,independent,105,0.0,8,300,refusal,0.17625
i1,independent,105,0.0,8,300,hazard_hits,5.4679166666666665
i1,independent,105,0.0,8,300,duplicate_rate,0.022826614861583293
i1,independent,105,0.0,8,300,wire_bits,0.0
i1,independent,105,0.0,8,300,memory_bits,136914.5
i1,independent,105,0.0,8,300,match_ops,241145.75
i1,independent,106,0.0,8,300,group_cost.fragile,140.10916666666665
i1,independent,106,0.0,8,300,group_cost.robust,146.8225
i1,independent,106,0.0,8,300,success_first,0.02375
i1,independent,106,0.0,8,300,fail_open,0.7958333333333333
i1,independent,106,0.0,8,300,refusal,0.18041666666666667
i1,independent,106,0.0,8,300,hazard_hits,5.7058333333333335
i1,independent,106,0.0,8,300,duplicate_rate,0.01791767554479419
i1,independent,106,0.0,8,300,wire_bits,0.0
i1,independent,106,0.0,8,300,memory_bits,138126.0
i1,independent,106,0.0,8,300,match_ops,246229.5
i1,independent,107,0.0,8,300,group_cost.fragile,140.3025
i1,independent,107,0.0,8,300,group_cost.robust,145.38333333333333
i1,independent,107,0.0,8,300,success_first,0.02625
i1,independent,107,0.0,8,300,fail_open,0.79375
i1,independent,107,0.0,8,300,refusal,0.18
i1,independent,107,0.0,8,300,hazard_hits,5.64375
i1,independent,107,0.0,8,300,duplicate_rate,0.014584346135148274
i1,independent,107,0.0,8,300,wire_bits,0.0
i1,independent,107,0.0,8,300,memory_bits,136947.25
i1,independent,107,0.0,8,300,match_ops,244425.0
i1,independent,108,0.0,8,300,group_cost.fragile,134.59083333333334
i1,independent,108,0.0,8,300,group_cost.robust,149.55333333333334
i1,independent,108,0.0,8,300,success_first,0.02875
i1,independent,108,0.0,8,300,fail_open,0.79125
i1,independent,108,0.0,8,300,refusal,0.18
i1,independent,108,0.0,8,300,hazard_hits,5.632916666666667
i1,independent,108,0.0,8,300,duplicate_rate,0.017926356589147287
i1,independent,108,0.0,8,300,wire_bits,0.0
i1,independent,108,0.0,8,300,memory_bits,137139.0
i1,independent,108,0.0,8,300,match_ops,245016.0
i1,independent,109,0.0,8,300,group_cost.fragile,142.57583333333332
i1,independent,109,0.0,8,300,group_cost.robust,149.56833333333333
i1,independent,109,0.0,8,300,success_first,0.030416666666666668
i1,independent,109,0.0,8,300,fail_open,0.78
i1,independent,109,0.0,8,300,refusal,0.18958333333333333
i1,independent,109,0.0,8,300,hazard_hits,5.874583333333334
i1,independent,109,0.0,8,300,duplicate_rate,0.021006350757205666
i1,independent,109,0.0,8,300,wire_bits,0.0
i1,independent,109,0.0,8,300,memory_bits,137140.25
i1,independent,109,0.0,8,300,match_ops,243350.75
i1,independent,110,0.0,8,300,group_cost.fragile,136.62166666666667
i1,independent,110,0.0,8,300,group_cost.robust,143.405
i1,independent,110,0.0,8,300,success_first,0.02666666666666667
i1,independent,110,0.0,8,300,fail_open,0.8054166666666667
i1,independent,110,0.0,8,300,refusal,0.16791666666666666
i1,independent,110,0.0,8,300,hazard_hits,5.5275
i1,independent,110,0.0,8,300,duplicate_rate,0.020982355746304245
i1,independent,110,0.0,8,300,wire_bits,0.0
i1,independent,110,0.0,8,300,memory_bits,135206.75
i1,independent,110,0.0,8,300,match_ops,241472.25
i1,independent,111,0.0,8,300,group_cost.fragile,140.94666666666666
i1,independent,111,0.0,8,300,group_cost.robust,145.26416666666665
i1,independent,111,0.0,8,300,success_first,0.02625
i1,independent,111,0.0,8,300,fail_open,0.8025
i1,independent,111,0.0,8,300,refusal,0.17125
i1,independent,111,0.0,8,300,hazard_hits,5.707916666666667
i1,independent,111,0.0,8,300,duplicate_rate,0.0163855421686747
i1,independent,111,0.0,8,300,wire_bits,0.0
i1,independent,111,0.0,8,300,memory_bits,136516.0
i1,independent,111,0.0,8,300,match_ops,238927.75
i1,independent,100,0.1,6,300,group_cost.fragile,180.02777777777777
i1,independent,100,0.1,6,300,group_cost.robust,197.97444444444446
i1,independent,100,0.1,6,300,success_first,0.023333333333333334
i1,independent,100,0.1,6,300,fail_open,0.9083333333333333
i1,independent,100,0.1,6,300,refusal,0.06833333333333333
i1,independent,100,0.1,6,300,hazard_hits,6.664444444444444
i1,independent,100,0.1,6,300,duplicate_rate,0.019400352733686066
i1,independent,100,0.1,6,300,wire_bits,0.0
i1,independent,100,0.1,6,300,memory_bits,124290.66666666667
i1,independent,100,0.1,6,300,match_ops,200255.0
i1,independent,101,0.1,6,300,group_cost.fragile,165.78666666666666
i1,independent,101,0.1,6,300,group_cost.robust,200.99555555555557
i1,independent,101,0.1,6,300,success_first,0.02722222222222222
i1,independent,101,0.1,6,300,fail_open,0.9105555555555556
i1,independent,101,0.1,6,300,refusal,0.06222222222222222
i1,independent,101,0.1,6,300,hazard_hits,6.286111111111111
i1,independent,101,0.1,6,300,duplicate_rate,0.015807962529274005
i1,independent,101,0.1,6,300,wire_bits,0.0
i1,independent,101,0.1,6,300,memory_bits,124646.66666666667
i1,independent,101,0.1,6,300,match_ops,202467.66666666666
i1,independent,102,0.1,6,300,group_cost.fragile,169.43666666666667
i1,independent,102,0.1,6,300,group_cost.robust,200.5
i1,independent,102,0.1,6,300,success_first,0.021111111111111112
i1,independent,102,0.1,6,300,fail_open,0.9127777777777778
i1,independent,102,0.1,6,300,refusal,0.0661111111111111
i1,independent,102,0.1,6,300,hazard_hits,6.458333333333333
i1,independent,102,0.1,6,300,duplicate_rate,0.011702750146284377
i1,independent,102,0.1,6,300,wire_bits,0.0
i1,independent,102,0.1,6,300,memory_bits,124581.66666666667
i1,independent,102,0.1,6,300,match_ops,202426.66666666666
i1,independent,103,0.1,6,300,group_cost.fragile,161.51666666666668
i1,independent,103,0.1,6,300,group_cost.robust,206.57666666666665
i1,independent,103,0.1,6,300,success_first,0.02
i1,independent,103,0.1,6,300,fail_open,0.9166666666666666
i1,independent,103,0.1,6,300,refusal,0.06333333333333334
i1,independent,103,0.1,6,300,hazard_hits,6.548333333333333
i1,independent,103,0.1,6,300,duplicate_rate,0.015151515151515152
i1,independent,103,0.1,6,300,wire_bits,0.0
i1,independent,103,0.1,6,300,memory_bits,120997.0
i1,independent,103,0.1,6,300,match_ops,190701.66666666666
i1,independent,104,0.1,6,300,group_cost.fragile,162.90666666666667
i1,independent,104,0.1,6,300,group_cost.robust,195.7488888888889
i1,independent,104,0.1,6,300,success_first,0.03111111111111111
i1,independent,104,0.1,6,300,fail_open,0.9027777777777778
i1,independent,104,0.1,6,300,refusal,0.0661111111111111
i1,independent,104,0.1,6,300,hazard_hits,6.122222222222222
i1,independent,104,0.1,6,300,duplicate_rate,0.017523364485981307
i1,independent,104,0.1,6,300,wire_bits,0.0
i1,independent,104,0.1,6,300,memory_bits,123425.66666666667
i1,independent,104,0.1,6,300,match_ops,201736.66666666666
i1,independent,105,0.1,6,300,group_cost.fragile,172.50444444444443
i1,independent,105,0.1,6,300,group_cost.robust,186.41444444444446
i1,independent,105,0.1,6,300,success_first,0.028333333333333332
i1,independent,105,0.1,6,300,fail_open,0.9122222222222223
i1,independent,105,0.1,6,300,refusal,0.059444444444444446
i1,independent,105,0.1,6,300,hazard_hits,6.277222222222222
i1,independent,105,0.1,6,300,duplicate_rate,0.013986013986013986
i1,independent,105,0.1,6,300,wire_bits,0.0
i1,independent,105,0.1,6,300,memory_bits,126223.33333333333
i1,independent,105,0.1,6,300,match_ops,204050.0
i1,independent,106,0.1,6,300,group_cost.fragile,171.99444444444444
i1,independent,106,0.1,6,300,group_cost.robust,199.44
i1,independent,106,0.1,6,300,success_first,0.021111111111111112
i1,independent,106,0.1,6,300,fail_open,0.9155555555555556
i1,independent,106,0.1,6,300,refusal,0.06333333333333334
i1,independent,106,0.1,6,300,hazard_hits,6.5344444444444445
i1,independent,106,0.1,6,300,duplicate_rate,0.015780245470485097
i1,independent,106,0.1,6,300,wire_bits,0.0
i1,independent,106,0.1,6,300,memory_bits,125724.33333333333
i1,independent,106,0.1,6,300,match_ops,206081.0
i1,independent,107,0.1,6,300,group_cost.fragile,163.39444444444445
i1,independent,107,0.1,6,300,group_cost.robust,198.6977777777778
i1,independent,107,0.1,6,300,success_first,0.02
i1,independent,107,0.1,6,300,fail_open,0.9111111111111111
i1,independent,107,0.1,6,300,refusal,0.06888888888888889
i1,independent,107,0.1,6,300,hazard_hits,6.302777777777778
i1,independent,107,0.1,6,300,duplicate_rate,0.014645577035735208
i1,independent,107,0.1,6,300,wire_bits,0.0
i1,independent,107,0.1,6,300,memory_bits,124419.66666666667
i1,independent,107,0.1,6,300,match_ops,199215.33333333334
i1,independent,108,0.1,6,300,group_cost.fragile,163.03
i1,independent,108,0.1,6,300,group_cost.robust,186.70111111111112
i1,independent,108,0.1,6,300,success_first,0.023333333333333334
i1,independent,108,0.1,6,300,fail_open,0.9155555555555556
i1,independent,108,0.1,6,300,refusal,0.06111111111111111
i1,independent,108,0.1,6,300,hazard_hits,6.067222222222222
i1,independent,108,0.1,6,300,duplicate_rate,0.012259194395796848
i1,independent,108,0.1,6,300,wire_bits,0.0
i1,independent,108,0.1,6,300,memory_bits,122747.0
i1,independent,108,0.1,6,300,match_ops,196171.0
i1,independent,109,0.1,6,300,group_cost.fragile,175.9322222222222
i1,independent,109,0.1,6,300,group_cost.robust,206.0588888888889
i1,independent,109,0.1,6,300,success_first,0.017222222222222222
i1,independent,109,0.1,6,300,fail_open,0.9083333333333333
i1,independent,109,0.1,6,300,refusal,0.07444444444444444
i1,independent,109,0.1,6,300,hazard_hits,6.661111111111111
i1,independent,109,0.1,6,300,duplicate_rate,0.008244994110718492
i1,independent,109,0.1,6,300,wire_bits,0.0
i1,independent,109,0.1,6,300,memory_bits,125037.33333333333
i1,independent,109,0.1,6,300,match_ops,206966.66666666666
i1,independent,110,0.1,6,300,group_cost.fragile,166.49
i1,independent,110,0.1,6,300,group_cost.robust,195.15
i1,independent,110,0.1,6,300,success_first,0.02722222222222222
i1,independent,110,0.1,6,300,fail_open,0.91
i1,independent,110,0.1,6,300,refusal,0.06277777777777778
i1,independent,110,0.1,6,300,hazard_hits,6.247222222222222
i1,independent,110,0.1,6,300,duplicate_rate,0.017472335468841003
i1,independent,110,0.1,6,300,wire_bits,0.0
i1,independent,110,0.1,6,300,memory_bits,124387.0
i1,independent,110,0.1,6,300,match_ops,198847.66666666666
i1,independent,111,0.1,6,300,group_cost.fragile,168.30444444444444
i1,independent,111,0.1,6,300,group_cost.robust,196.08777777777777
i1,independent,111,0.1,6,300,success_first,0.022222222222222223
i1,independent,111,0.1,6,300,fail_open,0.9155555555555556
i1,independent,111,0.1,6,300,refusal,0.06222222222222222
i1,independent,111,0.1,6,300,hazard_hits,6.362222222222222
i1,independent,111,0.1,6,300,duplicate_rate,0.012790697674418604
i1,independent,111,0.1,6,300,wire_bits,0.0
i1,independent,111,0.1,6,300,memory_bits,124375.33333333333
i1,independent,111,0.1,6,300,match_ops,199390.0
i1,independent,100,0.2,6,300,group_cost.fragile,158.24777777777777
i1,independent,100,0.2,6,300,group_cost.robust,155.39666666666668
i1,independent,100,0.2,6,300,success_first,0.022222222222222223
i1,independent,100,0.2,6,300,fail_open,0.8233333333333334
i1,independent,100,0.2,6,300,refusal,0.15444444444444444
i1,independent,100,0.2,6,300,hazard_hits,6.208333333333333
i1,independent,100,0.2,6,300,duplicate_rate,0.015772870662460567
i1,independent,100,0.2,6,300,wire_bits,0.0
i1,independent,100,0.2,6,300,memory_bits,112875.33333333333
i1,independent,100,0.2,6,300,match_ops,156244.66666666666
i1,independent,101,0.2,6,300,group_cost.fragile,144.4922222222222
i1,independent,101,0.2,6,300,group_cost.robust,154.99
i1,independent,101,0.2,6,300,success_first,0.02666666666666667
i1,independent,101,0.2,6,300,fail_open,0.8388888888888889
i1,independent,101,0.2,6,300,refusal,0.13444444444444445
i1,independent,101,0.2,6,300,hazard_hits,5.850555555555555
i1,independent,101,0.2,6,300,duplicate_rate,0.00870105655686762
i1,independent,101,0.2,6,300,wire_bits,0.0
i1,independent,101,0.2,6,300,memory_bits,114555.33333333333
i1,independent,101,0.2,6,300,match_ops,154386.0
i1,independent,102,0.2,6,300,group_cost.fragile,138.7288888888889
i1,independent,102,0.2,6,300,group_cost.robust,163.75222222222223
i1,independent,102,0.2,6,300,success_first,0.01888888888888889
i1,independent,102,0.2,6,300,fail_open,0.7955555555555556
i1,independent,102,0.2,6,300,refusal,0.18555555555555556
i1,independent,102,0.2,6,300,hazard_hits,5.848333333333334
i1,independent,102,0.2,6,300,duplicate_rate,0.010355987055016181
i1,independent,102,0.2,6,300,wire_bits,0.0
i1,independent,102,0.2,6,300,memory_bits,115121.33333333333
i1,independent,102,0.2,6,300,match_ops,165104.0
i1,independent,103,0.2,6,300,group_cost.fragile,157.29666666666665
i1,independent,103,0.2,6,300,group_cost.robust,166.98444444444445
i1,independent,103,0.2,6,300,success_first,0.01888888888888889
i1,independent,103,0.2,6,300,fail_open,0.8183333333333334
i1,independent,103,0.2,6,300,refusal,0.16277777777777777
i1,independent,103,0.2,6,300,hazard_hits,6.473888888888889
i1,independent,103,0.2,6,300,duplicate_rate,0.017056222362602652
i1,independent,103,0.2,6,300,wire_bits,0.0
i1,independent,103,0.2,6,300,memory_bits,111597.33333333333
i1,independent,103,0.2,6,300,match_ops,155800.66666666666
i1,independent,104,0.2,6,300,group_cost.fragile,144.69333333333333
i1,independent,104,0.2,6,300,group_cost.robust,160.9311111111111
i1,independent,104,0.2,6,300,success_first,0.024444444444444446
i1,independent,104,0.2,6,300,fail_open,0.8377777777777777
i1,independent,104,0.2,6,300,refusal,0.13777777777777778
i1,independent,104,0.2,6,300,hazard_hits,5.979444444444445
i1,independent,104,0.2,6,300,duplicate_rate,0.012987012987012988
i1,independent,104,0.2,6,300,wire_bits,0.0
i1,independent,104,0.2,6,300,memory_bits,114730.0
i1,independent,104,0.2,6,300,match_ops,162076.33333333334
i1,independent,105,0.2,6,300,group_cost.fragile,149.45
i1,independent,105,0.2,6,300,group_cost.robust,163.61222222222221
i1,independent,105,0.2,6,300,success_first,0.021111111111111112
i1,independent,105,0.2,6,300,fail_open,0.8383333333333334
i1,independent,105,0.2,6,300,refusal,0.14055555555555554
i1,independent,105,0.2,6,300,hazard_hits,6.032222222222222
i1,independent,105,0.2,6,300,duplicate_rate,0.014206300185299567
i1,independent,105,0.2,6,300,wire_bits,0.0
i1,independent,105,0.2,6,300,memory_bits,115375.66666666667
i1,independent,105,0.2,6,300,match_ops,165813.33333333334
i1,independent,106,0.2,6,300,group_cost.fragile,142.6888888888889
i1,independent,106,0.2,6,300,group_cost.robust,155.1888888888889
i1,independent,106,0.2,6,300,success_first,0.013333333333333334
i1,independent,106,0.2,6,300,fail_open,0.8322222222222222
i1,independent,106,0.2,6,300,refusal,0.15444444444444444
i1,independent,106,0.2,6,300,hazard_hits,5.806111111111111
i1,independent,106,0.2,6,300,duplicate_rate,0.007561436672967864
i1,independent,106,0.2,6,300,wire_bits,0.0
i1,independent,106,0.2,6,300,memory_bits,114143.66666666667
i1,independent,106,0.2,6,300,match_ops,159950.33333333334
i1,independent,107,0.2,6,300,group_cost.fragile,144.67444444444445
i1,independent,107,0.2,6,300,group_cost.robust,165.79333333333332
i1,independent,107,0.2,6,300,success_first,0.016666666666666666
i1,independent,107,0.2,6,300,fail_open,0.8272222222222222
i1,independent,107,0.2,6,300,refusal,0.15611111111111112
i1,independent,107,0.2,6,300,hazard_hits,6.109444444444445
i1,independent,107,0.2,6,300,duplicate_rate,0.01277139208173691
i1,independent,107,0.2,6,300,wire_bits,0.0
i1,independent,107,0.2,6,300,memory_bits,113714.66666666667
i1,independent,107,0.2,6,300,match_ops,153048.33333333334
i1,independent,108,0.2,6,300,group_cost.fragile,153.66
i1,independent,108,0.2,6,300,group_cost.robust,157.9177777777778
i1,independent,108,0.2,6,300,success_first,0.013333333333333334
i1,independent,108,0.2,6,300,fail_open,0.8294444444444444
i1,independent,108,0.2,6,300,refusal,0.15722222222222224
i1,independent,108,0.2,6,300,hazard_hits,6.17
i1,independent,108,0.2,6,300,duplicate_rate,0.014538558786346398
i1,independent,108,0.2,6,300,wire_bits,0.0
i1,independent,108,0.2,6,300,memory_bits,111931.33333333333
i1,independent,108,0.2,6,300,match_ops,155369.0
i1,independent,109,0.2,6,300,group_cost.fragile,151.28666666666666
i1,independent,109,0.2,6,300,group_cost.robust,159.08444444444444
i1,independent,109,0.2,6,300,success_first,0.018333333333333333
i1,independent,109,0.2,6,300,fail_open,0.8422222222222222
i1,independent,109,0.2,6,300,refusal,0.13944444444444445
i1,independent,109,0.2,6,300,hazard_hits,6.0
i1,independent,109,0.2,6,300,duplicate_rate,0.012468827930174564
i1,independent,109,0.2,6,300,wire_bits,0.0
i1,independent,109,0.2,6,300,memory_bits,115052.0
i1,independent,109,0.2,6,300,match_ops,165252.0
i1,independent,110,0.2,6,300,group_cost.fragile,140.78222222222223
i1,independent,110,0.2,6,300,group_cost.robust,167.1
i1,independent,110,0.2,6,300,success_first,0.016666666666666666
i1,independent,110,0.2,6,300,fail_open,0.8455555555555555
i1,independent,110,0.2,6,300,refusal,0.13777777777777778
i1,independent,110,0.2,6,300,hazard_hits,5.8566666666666665
i1,independent,110,0.2,6,300,duplicate_rate,0.014321295143212951
i1,independent,110,0.2,6,300,wire_bits,0.0
i1,independent,110,0.2,6,300,memory_bits,114416.33333333333
i1,independent,110,0.2,6,300,match_ops,162073.0
i1,independent,111,0.2,6,300,group_cost.fragile,155.67111111111112
i1,independent,111,0.2,6,300,group_cost.robust,159.64666666666668
i1,independent,111,0.2,6,300,success_first,0.015
i1,independent,111,0.2,6,300,fail_open,0.84
i1,independent,111,0.2,6,300,refusal,0.145
i1,independent,111,0.2,6,300,hazard_hits,6.178888888888889
i1,independent,111,0.2,6,300,duplicate_rate,0.008079552517091361
i1,independent,111,0.2,6,300,wire_bits,0.0
i1,independent,111,0.2,6,300,memory_bits,114831.0
i1,independent,111,0.2,6,300,match_ops,155324.66666666666
i1,no_admission,100,0.0,6,300,group_cost.fragile,141.44333333333333
i1,no_admission,100,0.0,6,300,group_cost.robust,178.42888888888888
i1,no_admission,100,0.0,6,300,success_first,0.04611111111111111
i1,no_admission,100,0.0,6,300,fail_open,0.8738888888888889
i1,no_admission,100,0.0,6,300,refusal,0.08
i1,no_admission,100,0.0,6,300,hazard_hits,5.596111111111111
i1,no_admission,100,0.0,6,300,duplicate_rate,0.0
i1,no_admission,100,0.0,6,300,wire_bits,369972.0
i1,no_admission,100,0.0,6,300,memory_bits,375415.0
i1,no_admission,100,0.0,6,300,match_ops,600471.6666666666
i1,no_admission,101,0.0,6,300,group_cost.fragile,141.13333333333333
i1,no_admission,101,0.0,6,300,group_cost.robust,167.95888888888888
i1,no_admission,101,0.0,6,300,success_first,0.04833333333333333
i1,no_admission,101,0.0,6,300,fail_open,0.8811111111111111
i1,no_admission,101,0.0,6,300,refusal,0.07055555555555555
i1,no_admission,101,0.0,6,300,hazard_hits,5.186111111111111
i1,no_admission,101,0.0,6,300,duplicate_rate,0.0
i1,no_admission,101,0.0,6,300,wire_bits,366388.0
i1,no_admission,101,0.0,6,300,memory_bits,377224.3333333333
i1,no_admission,101,0.0,6,300,match_ops,647995.0
i1,no_admission,102,0.0,6,300,group_cost.fragile,144.86222222222221
i1,no_admission,102,0.0,6,300,group_cost.robust,174.8022222222222
i1,no_admission,102,0.0,6,300,success_first,0.041666666666666664
i1,no_admission,102,0.0,6,300,fail_open,0.8933333333333333
i1,no_admission,102,0.0,6,300,refusal,0.065
i1,no_admission,102,0.0,6,300,hazard_hits,5.502777777777778
i1,no_admission,102,0.0,6,300,duplicate_rate,0.0
i1,no_admission,102,0.0,6,300,wire_bits,369444.0
i1,no_admission,102,0.0,6,300,memory_bits,377322.3333333333
i1,no_admission,102,0.0,6,300,match_ops,641555.6666666666
i1,no_admission,103,0.0,6,300,group_cost.fragile,146.94555555555556
i1,no_admission,103,0.0,6,300,group_cost.robust,175.2711111111111
i1,no_admission,103,0.0,6,300,success_first,0.044444444444444446
i1,no_admission,103,0.0,6,300,fail_open,0.8938888888888888
i1,no_admission,103,0.0,6,300,refusal,0.06166666666666667
i1,no_admission,103,0.0,6,300,hazard_hits,5.599444444444444
i1,no_admission,103,0.0,6,300,duplicate_rate,0.0
i1,no_admission,103,0.0,6,300,wire_bits,372766.0
i1,no_admission,103,0.0,6,300,memory_bits,379895.6666666667
i1,no_admission,103,0.0,6,300,match_ops,651729.0
i1,no_admission,104,0.0,6,300,group_cost.fragile,147.17555555555555
i1,no_admission,104,0.0,6,300,group_cost.robust,172.16333333333333
i1,no_admission,104,0.0,6,300,success_first,0.04833333333333333
i1,no_admission,104,0.0,6,300,fail_open,0.8788888888888889
i1,no_admission,104,0.0,6,300,refusal,0.07277777777777777
i1,no_admission,104,0.0,6,300,hazard_hits,5.407777777777778
i1,no_admission,104,0.0,6,300,duplicate_rate,0.0
i1,no_admission,104,0.0,6,300,wire_bits,368432.0
i1,no_admission,104,0.0,6,300,memory_bits,377206.3333333333
i1,no_admission,104,0.0,6,300,match_ops,631371.0
i1,no_admission,105,0.0,6,300,group_cost.fragile,141.65
i1,no_admission,105,0.0,6,300,group_cost.robust,172.29777777777778
i1,no_admission,105,0.0,6,300,success_first,0.043333333333333335
i1,no_admission,105,0.0,6,300,fail_open,0.8811111111111111
i1,no_admission,105,0.0,6,300,refusal,0.07555555555555556
i1,no_admission,105,0.0,6,300,hazard_hits,5.3822222222222225
i1,no_admission,105,0.0,6,300,duplicate_rate,0.0
i1,no_admission,105,0.0,6,300,wire_bits,376324.0
i1,no_admission,105,0.0,6,300,memory_bits,385245.3333333333
i1,no_admission,105,0.0,6,300,match_ops,638287.0
i1,no_admission,106,0.0,6,300,group_cost.fragile,151.9322222222222
i1,no_admission,106,0.0,6,300,group_cost.robust,170.19222222222223
i1,no_admission,106,0.0,6,300,success_first,0.04555555555555556
i1,no_admission,106,0.0,6,300,fail_open,0.8738888888888889
i1,no_admission,106,0.0,6,300,refusal,0.08055555555555556
i1,no_admission,106,0.0,6,300,hazard_hits,5.558333333333334
i1,no_admission,106,0.0,6,300,duplicate_rate,0.0
i1,no_admission,106,0.0,6,300,wire_bits,376772.0
i1,no_admission,106,0.0,6,300,memory_bits,386890.0
i1,no_admission,106,0.0,6,300,match_ops,648106.0
i1,no_admission,107,0.0,6,300,group_cost.fragile,154.98888888888888
i1,no_admission,107,0.0,6,300,group_cost.robust,173.43
i1,no_admission,107,0.0,6,300,success_first,0.051111111111111114
i1,no_admission,107,0.0,6,300,fail_open,0.8866666666666667
i1,no_admission,107,0.0,6,300,refusal,0.06222222222222222
i1,no_admission,107,0.0,6,300,hazard_hits,5.692222222222222
i1,no_admission,107,0.0,6,300,duplicate_rate,0.0
i1,no_admission,107,0.0,6,300,wire_bits,362996.0
i1,no_admission,107,0.0,6,300,memory_bits,369451.0
i1,no_admission,107,0.0,6,300,match_ops,632172.0
i1,no_admission,108,0.0,6,300,group_cost.fragile,151.45666666666668
i1,no_admission,108,0.0,6,300,group_cost.robust,174.01111111111112
i1,no_admission,108,0.0,6,300,success_first,0.044444444444444446
i1,no_admission,108,0.0,6,300,fail_open,0.8866666666666667
i1,no_admission,108,0.0,6,300,refusal,0.06888888888888889
i1,no_admission,108,0.0,6,300,hazard_hits,5.566666666666666
i1,no_admission,108,0.0,6,300,duplicate_rate,0.0
i1,no_admission,108,0.0,6,300,wire_bits,375080.0
i1,no_admission,108,0.0,6,300,memory_bits,382299.0
i1,no_admission,108,0.0,6,300,match_ops,638781.0
i1,no_admission,109,0.0,6,300,group_cost.fragile,141.7211111111111
i1,no_admission,109,0.0,6,300,group_cost.robust,171.11333333333334
i1,no_admission,109,0.0,6,300,success_first,0.043333333333333335
i1,no_admission,109,0.0,6,300,fail_open,0.8694444444444445
i1,no_admission,109,0.0,6,300,refusal,0.08722222222222223
i1,no_admission,109,0.0,6,300,hazard_hits,5.453888888888889
i1,no_admission,109,0.0,6,300,duplicate_rate,0.0
i1,no_admission,109,0.0,6,300,wire_bits,369206.0
i1,no_admission,109,0.0,6,300,memory_bits,377643.0
i1,no_admission,109,0.0,6,300,match_ops,619325.0
i1,no_admission,110,0.0,6,300,group_cost.fragile,151.64
i1,no_admission,110,0.0,6,300,group_cost.robust,174.79
i1,no_admission,110,0.0,6,300,success_first,0.04055555555555555
i1,no_admission,110,0.0,6,300,fail_open,0.8855555555555555
i1,no_admission,110,0.0,6,300,refusal,0.07388888888888889
i1,no_admission,110,0.0,6,300,hazard_hits,5.623888888888889
i1,no_admission,110,0.0,6,300,duplicate_rate,0.0
i1,no_admission,110,0.0,6,300,wire_bits,369530.0
i1,no_admission,110,0.0,6,300,memory_bits,373012.0
i1,no_admission,110,0.0,6,300,match_ops,630162.6666666666
i1,no_admission,111,0.0,6,300,group_cost.fragile,141.5522222222222
i1,no_admission,111,0.0,6,300,group_cost.robust,170.98111111111112
i1,no_admission,111,0.0,6,300,success_first,0.05388888888888889
i1,no_admission,111,0.0,6,300,fail_open,0.8866666666666667
i1,no_admission,111,0.0,6,300,refusal,0.059444444444444446
i1,no_admission,111,0.0,6,300,hazard_hits,5.191666666666666
i1,no_admission,111,0.0,6,300,duplicate_rate,0.0
i1,no_admission,111,0.0,6,300,wire_bits,368768.0
i1,no_admission,111,0.0,6,300,memory_bits,378505.0
i1,no_admission,111,0.0,6,300,match_ops,654546.6666666666
i1,no_beats,100,0.0,6,300,group_cost.fragile,205.33
i1,no_beats,100,0.0,6,300,group_cost.robust,187.81333333333333
i1,no_beats,100,0.0,6,300,success_first,0.0
i1,no_beats,100,0.0,6,300,fail_open,0.0
i1,no_beats,100,0.0,6,300,refusal,1.0
i1,no_beats,100,0.0,6,300,hazard_hits,9.636666666666667
i1,no_beats,100,0.0,6,300,duplicate_rate,0.0
i1,no_beats,100,0.0,6,300,wire_bits,0.0
i1,no_beats,100,0.0,6,300,memory_bits,60683.0
i1,no_beats,100,0.0,6,300,match_ops,0.0
i1,no_beats,101,0.0,6,300,group_cost.fragile,207.7811111111111
i1,no_beats,101,0.0,6,300,group_cost.robust,189.37666666666667
i1,no_beats,101,0.0,6,300,success_first,0.0
i1,no_beats,101,0.0,6,300,fail_open,0.0
i1,no_beats,101,0.0,6,300,refusal,1.0
i1,no_beats,101,0.0,6,300,hazard_hits,9.840555555555556
i1,no_beats,101,0.0,6,300,duplicate_rate,0.0
i1,no_beats,101,0.0,6,300,wire_bits,0.0
i1,no_beats,101,0.0,6,300,memory_bits,61036.333333333336
i1,no_beats,101,0.0,6,300,match_ops,0.0
i1,no_beats,102,0.0,6,300,group_cost.fragile,206.89888888888888
i1,no_beats,102,0.0,6,300,group_cost.robust,189.57333333333332
i1,no_beats,102,0.0,6,300,success_first,0.0
i1,no_beats,102,0.0,6,300,fail_open,0.0
i1,no_beats,102,0.0,6,300,refusal,1.0
i1,no_beats,102,0.0,6,300,hazard_hits,9.73
i1,no_beats,102,0.0,6,300,duplicate_rate,0.0
i1,no_beats,102,0.0,6,300,wire_bits,0.0
i1,no_beats,102,0.0,6,300,memory_bits,60897.333333333336
i1,no_beats,102,0.0,6,300,match_ops,0.0
i1,no_beats,103,0.0,6,300,group_cost.fragile,201.59
i1,no_beats,103,0.0,6,300,group_cost.robust,181.0811111111111
i1,no_beats,103,0.0,6,300,success_first,0.0
i1,no_beats,103,0.0,6,300,fail_open,0.0
i1,no_beats,103,0.0,6,300,refusal,1.0
i1,no_beats,103,0.0,6,300,hazard_hits,9.463333333333333
i1,no_beats,103,0.0,6,300,duplicate_rate,0.0
i1,no_beats,103,0.0,6,300,wire_bits,0.0
i1,no_beats,103,0.0,6,300,memory_bits,59703.666666666664
i1,no_beats,103,0.0,6,300,match_ops,0.0
i1,no_beats,104,0.0,6,300,group_cost.fragile,204.68444444444444
i1,no_beats,104,0.0,6,300,group_cost.robust,188.72222222222223
i1,no_beats,104,0.0,6,300,success_first,0.0
i1,no_beats,104,0.0,6,300,fail_open,0.0
i1,no_beats,104,0.0,6,300,refusal,1.0
i1,no_beats,104,0.0,6,300,hazard_hits,9.718333333333334
i1,no_beats,104,0.0,6,300,duplicate_rate,0.0
i1,no_beats,104,0.0,6,300,wire_bits,0.0
i1,no_beats,104,0.0,6,300,memory_bits,60703.0
i1,no_beats,104,0.0,6,300,match_ops,0.0
i1,no_beats,105,0.0,6,300,group_cost.fragile,207.76555555555555
i1,no_beats,105,0.0,6,300,group_cost.robust,190.96555555555557
i1,no_beats,105,0.0,6,300,success_first,0.0
i1,no_beats,105,0.0,6,300,fail_open,0.0
i1,no_beats,105,0.0,6,300,refusal,1.0
i1,no_beats,105,0.0,6,300,hazard_hits,9.783888888888889
i1,no_beats,105,0.0,6,300,duplicate_rate,0.0
i1,no_beats,105,0.0,6,300,wire_bits,0.0
i1,no_beats,105,0.0,6,300,memory_bits,62233.666666666664
i1,no_beats,105,0.0,6,300,match_ops,0.0
i1,no_beats,106,0.0,6,300,group_cost.fragile,204.68
i1,no_beats,106,0.0,6,300,group_cost.robust,187.8322222222222
i1,no_beats,106,0.0,6,300,success_first,0.0
i1,no_beats,106,0.0,6,300,fail_open,0.0
i1,no_beats,106,0.0,6,300,refusal,1.0
i1,no_beats,106,0.0,6,300,hazard_hits,9.733888888888888
i1,no_beats,106,0.0,6,300,duplicate_rate,0.0
i1,no_beats,106,0.0,6,300,wire_bits,0.0
i1,no_beats,106,0.0,6,300,memory_bits,61827.666666666664
i1,no_beats,106,0.0,6,300,match_ops,0.0
i1,no_beats,107,0.0,6,300,group_cost.fragile,206.34444444444443
i1,no_beats,107,0.0,6,300,group_cost.robust,190.87555555555556
i1,no_beats,107,0.0,6,300,success_first,0.0
i1,no_beats,107,0.0,6,300,fail_open,0.0
i1,no_beats,107,0.0,6,300,refusal,1.0
i1,no_beats,107,0.0,6,300,hazard_hits,9.85388888888889
i1,no_beats,107,0.0,6,300,duplicate_rate,0.0
i1,no_beats,107,0.0,6,300,wire_bits,0.0
i1,no_beats,107,0.0,6,300,memory_bits,61393.333333333336
i1,no_beats,107,0.0,6,300,match_ops,0.0
i1,no_beats,108,0.0,6,300,group_cost.fragile,204.29222222222222
i1,no_beats,108,0.0,6,300,group_cost.robust,187.22222222222223
i1,no_beats,108,0.0,6,300,success_first,0.0
i1,no_beats,108,0.0,6,300,fail_open,0.0
i1,no_beats,108,0.0,6,300,refusal,1.0
i1,no_beats,108,0.0,6,300,hazard_hits,9.704444444444444
i1,no_beats,108,0.0,6,300,duplicate_rate,0.0
i1,no_beats,108,0.0,6,300,wire_bits,0.0
i1,no_beats,108,0.0,6,300,memory_bits,60837.333333333336
i1,no_beats,108,0.0,6,300,match_ops,0.0
i1,no_beats,109,0.0,6,300,group_cost.fragile,205.17333333333335
i1,no_beats,109,0.0,6,300,group_cost.robust,185.75222222222223
i1,no_beats,109,0.0,6,300,success_first,0.0
i1,no_beats,109,0.0,6,300,fail_open,0.0
i1,no_beats,109,0.0,6,300,refusal,1.0
i1,no_beats,109,0.0,6,300,hazard_hits,9.562222222222223
i1,no_beats,109,0.0,6,300,duplicate_rate,0.0
i1,no_beats,109,0.0,6,300,wire_bits,0.0
i1,no_beats,109,0.0,6,300,memory_bits,60974.666666666664
i1,no_beats,109,0.0,6,300,match_ops,0.0
i1,no_beats,110,0.0,6,300,group_cost.fragile,206.32
i1,no_beats,110,0.0,6,300,group_cost.robust,186.3322222222222
i1,no_beats,110,0.0,6,300,success_first,0.0
i1,no_beats,110,0.0,6,300,fail_open,0.0
i1,no_beats,110,0.0,6,300,refusal,1.0
i1,no_beats,110,0.0,6,300,hazard_hits,9.694444444444445
i1,no_beats,110,0.0,6,300,duplicate_rate,0.0
i1,no_beats,110,0.0,6,300,wire_bits,0.0
i1,no_beats,110,0.0,6,300,memory_bits,61137.0
i1,no_beats,110,0.0,6,300,match_ops,0.0
i1,no_beats,111,0.0,6,300,group_cost.fragile,205.01555555555555
i1,no_beats,111,0.0,6,300,group_cost.robust,184.6
i1,no_beats,111,0.0,6,300,success_first,0.0
i1,no_beats,111,0.0,6,300,fail_open,0.0
i1,no_beats,111,0.0,6,300,refusal,1.0
i1,no_beats,111,0.0,6,300,hazard_hits,9.59
i1,no_beats,111,0.0,6,300,duplicate_rate,0.0
i1,no_beats,111,0.0,6,300,wire_bits,0.0
i1,no_beats,111,0.0,6,300,memory_bits,60656.666666666664
i1,no_beats,111,0.0,6,300,match_ops,0.0
i1,no_exceptions,100,0.0,6,300,group_cost.fragile,122.19444444444444
i1,no_exceptions,100,0.0,6,300,group_cost.robust,129.24333333333334
i1,no_exceptions,100,0.0,6,300,success_first,0.07222222222222222
i1,no_exceptions,100,0.0,6,300,fail_open,0.6983333333333334
i1,no_exceptions,100,0.0,6,300,refusal,0.22944444444444445
i1,no_exceptions,100,0.0,6,300,hazard_hits,5.283888888888889
i1,no_exceptions,100,0.0,6,300,duplicate_rate,0.0
i1,no_exceptions,100,0.0,6,300,wire_bits,438606.0
i1,no_exceptions,100,0.0,6,300,memory_bits,349759.3333333333
i1,no_exceptions,100,0.0,6,300,match_ops,196451.66666666666
i1,no_exceptions,101,0.0,6,300,group_cost.fragile,117.3788888888889
i1,no_exceptions,101,0.0,6,300,group_cost.robust,125.04666666666667
i1,no_exceptions,101,0.0,6,300,success_first,0.07611111111111112
i1,no_exceptions,101,0.0,6,300,fail_open,0.7072222222222222
i1,no_exceptions,101,0.0,6,300,refusal,0.21666666666666667
i1,no_exceptions,101,0.0,6,300,hazard_hits,4.979444444444445
i1,no_exceptions,101,0.0,6,300,duplicate_rate,0.0
i1,no_exceptions,101,0.0,6,300,wire_bits,435956.0
i1,no_exceptions,101,0.0,6,300,memory_bits,350486.3333333333
i1,no_exceptions,101,0.0,6,300,match_ops,209113.5
i1,no_exceptions,102,0.0,6,300,group_cost.fragile,118.36
i1,no_exceptions,102,0.0,6,300,group_cost.robust,125.49
i1,no_exceptions,102,0.0,6,300,success_first,0.08
i1,no_exceptions,102,0.0,6,300,fail_open,0.6816666666666666
i1,no_exceptions,102,0.0,6,300,refusal,0.23833333333333334
i1,no_exceptions,102,0.0,6,300,hazard_hits,5.024444444444445
i1,no_exceptions,102,0.0,6,300,duplicate_rate,0.0
i1,no_exceptions,102,0.0,6,300,wire_bits,433126.0
i1,no_exceptions,102,0.0,6,300,memory_bits,351719.6666666667
i1,no_exceptions,102,0.0,6,300,match_ops,200750.66666666666
i1,no_exceptions,103,0.0,6,300,group_cost.fragile,120.17111111111112
i1,no_exceptions,103,0.0,6,300,group_cost.robust,128.89444444444445
i1,no_exceptions,103,0.0,6,300,success_first,0.08888888888888889
i1,no_exceptions,103,0.0,6,300,fail_open,0.665
i1,no_exceptions,103,0.0,6,300,refusal,0.2461111111111111
i1,no_exceptions,103,0.0,6,300,hazard_hits,5.2811111111111115
i1,no_exceptions,103,0.0,6,300,duplicate_rate,0.0
i1,no_exceptions,103,0.0,6,300,wire_bits,438270.0
i1,no_exceptions,103,0.0,6,300,memory_bits,351165.6666666667
i1,no_exceptions,103,0.0,6,300,match_ops,203405.83333333334
i1,no_exceptions,104,0.0,6,300,group_cost.fragile,119.61444444444444
i1,no_exceptions,104,0.0,6,300,group_cost.robust,128.11888888888888
i1,no_exceptions,104,0.0,6,300,success_first,0.09166666666666666
i1,no_exceptions,104,0.0,6,300,fail_open,0.6883333333333334
i1,no_exceptions,104,0.0,6,300,refusal,0.22
i1,no_exceptions,104,0.0,6,300,hazard_hits,5.071666666666666
i1,no_exceptions,104,0.0,6,300,duplicate_rate,0.0
i1,no_exceptions,104,0.0,6,300,wire_bits,436840.0
i1,no_exceptions,104,0.0,6,300,memory_bits,353350.6666666667
i1,no_exceptions,104,0.0,6,300,match_ops,205817.33333333334
i1,no_exceptions,105,0.0,6,300,group_cost.fragile,118.22444444444444
i1,no_exceptions,105,0.0,6,300,group_cost.robust,118.05444444444444
i1,no_exceptions,105,0.0,6,300,success_first,0.07944444444444444
i1,no_exceptions,105,0.0,6,300,fail_open,0.7
i1,no_exceptions,105,0.0,6,300,refusal,0.22055555555555556
i1,no_exceptions,105,0.0,6,300,hazard_hits,4.83
i1,no_exceptions,105,0.0,6,300,duplicate_rate,0.0
i1,no_exceptions,105,0.0,6,300,wire_bits,436374.0
i1,no_exceptions,105,0.0,6,300,memory_bits,357191.6666666667
i1,no_exceptions,105,0.0,6,300,match_ops,203193.33333333334
i1,no_exceptions,106,0.0,6,300,group_cost.fragile,121.66222222222223
i1,no_exceptions,106,0.0,6,300,group_cost.robust,120.44555555555556
i1,no_exceptions,106,0.0,6,300,success_first,0.08555555555555555
i1,no_exceptions,106,0.0,6,300,fail_open,0.6783333333333333
i1,no_exceptions,106,0.0,6,300,refusal,0.2361111111111111
i1,no_exceptions,106,0.0,6,300,hazard_hits,4.941666666666666
i1,no_exceptions,106,0.0,6,300,duplicate_rate,0.0
i1,no_exceptions,106,0.0,6,300,wire_bits,434276.0
i1,no_exceptions,106,0.0,6,300,memory_bits,348526.6666666667
i1,no_exceptions,106,0.0,6,300,match_ops,226405.33333333334
i1,no_exceptions,107,0.0,6,300,group_cost.fragile,125.41222222222223
i1,no_exceptions,107,0.0,6,300,group_cost.robust,122.27222222222223
i1,no_exceptions,107,0.0,6,300,success_first,0.09
i1,no_exceptions,107,0.0,6,300,fail_open,0.6972222222222222
i1,no_exceptions,107,0.0,6,300,refusal,0.2127777777777778
i1,no_exceptions,107,0.0,6,300,hazard_hits,5.121111111111111
i1,no_exceptions,107,0.0,6,300,duplicate_rate,0.0
i1,no_exceptions,107,0.0,6,300,wire_bits,426732.0
i1,no_exceptions,107,0.0,6,300,memory_bits,336600.3333333333
i1,no_exceptions,107,0.0,6,300,match_ops,217632.33333333334
i1,no_exceptions,108,0.0,6,300,group_cost.fragile,122.28666666666666
i1,no_exceptions,108,0.0,6,300,group_cost.robust,127.87
i1,no_exceptions,108,0.0,6,300,success_first,0.07666666666666666
i1,no_exceptions,108,0.0,6,300,fail_open,0.695
i1,no_exceptions,108,0.0,6,300,refusal,0.22833333333333333
i1,no_exceptions,108,0.0,6,300,hazard_hits,5.203888888888889
i1,no_exceptions,108,0.0,6,300,duplicate_rate,0.0
i1,no_exceptions,108,0.0,6,300,wire_bits,444926.0
i1,no_exceptions,108,0.0,6,300,memory_bits,358831.3333333333
i1,no_exceptions,108,0.0,6,300,match_ops,192384.5
i1,no_exceptions,109,0.0,6,300,group_cost.fragile,118.66444444444444
i1,no_exceptions,109,0.0,6,300,group_cost.robust,128.57888888888888
i1,no_exceptions,109,0.0,6,300,success_first,0.07888888888888888
i1,no_exceptions,109,0.0,6,300,fail_open,0.6672222222222223
i1,no_exceptions,109,0.0,6,300,refusal,0.2538888888888889
i1,no_exceptions,109,0.0,6,300,hazard_hits,5.1466666666666665
i1,no_exceptions,109,0.0,6,300,duplicate_rate,0.0
i1,no_exceptions,109,0.0,6,300,wire_bits,434966.0
i1,no_exceptions,109,0.0,6,300,memory_bits,353721.0
i1,no_exceptions,109,0.0,6,300,match_ops,204425.0
i1,no_exceptions,110,0.0,6,300,group_cost.fragile,115.33444444444444
i1,no_exceptions,110,0.0,6,300,group_cost.robust,124.75444444444445
i1,no_exceptions,110,0.0,6,300,success_first,0.08277777777777778
i1,no_exceptions,110,0.0,6,300,fail_open,0.6822222222222222
i1,no_exceptions,110,0.0,6,300,refusal,0.235
i1,no_exceptions,110,0.0,6,300,hazard_hits,4.933333333333334
i1,no_exceptions,110,0.0,6,300,duplicate_rate,0.0
i1,no_exceptions,110,0.0,6,300,wire_bits,434936.0
i1,no_exceptions,110,0.0,6,300,memory_bits,356462.3333333333
i1,no_exceptions,110,0.0,6,300,match_ops,203178.16666666666
i1,no_exceptions,111,0.0,6,300,group_cost.fragile,118.16444444444444
i1,no_exceptions,111,0.0,6,300,group_cost.robust,123.04444444444445
i1,no_exceptions,111,0.0,6,300,success_first,0.08944444444444444
i1,no_exceptions,111,0.0,6,300,fail_open,0.6977777777777778
i1,no_exceptions,111,0.0,6,300,refusal,0.2127777777777778
i1,no_exceptions,111,0.0,6,300,hazard_hits,4.9511111111111115
i1,no_exceptions,111,0.0,6,300,duplicate_rate,0.0
i1,no_exceptions,111,0.0,6,300,wire_bits,428414.0
i1,no_exceptions,111,0.0,6,300,memory_bits,350475.0
i1,no_exceptions,111,0.0,6,300,match_ops,218385.5
i1,no_immutable,100,0.0,6,300,group_cost.fragile,122.45666666666666
i1,no_immutable,100,0.0,6,300,group_cost.robust,130.55444444444444
i1,no_immutable,100,0.0,6,300,success_first,0.07277777777777777
i1,no_immutable,100,0.0,6,300,fail_open,0.705
i1,no_immutable,100,0.0,6,300,refusal,0.2222222222222222
i1,no_immutable,100,0.0,6,300,hazard_hits,5.309444444444445
i1,no_immutable,100,0.0,6,300,duplicate_rate,0.0
i1,no_immutable,100,0.0,6,300,wire_bits,441528.0
i1,no_immutable,100,0.0,6,300,memory_bits,300718.0
i1,no_immutable,100,0.0,6,300,match_ops,196836.66666666666
i1,no_immutable,101,0.0,6,300,group_cost.fragile,118.62333333333333
i1,no_immutable,101,0.0,6,300,group_cost.robust,123.68666666666667
i1,no_immutable,101,0.0,6,300,success_first,0.08166666666666667
i1,no_immutable,101,0.0,6,300,fail_open,0.7055555555555556
i1,no_immutable,101,0.0,6,300,refusal,0.2127777777777778
i1,no_immutable,101,0.0,6,300,hazard_hits,4.964444444444444
i1,no_immutable,101,0.0,6,300,duplicate_rate,0.0
i1,no_immutable,101,0.0,6,300,wire_bits,436922.0
i1,no_immutable,101,0.0,6,300,memory_bits,298304.0
i1,no_immutable,101,0.0,6,300,match_ops,210232.83333333334
i1,no_immutable,102,0.0,6,300,group_cost.fragile,118.48333333333333
i1,no_immutable,102,0.0,6,300,group_cost.robust,124.97
i1,no_immutable,102,0.0,6,300,success_first,0.08277777777777778
i1,no_immutable,102,0.0,6,300,fail_open,0.6905555555555556
i1,no_immutable,102,0.0,6,300,refusal,0.22666666666666666
i1,no_immutable,102,0.0,6,300,hazard_hits,4.978888888888889
i1,no_immutable,102,0.0,6,300,duplicate_rate,0.0
i1,no_immutable,102,0.0,6,300,wire_bits,436202.0
i1,no_immutable,102,0.0,6,300,memory_bits,302531.0
i1,no_immutable,102,0.0,6,300,match_ops,202743.66666666666
i1,no_immutable,103,0.0,6,300,group_cost.fragile,119.38888888888889
i1,no_immutable,103,0.0,6,300,group_cost.robust,128.83444444444444
i1,no_immutable,103,0.0,6,300,success_first,0.08833333333333333
i1,no_immutable,103,0.0,6,300,fail_open,0.6716666666666666
i1,no_immutable,103,0.0,6,300,refusal,0.24
i1,no_immutable,103,0.0,6,300,hazard_hits,5.231111111111111
i1,no_immutable,103,0.0,6,300,duplicate_rate,0.0
i1,no_immutable,103,0.0,6,300,wire_bits,439974.0
i1,no_immutable,103,0.0,6,300,memory_bits,304006.6666666667
i1,no_immutable,103,0.0,6,300,match_ops,209085.83333333334
i1,no_immutable,104,0.0,6,300,group_cost.fragile,118.22444444444444
i1,no_immutable,104,0.0,6,300,group_cost.robust,128.2277777777778
i1,no_immutable,104,0.0,6,300,success_first,0.09277777777777778
i1,no_immutable,104,0.0,6,300,fail_open,0.6944444444444444
i1,no_immutable,104,0.0,6,300,refusal,0.2127777777777778
i1,no_immutable,104,0.0,6,300,hazard_hits,5.02
i1,no_immutable,104,0.0,6,300,duplicate_rate,0.0
i1,no_immutable,104,0.0,6,300,wire_bits,439202.0
i1,no_immutable,104,0.0,6,300,memory_bits,305121.3333333333
i1,no_immutable,104,0.0,6,300,match_ops,210777.16666666666
i1,no_immutable,105,0.0,6,300,group_cost.fragile,117.14111111111112
i1,no_immutable,105,0.0,6,300,group_cost.robust,117.32
i1,no_immutable,105,0.0,6,300,success_first,0.08055555555555556
i1,no_immutable,105,0.0,6,300,fail_open,0.7011111111111111
i1,no_immutable,105,0.0,6,300,refusal,0.21833333333333332
i1,no_immutable,105,0.0,6,300,hazard_hits,4.788888888888889
i1,no_immutable,105,0.0,6,300,duplicate_rate,0.0
i1,no_immutable,105,0.0,6,300,wire_bits,435520.0
i1,no_immutable,105,0.0,6,300,memory_bits,301822.0
i1,no_immutable,105,0.0,6,300,match_ops,203922.16666666666
i1,no_immutable,106,0.0,6,300,group_cost.fragile,122.06666666666666
i1,no_immutable,106,0.0,6,300,group_cost.robust,120.61777777777777
i1,no_immutable,106,0.0,6,300,success_first,0.08333333333333333
i1,no_immutable,106,0.0,6,300,fail_open,0.6888888888888889
i1,no_immutable,106,0.0,6,300,refusal,0.22777777777777777
i1,no_immutable,106,0.0,6,300,hazard_hits,4.933888888888889
i1,no_immutable,106,0.0,6,300,duplicate_rate,0.0
i1,no_immutable,106,0.0,6,300,wire_bits,437226.0
i1,no_immutable,106,0.0,6,300,memory_bits,297216.3333333333
i1,no_immutable,106,0.0,6,300,match_ops,228704.83333333334
i1,no_immutable,107,0.0,6,300,group_cost.fragile,125.0111111111111
i1,no_immutable,107,0.0,6,300,group_cost.robust,123.05
i1,no_immutable,107,0.0,6,300,success_first,0.09055555555555556
i1,no_immutable,107,0.0,6,300,fail_open,0.7022222222222222
i1,no_immutable,107,0.0,6,300,refusal,0.20722222222222222
i1,no_immutable,107,0.0,6,300,hazard_hits,5.121666666666667
i1,no_immutable,107,0.0,6,300,duplicate_rate,0.0
i1,no_immutable,107,0.0,6,300,wire_bits,429760.0
i1,no_immutable,107,0.0,6,300,memory_bits,287095.0
i1,no_immutable,107,0.0,6,300,match_ops,220571.5
i1,no_immutable,108,0.0,6,300,group_cost.fragile,123.41888888888889
i1,no_immutable,108,0.0,6,300,group_cost.robust,128.03222222222223
i1,no_immutable,108,0.0,6,300,success_first,0.07611111111111112
i1,no_immutable,108,0.0,6,300,fail_open,0.7066666666666667
i1,no_immutable,108,0.0,6,300,refusal,0.21722222222222223
i1,no_immutable,108,0.0,6,300,hazard_hits,5.2444444444444445
i1,no_immutable,108,0.0,6,300,duplicate_rate,0.0
i1,no_immutable,108,0.0,6,300,wire_bits,448856.0
i1,no_immutable,108,0.0,6,300,memory_bits,312040.3333333333
i1,no_immutable,108,0.0,6,300,match_ops,196998.0
i1,no_immutable,109,0.0,6,300,group_cost.fragile,119.49333333333334
i1,no_immutable,109,0.0,6,300,group_cost.robust,129.18666666666667
i1,no_immutable,109,0.0,6,300,success_first,0.0811111111111111
i1,no_immutable,109,0.0,6,300,fail_open,0.6627777777777778
i1,no_immutable,109,0.0,6,300,refusal,0.2561111111111111
i1,no_immutable,109,0.0,6,300,hazard_hits,5.18
i1,no_immutable,109,0.0,6,300,duplicate_rate,0.0
i1,no_immutable,109,0.0,6,300,wire_bits,437708.0
i1,no_immutable,109,0.0,6,300,memory_bits,305962.0
i1,no_immutable,109,0.0,6,300,match_ops,205159.83333333334
i1,no_immutable,110,0.0,6,300,group_cost.fragile,116.13888888888889
i1,no_immutable,110,0.0,6,300,group_cost.robust,124.73222222222222
i1,no_immutable,110,0.0,6,300,success_first,0.08333333333333333
i1,no_immutable,110,0.0,6,300,fail_open,0.6894444444444444
i1,no_immutable,110,0.0,6,300,refusal,0.22722222222222221
i1,no_immutable,110,0.0,6,300,hazard_hits,4.960555555555556
i1,no_immutable,110,0.0,6,300,duplicate_rate,0.0
i1,no_immutable,110,0.0,6,300,wire_bits,437430.0
i1,no_immutable,110,0.0,6,300,memory_bits,307244.6666666667
i1,no_immutable,110,0.0,6,300,match_ops,204976.0
i1,no_immutable,111,0.0,6,300,group_cost.fragile,119.29
i1,no_immutable,111,0.0,6,300,group_cost.robust,122.14666666666666
i1,no_immutable,111,0.0,6,300,success_first,0.09222222222222222
i1,no_immutable,111,0.0,6,300,fail_open,0.7
i1,no_immutable,111,0.0,6,300,refusal,0.20777777777777778
i1,no_immutable,111,0.0,6,300,hazard_hits,4.939444444444445
i1,no_immutable,111,0.0,6,300,duplicate_rate,0.0
i1,no_immutable,111,0.0,6,300,wire_bits,431722.0
i1,no_immutable,111,0.0,6,300,memory_bits,301608.6666666667
i1,no_immutable,111,0.0,6,300,match_ops,221406.83333333334
i1,no_landmarks,100,0.0,6,300,group_cost.fragile,205.33
i1,no_landmarks,100,0.0,6,300,group_cost.robust,187.81333333333333
i1,no_landmarks,100,0.0,6,300,success_first,0.0
i1,no_landmarks,100,0.0,6,300,fail_open,0.0
i1,no_landmarks,100,0.0,6,300,refusal,1.0
i1,no_landmarks,100,0.0,6,300,hazard_hits,9.636666666666667
i1,no_landmarks,100,0.0,6,300,duplicate_rate,0.0
i1,no_landmarks,100,0.0,6,300,wire_bits,0.0
i1,no_landmarks,100,0.0,6,300,memory_bits,13800.0
i1,no_landmarks,100,0.0,6,300,match_ops,0.0
i1,no_landmarks,101,0.0,6,300,group_cost.fragile,207.7811111111111
i1,no_landmarks,101,0.0,6,300,group_cost.robust,189.37666666666667
i1,no_landmarks,101,0.0,6,300,success_first,0.0
i1,no_landmarks,101,0.0,6,300,fail_open,0.0
i1,no_landmarks,101,0.0,6,300,refusal,1.0
i1,no_landmarks,101,0.0,6,300,hazard_hits,9.840555555555556
i1,no_landmarks,101,0.0,6,300,duplicate_rate,0.0
i1,no_landmarks,101,0.0,6,300,wire_bits,0.0
i1,no_landmarks,101,0.0,6,300,memory_bits,13800.0
i1,no_landmarks,101,0.0,6,300,match_ops,0.0
i1,no_landmarks,102,0.0,6,300,group_cost.fragile,206.89888888888888
i1,no_landmarks,102,0.0,6,300,group_cost.robust,189.57333333333332
i1,no_landmarks,102,0.0,6,300,success_first,0.0
i1,no_landmarks,102,0.0,6,300,fail_open,0.0
i1,no_landmarks,102,0.0,6,300,refusal,1.0
i1,no_landmarks,102,0.0,6,300,hazard_hits,9.73
i1,no_landmarks,102,0.0,6,300,duplicate_rate,0.0
i1,no_landmarks,102,0.0,6,300,wire_bits,0.0
i1,no_landmarks,102,0.0,6,300,memory_bits,13800.0
i1,no_landmarks,102,0.0,6,300,match_ops,0.0
i1,no_landmarks,103,0.0,6,300,group_cost.fragile,201.59
i1,no_landmarks,103,0.0,6,300,group_cost.robust,181.0811111111111
i1,no_landmarks,103,0.0,6,300,success_first,0.0
i1,no_landmarks,103,0.0,6,300,fail_open,0.0
i1,no_landmarks,103,0.0,6,300,refusal,1.0
i1,no_landmarks,103,0.0,6,300,hazard_hits,9.463333333333333
i1,no_landmarks,103,0.0,6,300,duplicate_rate,0.0
i1,no_landmarks,103,0.0,6,300,wire_bits,0.0
i1,no_landmarks,103,0.0,6,300,memory_bits,13800.0
i1,no_landmarks,103,0.0,6,300,match_ops,0.0
i1,no_landmarks,104,0.0,6,300,group_cost.fragile,204.68444444444444
i1,no_landmarks,104,0.0,6,300,group_cost.robust,188.72222222222223
i1,no_landmarks,104,0.0,6,300,success_first,0.0
i1,no_landmarks,104,0.0,6,300,fail_open,0.0
i1,no_landmarks,104,0.0,6,300,refusal,1.0
i1,no_landmarks,104,0.0,6,300,hazard_hits,9.718333333333334
i1,no_landmarks,104,0.0,6,300,duplicate_rate,0.0
i1,no_landmarks,104,0.0,6,300,wire_bits,0.0
i1,no_landmarks,104,0.0,6,300,memory_bits,13800.0
i1,no_landmarks,104,0.0,6,300,match_ops,0.0
i1,no_landmarks,105,0.0,6,300,group_cost.fragile,207.76555555555555
i1,no_landmarks,105,0.0,6,300,group_cost.robust,190.96555555555557
i1,no_landmarks,105,0.0,6,300,success_first,0.0
i1,no_landmarks,105,0.0,6,300,fail_open,0.0
i1,no_landmarks,105,0.0,6,300,refusal,1.0
i1,no_landmarks,105,0.0,6,300,hazard_hits,9.783888888888889
i1,no_landmarks,105,0.0,6,300,duplicate_rate,0.0
i1,no_landmarks,105,0.0,6,300,wire_bits,0.0
i1,no_landmarks,105,0.0,6,300,memory_bits,13800.0
i1,no_landmarks,105,0.0,6,300,match_ops,0.0
i1,no_landmarks,106,0.0,6,300,group_cost.fragile,204.68
i1,no_landmarks,106,0.0,6,300,group_cost.robust,187.8322222222222
i1,no_landmarks,106,0.0,6,300,success_first,0.0
i1,no_landmarks,106,0.0,6,300,fail_open,0.0
i1,no_landmarks,106,0.0,6,300,refusal,1.0
i1,no_landmarks,106,0.0,6,300,hazard_hits,9.733888888888888
i1,no_landmarks,106,0.0,6,300,duplicate_rate,0.0
i1,no_landmarks,106,0.0,6,300,wire_bits,0.0
i1,no_landmarks,106,0.0,6,300,memory_bits,13800.0
i1,no_landmarks,106,0.0,6,300,match_ops,0.0
i1,no_landmarks,107,0.0,6,300,group_cost.fragile,206.34444444444443
i1,no_landmarks,107,0.0,6,300,group_cost.robust,190.87555555555556
i1,no_landmarks,107,0.0,6,300,success_first,0.0
i1,no_landmarks,107,0.0,6,300,fail_open,0.0
i1,no_landmarks,107,0.0,6,300,refusal,1.0
i1,no_landmarks,107,0.0,6,300,hazard_hits,9.85388888888889
i1,no_landmarks,107,0.0,6,300,duplicate_rate,0.0
i1,no_landmarks,107,0.0,6,300,wire_bits,0.0
i1,no_landmarks,107,0.0,6,300,memory_bits,13800.0
i1,no_landmarks,107,0.0,6,300,match_ops,0.0
i1,no_landmarks,108,0.0,6,300,group_cost.fragile,204.29222222222222
i1,no_landmarks,108,0.0,6,300,group_cost.robust,187.22222222222223
i1,no_landmarks,108,0.0,6,300,success_first,0.0
i1,no_landmarks,108,0.0,6,300,fail_open,0.0
i1,no_landmarks,108,0.0,6,300,refusal,1.0
i1,no_landmarks,108,0.0,6,300,hazard_hits,9.704444444444444
i1,no_landmarks,108,0.0,6,300,duplicate_rate,0.0
i1,no_landmarks,108,0.0,6,300,wire_bits,0.0
i1,no_landmarks,108,0.0,6,300,memory_bits,13800.0
i1,no_landmarks,108,0.0,6,300,match_ops,0.0
i1,no_landmarks,109,0.0,6,300,group_cost.fragile,205.17333333333335
i1,no_landmarks,109,0.0,6,300,group_cost.robust,185.75222222222223
i1,no_landmarks,109,0.0,6,300,success_first,0.0
i1,no_landmarks,109,0.0,6,300,fail_open,0.0
i1,no_landmarks,109,0.0,6,300,refusal,1.0
i1,no_landmarks,109,0.0,6,300,hazard_hits,9.562222222222223
i1,no_landmarks,109,0.0,6,300,duplicate_rate,0.0
i1,no_landmarks,109,0.0,6,300,wire_bits,0.0
i1,no_landmarks,109,0.0,6,300,memory_bits,13800.0
i1,no_landmarks,109,0.0,6,300,match_ops,0.0
i1,no_landmarks,110,0.0,6,300,group_cost.fragile,206.32
i1,no_landmarks,110,0.0,6,300,group_cost.robust,186.3322222222222
i1,no_landmarks,110,0.0,6,300,success_first,0.0
i1,no_landmarks,110,0.0,6,300,fail_open,0.0
i1,no_landmarks,110,0.0,6,300,refusal,1.0
i1,no_landmarks,110,0.0,6,300,hazard_hits,9.694444444444445
i1,no_landmarks,110,0.0,6,300,duplicate_rate,0.0
i1,no_landmarks,110,0.0,6,300,wire_bits,0.0
i1,no_landmarks,110,0.0,6,300,memory_bits,13800.0
i1,no_landmarks,110,0.0,6,300,match_ops,0.0
i1,no_landmarks,111,0.0,6,300,group_cost.fragile,205.01555555555555
i1,no_landmarks,111,0.0,6,300,group_cost.robust,184.6
i1,no_landmarks,111,0.0,6,300,success_first,0.0
i1,no_landmarks,111,0.0,6,300,fail_open,0.0
i1,no_landmarks,111,0.0,6,300,refusal,1.0
i1,no_landmarks,111,0.0,6,300,hazard_hits,9.59
i1,no_landmarks,111,0.0,6,300,duplicate_rate,0.0
i1,no_landmarks,111,0.0,6,300,wire_bits,0.0
i1,no_landmarks,111,0.0,6,300,memory_bits,13800.0
i1,no_landmarks,111,0.0,6,300,match_ops,0.0
i1,no_provenance,100,0.0,6,300,group_cost.fragile,122.80222222222223
i1,no_provenance,100,0.0,6,300,group_cost.robust,130.60333333333332
i1,no_provenance,100,0.0,6,300,success_first,0.07277777777777777
i1,no_provenance,100,0.0,6,300,fail_open,0.705
i1,no_provenance,100,0.0,6,300,refusal,0.2222222222222222
i1,no_provenance,100,0.0,6,300,hazard_hits,5.322222222222222
i1,no_provenance,100,0.0,6,300,duplicate_rate,0.0
i1,no_provenance,100,0.0,6,300,wire_bits,382530.0
i1,no_provenance,100,0.0,6,300,memory_bits,316467.0
i1,no_provenance,100,0.0,6,300,match_ops,196785.83333333334
i1,no_provenance,101,0.0,6,300,group_cost.fragile,118.84777777777778
i1,no_provenance,101,0.0,6,300,group_cost.robust,123.68222222222222
i1,no_provenance,101,0.0,6,300,success_first,0.08166666666666667
i1,no_provenance,101,0.0,6,300,fail_open,0.7055555555555556
i1,no_provenance,101,0.0,6,300,refusal,0.2127777777777778
i1,no_provenance,101,0.0,6,300,hazard_hits,4.971111111111111
i1,no_provenance,101,0.0,6,300,duplicate_rate,0.0
i1,no_provenance,101,0.0,6,300,wire_bits,378932.0
i1,no_provenance,101,0.0,6,300,memory_bits,314667.3333333333
i1,no_provenance,101,0.0,6,300,match_ops,210205.0
i1,no_provenance,102,0.0,6,300,group_cost.fragile,119.39444444444445
i1,no_provenance,102,0.0,6,300,group_cost.robust,124.95555555555555
i1,no_provenance,102,0.0,6,300,success_first,0.08277777777777778
i1,no_provenance,102,0.0,6,300,fail_open,0.69
i1,no_provenance,102,0.0,6,300,refusal,0.22722222222222221
i1,no_provenance,102,0.0,6,300,hazard_hits,5.006111111111111
i1,no_provenance,102,0.0,6,300,duplicate_rate,0.0
i1,no_provenance,102,0.0,6,300,wire_bits,378308.0
i1,no_provenance,102,0.0,6,300,memory_bits,318240.6666666667
i1,no_provenance,102,0.0,6,300,match_ops,201978.5
i1,no_provenance,103,0.0,6,300,group_cost.fragile,119.39888888888889
i1,no_provenance,103,0.0,6,300,group_cost.robust,128.31222222222223
i1,no_provenance,103,0.0,6,300,success_first,0.08888888888888889
i1,no_provenance,103,0.0,6,300,fail_open,0.6705555555555556
i1,no_provenance,103,0.0,6,300,refusal,0.24055555555555555
i1,no_provenance,103,0.0,6,300,hazard_hits,5.227222222222222
i1,no_provenance,103,0.0,6,300,duplicate_rate,0.0
i1,no_provenance,103,0.0,6,300,wire_bits,380434.0
i1,no_provenance,103,0.0,6,300,memory_bits,317536.3333333333
i1,no_provenance,103,0.0,6,300,match_ops,208750.5
i1,no_provenance,104,0.0,6,300,group_cost.fragile,118.15333333333334
i1,no_provenance,104,0.0,6,300,group_cost.robust,127.73333333333333
i1,no_provenance,104,0.0,6,300,success_first,0.09277777777777778
i1,no_provenance,104,0.0,6,300,fail_open,0.6944444444444444
i1,no_provenance,104,0.0,6,300,refusal,0.2127777777777778
i1,no_provenance,104,0.0,6,300,hazard_hits,5.006666666666667
i1,no_provenance,104,0.0,6,300,duplicate_rate,0.0
i1,no_provenance,104,0.0,6,300,wire_bits,380342.0
i1,no_provenance,104,0.0,6,300,memory_bits,320022.0
i1,no_provenance,104,0.0,6,300,match_ops,210588.33333333334
i1,no_provenance,105,0.0,6,300,group_cost.fragile,117.35111111111111
i1,no_provenance,105,0.0,6,300,group_cost.robust,117.26222222222222
i1,no_provenance,105,0.0,6,300,success_first,0.08055555555555556
i1,no_provenance,105,0.0,6,300,fail_open,0.7
i1,no_provenance,105,0.0,6,300,refusal,0.21944444444444444
i1,no_provenance,105,0.0,6,300,hazard_hits,4.795
i1,no_provenance,105,0.0,6,300,duplicate_rate,0.0
i1,no_provenance,105,0.0,6,300,wire_bits,378564.0
i1,no_provenance,105,0.0,6,300,memory_bits,319667.3333333333
i1,no_provenance,105,0.0,6,300,match_ops,203932.83333333334
i1,no_provenance,106,0.0,6,300,group_cost.fragile,122.19777777777777
i1,no_provenance,106,0.0,6,300,group_cost.robust,120.78444444444445
i1,no_provenance,106,0.0,6,300,success_first,0.08277777777777778
i1,no_provenance,106,0.0,6,300,fail_open,0.6883333333333334
i1,no_provenance,106,0.0,6,300,refusal,0.2288888888888889
i1,no_provenance,106,0.0,6,300,hazard_hits,4.94
i1,no_provenance,106,0.0,6,300,duplicate_rate,0.0
i1,no_provenance,106,0.0,6,300,wire_bits,378912.0
i1,no_provenance,106,0.0,6,300,memory_bits,315041.6666666667
i1,no_provenance,106,0.0,6,300,match_ops,229264.16666666666
i1,no_provenance,107,0.0,6,300,group_cost.fragile,125.33111111111111
i1,no_provenance,107,0.0,6,300,group_cost.robust,122.87222222222222
i1,no_provenance,107,0.0,6,300,success_first,0.09055555555555556
i1,no_provenance,107,0.0,6,300,fail_open,0.7022222222222222
i1,no_provenance,107,0.0,6,300,refusal,0.20722222222222222
i1,no_provenance,107,0.0,6,300,hazard_hits,5.127777777777778
i1,no_provenance,107,0.0,6,300,duplicate_rate,0.0
i1,no_provenance,107,0.0,6,300,wire_bits,372286.0
i1,no_provenance,107,0.0,6,300,memory_bits,306192.3333333333
i1,no_provenance,107,0.0,6,300,match_ops,220588.66666666666
i1,no_provenance,108,0.0,6,300,group_cost.fragile,123.50777777777778
i1,no_provenance,108,0.0,6,300,group_cost.robust,127.16111111111111
i1,no_provenance,108,0.0,6,300,success_first,0.07611111111111112
i1,no_provenance,108,0.0,6,300,fail_open,0.7061111111111111
i1,no_provenance,108,0.0,6,300,refusal,0.21777777777777776
i1,no_provenance,108,0.0,6,300,hazard_hits,5.230555555555555
i1,no_provenance,108,0.0,6,300,duplicate_rate,0.0
i1,no_provenance,108,0.0,6,300,wire_bits,389592.0
i1,no_provenance,108,0.0,6,300,memory_bits,326326.6666666667
i1,no_provenance,108,0.0,6,300,match_ops,196704.66666666666
i1,no_provenance,109,0.0,6,300,group_cost.fragile,119.52555555555556
i1,no_provenance,109,0.0,6,300,group_cost.robust,129.50333333333333
i1,no_provenance,109,0.0,6,300,success_first,0.0811111111111111
i1,no_provenance,109,0.0,6,300,fail_open,0.6627777777777778
i1,no_provenance,109,0.0,6,300,refusal,0.2561111111111111
i1,no_provenance,109,0.0,6,300,hazard_hits,5.188888888888889
i1,no_provenance,109,0.0,6,300,duplicate_rate,0.0
i1,no_provenance,109,0.0,6,300,wire_bits,378594.0
i1,no_provenance,109,0.0,6,300,memory_bits,321175.6666666667
i1,no_provenance,109,0.0,6,300,match_ops,204780.66666666666
i1,no_provenance,110,0.0,6,300,group_cost.fragile,116.45111111111112
i1,no_provenance,110,0.0,6,300,group_cost.robust,125.0911111111111
i1,no_provenance,110,0.0,6,300,success_first,0.08277777777777778
i1,no_provenance,110,0.0,6,300,fail_open,0.6883333333333334
i1,no_provenance,110,0.0,6,300,refusal,0.2288888888888889
i1,no_provenance,110,0.0,6,300,hazard_hits,4.98
i1,no_provenance,110,0.0,6,300,duplicate_rate,0.0
i1,no_provenance,110,0.0,6,300,wire_bits,380952.0
i1,no_provenance,110,0.0,6,300,memory_bits,323482.3333333333
i1,no_provenance,110,0.0,6,300,match_ops,204897.83333333334
i1,no_provenance,111,0.0,6,300,group_cost.fragile,119.13888888888889
i1,no_provenance,111,0.0,6,300,group_cost.robust,122.19333333333333
i1,no_provenance,111,0.0,6,300,success_first,0.09222222222222222
i1,no_provenance,111,0.0,6,300,fail_open,0.6994444444444444
i1,no_provenance,111,0.0,6,300,refusal,0.20833333333333334
i1,no_provenance,111,0.0,6,300,hazard_hits,4.938888888888889
i1,no_provenance,111,0.0,6,300,duplicate_rate,0.0
i1,no_provenance,111,0.0,6,300,wire_bits,373336.0
i1,no_provenance,111,0.0,6,300,memory_bits,317192.6666666667
i1,no_provenance,111,0.0,6,300,match_ops,221216.5
i1,no_reservations,100,0.0,6,300,group_cost.fragile,121.75444444444445
i1,no_reservations,100,0.0,6,300,group_cost.robust,130.60444444444445
i1,no_reservations,100,0.0,6,300,success_first,0.07444444444444444
i1,no_reservations,100,0.0,6,300,fail_open,0.7077777777777777
i1,no_reservations,100,0.0,6,300,refusal,0.21777777777777776
i1,no_reservations,100,0.0,6,300,hazard_hits,5.265555555555555
i1,no_reservations,100,0.0,6,300,duplicate_rate,0.012863913337846988
i1,no_reservations,100,0.0,6,300,wire_bits,406080.0
i1,no_reservations,100,0.0,6,300,memory_bits,361401.0
i1,no_reservations,100,0.0,6,300,match_ops,196836.66666666666
i1,no_reservations,101,0.0,6,300,group_cost.fragile,119.57444444444444
i1,no_reservations,101,0.0,6,300,group_cost.robust,123.94444444444444
i1,no_reservations,101,0.0,6,300,success_first,0.08222222222222222
i1,no_reservations,101,0.0,6,300,fail_open,0.7066666666666667
i1,no_reservations,101,0.0,6,300,refusal,0.2111111111111111
i1,no_reservations,101,0.0,6,300,hazard_hits,4.966111111111111
i1,no_reservations,101,0.0,6,300,duplicate_rate,0.017976031957390146
i1,no_reservations,101,0.0,6,300,wire_bits,400874.0
i1,no_reservations,101,0.0,6,300,memory_bits,359340.3333333333
i1,no_reservations,101,0.0,6,300,match_ops,210232.83333333334
i1,no_reservations,102,0.0,6,300,group_cost.fragile,118.75333333333333
i1,no_reservations,102,0.0,6,300,group_cost.robust,125.53888888888889
i1,no_reservations,102,0.0,6,300,success_first,0.08277777777777778
i1,no_reservations,102,0.0,6,300,fail_open,0.6922222222222222
i1,no_reservations,102,0.0,6,300,refusal,0.225
i1,no_reservations,102,0.0,6,300,hazard_hits,4.972222222222222
i1,no_reservations,102,0.0,6,300,duplicate_rate,0.012269938650306749
i1,no_reservations,102,0.0,6,300,wire_bits,400994.0
i1,no_reservations,102,0.0,6,300,memory_bits,363428.3333333333
i1,no_reservations,102,0.0,6,300,match_ops,202743.66666666666
i1,no_reservations,103,0.0,6,300,group_cost.fragile,119.04444444444445
i1,no_reservations,103,0.0,6,300,group_cost.robust,129.04444444444445
i1,no_reservations,103,0.0,6,300,success_first,0.08833333333333333
i1,no_reservations,103,0.0,6,300,fail_open,0.6744444444444444
i1,no_reservations,103,0.0,6,300,refusal,0.23722222222222222
i1,no_reservations,103,0.0,6,300,hazard_hits,5.1883333333333335
i1,no_reservations,103,0.0,6,300,duplicate_rate,0.015593220338983051
i1,no_reservations,103,0.0,6,300,wire_bits,404574.0
i1,no_reservations,103,0.0,6,300,memory_bits,363710.3333333333
i1,no_reservations,103,0.0,6,300,match_ops,209085.83333333334
i1,no_reservations,104,0.0,6,300,group_cost.fragile,119.1288888888889
i1,no_reservations,104,0.0,6,300,group_cost.robust,128.29111111111112
i1,no_reservations,104,0.0,6,300,success_first,0.09555555555555556
i1,no_reservations,104,0.0,6,300,fail_open,0.6961111111111111
i1,no_reservations,104,0.0,6,300,refusal,0.20833333333333334
i1,no_reservations,104,0.0,6,300,hazard_hits,5.019444444444445
i1,no_reservations,104,0.0,6,300,duplicate_rate,0.01808439383791025
i1,no_reservations,104,0.0,6,300,wire_bits,403370.0
i1,no_reservations,104,0.0,6,300,memory_bits,365824.3333333333
i1,no_reservations,104,0.0,6,300,match_ops,210777.16666666666
i1,no_reservations,105,0.0,6,300,group_cost.fragile,115.74
i1,no_reservations,105,0.0,6,300,group_cost.robust,117.6511111111111
i1,no_reservations,105,0.0,6,300,success_first,0.08444444444444445
i1,no_reservations,105,0.0,6,300,fail_open,0.7027777777777777
i1,no_reservations,105,0.0,6,300,refusal,0.2127777777777778
i1,no_reservations,105,0.0,6,300,hazard_hits,4.731111111111111
i1,no_reservations,105,0.0,6,300,duplicate_rate,0.019450033534540577
i1,no_reservations,105,0.0,6,300,wire_bits,399736.0
i1,no_reservations,105,0.0,6,300,memory_bits,364055.6666666667
i1,no_reservations,105,0.0,6,300,match_ops,203922.16666666666
i1,no_reservations,106,0.0,6,300,group_cost.fragile,122.28777777777778
i1,no_reservations,106,0.0,6,300,group_cost.robust,121.48333333333333
i1,no_reservations,106,0.0,6,300,success_first,0.08444444444444445
i1,no_reservations,106,0.0,6,300,fail_open,0.6905555555555556
i1,no_reservations,106,0.0,6,300,refusal,0.225
i1,no_reservations,106,0.0,6,300,hazard_hits,4.948333333333333
i1,no_reservations,106,0.0,6,300,duplicate_rate,0.013468013468013467
i1,no_reservations,106,0.0,6,300,wire_bits,401586.0
i1,no_reservations,106,0.0,6,300,memory_bits,359044.0
i1,no_reservations,106,0.0,6,300,match_ops,228704.83333333334
i1,no_reservations,107,0.0,6,300,group_cost.fragile,125.18888888888888
i1,no_reservations,107,0.0,6,300,group_cost.robust,124.02
i1,no_reservations,107,0.0,6,300,success_first,0.09055555555555556
i1,no_reservations,107,0.0,6,300,fail_open,0.7027777777777777
i1,no_reservations,107,0.0,6,300,refusal,0.20666666666666667
i1,no_reservations,107,0.0,6,300,hazard_hits,5.122222222222222
i1,no_reservations,107,0.0,6,300,duplicate_rate,0.012599469496021221
i1,no_reservations,107,0.0,6,300,wire_bits,393568.0
i1,no_reservations,107,0.0,6,300,memory_bits,348488.3333333333
i1,no_reservations,107,0.0,6,300,match_ops,220571.5
i1,no_reservations,108,0.0,6,300,group_cost.fragile,123.12222222222222
i1,no_reservations,108,0.0,6,300,group_cost.robust,128.41444444444446
i1,no_reservations,108,0.0,6,300,success_first,0.07666666666666666
i1,no_reservations,108,0.0,6,300,fail_open,0.7088888888888889
i1,no_reservations,108,0.0,6,300,refusal,0.21444444444444444
i1,no_reservations,108,0.0,6,300,hazard_hits,5.222222222222222
i1,no_reservations,108,0.0,6,300,duplicate_rate,0.016
i1,no_reservations,108,0.0,6,300,wire_bits,412856.0
i1,no_reservations,108,0.0,6,300,memory_bits,372877.6666666667
i1,no_reservations,108,0.0,6,300,match_ops,196998.0
i1,no_reservations,109,0.0,6,300,group_cost.fragile,119.56555555555556
i1,no_reservations,109,0.0,6,300,group_cost.robust,129.59555555555556
i1,no_reservations,109,0.0,6,300,success_first,0.08166666666666667
i1,no_reservations,109,0.0,6,300,fail_open,0.6655555555555556
i1,no_reservations,109,0.0,6,300,refusal,0.25277777777777777
i1,no_reservations,109,0.0,6,300,hazard_hits,5.168888888888889
i1,no_reservations,109,0.0,6,300,duplicate_rate,0.016083916083916083
i1,no_reservations,109,0.0,6,300,wire_bits,403388.0
i1,no_reservations,109,0.0,6,300,memory_bits,366936.6666666667
i1,no_reservations,109,0.0,6,300,match_ops,205159.83333333334
i1,no_reservations,110,0.0,6,300,group_cost.fragile,115.77
i1,no_reservations,110,0.0,6,300,group_cost.robust,125.60888888888888
i1,no_reservations,110,0.0,6,300,success_first,0.08444444444444445
i1,no_reservations,110,0.0,6,300,fail_open,0.6905555555555556
i1,no_reservations,110,0.0,6,300,refusal,0.225
i1,no_reservations,110,0.0,6,300,hazard_hits,4.955555555555556
i1,no_reservations,110,0.0,6,300,duplicate_rate,0.013531799729364006
i1,no_reservations,110,0.0,6,300,wire_bits,401958.0
i1,no_reservations,110,0.0,6,300,memory_bits,368381.6666666667
i1,no_reservations,110,0.0,6,300,match_ops,204976.0
i1,no_reservations,111,0.0,6,300,group_cost.fragile,119.4888888888889
i1,no_reservations,111,0.0,6,300,group_cost.robust,122.4011111111111
i1,no_reservations,111,0.0,6,300,success_first,0.09444444444444444
i1,no_reservations,111,0.0,6,300,fail_open,0.7
i1,no_reservations,111,0.0,6,300,refusal,0.20555555555555555
i1,no_reservations,111,0.0,6,300,hazard_hits,4.931111111111111
i1,no_reservations,111,0.0,6,300,duplicate_rate,0.01406563965170797
i1,no_reservations,111,0.0,6,300,wire_bits,395890.0
i1,no_reservations,111,0.0,6,300,memory_bits,362265.3333333333
i1,no_reservations,111,0.0,6,300,match_ops,221406.83333333334
i1,no_utility_gate,100,0.0,6,300,group_cost.fragile,122.03888888888889
i1,no_utility_gate,100,0.0,6,300,group_cost.robust,129.87777777777777
i1,no_utility_gate,100,0.0,6,300,success_first,0.08388888888888889
i1,no_utility_gate,100,0.0,6,300,fail_open,0.7033333333333334
i1,no_utility_gate,100,0.0,6,300,refusal,0.2127777777777778
i1,no_utility_gate,100,0.0,6,300,hazard_hits,5.204444444444444
i1,no_utility_gate,100,0.0,6,300,duplicate_rate,0.0
i1,no_utility_gate,100,0.0,6,300,wire_bits,601626.0
i1,no_utility_gate,100,0.0,6,300,memory_bits,489710.3333333333
i1,no_utility_gate,100,0.0,6,300,match_ops,287269.3333333333
i1,no_utility_gate,101,0.0,6,300,group_cost.fragile,118.65777777777778
i1,no_utility_gate,101,0.0,6,300,group_cost.robust,124.14
i1,no_utility_gate,101,0.0,6,300,success_first,0.08222222222222222
i1,no_utility_gate,101,0.0,6,300,fail_open,0.7238888888888889
i1,no_utility_gate,101,0.0,6,300,refusal,0.1938888888888889
i1,no_utility_gate,101,0.0,6,300,hazard_hits,4.8805555555555555
i1,no_utility_gate,101,0.0,6,300,duplicate_rate,0.0
i1,no_utility_gate,101,0.0,6,300,wire_bits,604538.0
i1,no_utility_gate,101,0.0,6,300,memory_bits,493108.0
i1,no_utility_gate,101,0.0,6,300,match_ops,294687.6666666667
i1,no_utility_gate,102,0.0,6,300,group_cost.fragile,117.99111111111111
i1,no_utility_gate,102,0.0,6,300,group_cost.robust,123.51666666666667
i1,no_utility_gate,102,0.0,6,300,success_first,0.08777777777777777
i1,no_utility_gate,102,0.0,6,300,fail_open,0.7033333333333334
i1,no_utility_gate,102,0.0,6,300,refusal,0.2088888888888889
i1,no_utility_gate,102,0.0,6,300,hazard_hits,4.877777777777778
i1,no_utility_gate,102,0.0,6,300,duplicate_rate,0.0
i1,no_utility_gate,102,0.0,6,300,wire_bits,602720.0
i1,no_utility_gate,102,0.0,6,300,memory_bits,500880.3333333333
i1,no_utility_gate,102,0.0,6,300,match_ops,290999.6666666667
i1,no_utility_gate,103,0.0,6,300,group_cost.fragile,116.36666666666666
i1,no_utility_gate,103,0.0,6,300,group_cost.robust,125.34
i1,no_utility_gate,103,0.0,6,300,success_first,0.08722222222222223
i1,no_utility_gate,103,0.0,6,300,fail_open,0.6888888888888889
i1,no_utility_gate,103,0.0,6,300,refusal,0.2238888888888889
i1,no_utility_gate,103,0.0,6,300,hazard_hits,5.020555555555555
i1,no_utility_gate,103,0.0,6,300,duplicate_rate,0.0
i1,no_utility_gate,103,0.0,6,300,wire_bits,595414.0
i1,no_utility_gate,103,0.0,6,300,memory_bits,486477.6666666667
i1,no_utility_gate,103,0.0,6,300,match_ops,288438.0
i1,no_utility_gate,104,0.0,6,300,group_cost.fragile,119.27777777777777
i1,no_utility_gate,104,0.0,6,300,group_cost.robust,130.61777777777777
i1,no_utility_gate,104,0.0,6,300,success_first,0.08555555555555555
i1,no_utility_gate,104,0.0,6,300,fail_open,0.7061111111111111
i1,no_utility_gate,104,0.0,6,300,refusal,0.20833333333333334
i1,no_utility_gate,104,0.0,6,300,hazard_hits,5.078333333333333
i1,no_utility_gate,104,0.0,6,300,duplicate_rate,0.0
i1,no_utility_gate,104,0.0,6,300,wire_bits,601818.0
i1,no_utility_gate,104,0.0,6,300,memory_bits,498396.6666666667
i1,no_utility_gate,104,0.0,6,300,match_ops,296778.3333333333
i1,no_utility_gate,105,0.0,6,300,group_cost.fragile,118.10222222222222
i1,no_utility_gate,105,0.0,6,300,group_cost.robust,119.64888888888889
i1,no_utility_gate,105,0.0,6,300,success_first,0.08388888888888889
i1,no_utility_gate,105,0.0,6,300,fail_open,0.7172222222222222
i1,no_utility_gate,105,0.0,6,300,refusal,0.1988888888888889
i1,no_utility_gate,105,0.0,6,300,hazard_hits,4.7683333333333335
i1,no_utility_gate,105,0.0,6,300,duplicate_rate,0.0
i1,no_utility_gate,105,0.0,6,300,wire_bits,611170.0
i1,no_utility_gate,105,0.0,6,300,memory_bits,504601.0
i1,no_utility_gate,105,0.0,6,300,match_ops,303076.8333333333
i1,no_utility_gate,106,0.0,6,300,group_cost.fragile,121.74666666666667
i1,no_utility_gate,106,0.0,6,300,group_cost.robust,121.64666666666666
i1,no_utility_gate,106,0.0,6,300,success_first,0.08666666666666667
i1,no_utility_gate,106,0.0,6,300,fail_open,0.6877777777777778
i1,no_utility_gate,106,0.0,6,300,refusal,0.22555555555555556
i1,no_utility_gate,106,0.0,6,300,hazard_hits,4.893888888888889
i1,no_utility_gate,106,0.0,6,300,duplicate_rate,0.0
i1,no_utility_gate,106,0.0,6,300,wire_bits,608374.0
i1,no_utility_gate,106,0.0,6,300,memory_bits,493688.0
i1,no_utility_gate,106,0.0,6,300,match_ops,333465.5
i1,no_utility_gate,107,0.0,6,300,group_cost.fragile,125.1588888888889
i1,no_utility_gate,107,0.0,6,300,group_cost.robust,123.24888888888889
i1,no_utility_gate,107,0.0,6,300,success_first,0.09166666666666666
i1,no_utility_gate,107,0.0,6,300,fail_open,0.7077777777777777
i1,no_utility_gate,107,0.0,6,300,refusal,0.20055555555555554
i1,no_utility_gate,107,0.0,6,300,hazard_hits,5.09
i1,no_utility_gate,107,0.0,6,300,duplicate_rate,0.0
i1,no_utility_gate,107,0.0,6,300,wire_bits,606320.0
i1,no_utility_gate,107,0.0,6,300,memory_bits,485082.6666666667
i1,no_utility_gate,107,0.0,6,300,match_ops,311550.3333333333
i1,no_utility_gate,108,0.0,6,300,group_cost.fragile,124.64888888888889
i1,no_utility_gate,108,0.0,6,300,group_cost.robust,127.02333333333333
i1,no_utility_gate,108,0.0,6,300,success_first,0.07944444444444444
i1,no_utility_gate,108,0.0,6,300,fail_open,0.7122222222222222
i1,no_utility_gate,108,0.0,6,300,refusal,0.20833333333333334
i1,no_utility_gate,108,0.0,6,300,hazard_hits,5.165
i1,no_utility_gate,108,0.0,6,300,duplicate_rate,0.0
i1,no_utility_gate,108,0.0,6,300,wire_bits,602912.0
i1,no_utility_gate,108,0.0,6,300,memory_bits,496618.0
i1,no_utility_gate,108,0.0,6,300,match_ops,270405.8333333333
i1,no_utility_gate,109,0.0,6,300,group_cost.fragile,118.35111111111111
i1,no_utility_gate,109,0.0,6,300,group_cost.robust,129.16555555555556
i1,no_utility_gate,109,0.0,6,300,success_first,0.08388888888888889
i1,no_utility_gate,109,0.0,6,300,fail_open,0.6772222222222222
i1,no_utility_gate,109,0.0,6,300,refusal,0.2388888888888889
i1,no_utility_gate,109,0.0,6,300,hazard_hits,5.0872222222222225
i1,no_utility_gate,109,0.0,6,300,duplicate_rate,0.0
i1,no_utility_gate,109,0.0,6,300,wire_bits,602416.0
i1,no_utility_gate,109,0.0,6,300,memory_bits,498781.0
i1,no_utility_gate,109,0.0,6,300,match_ops,303836.8333333333
i1,no_utility_gate,110,0.0,6,300,group_cost.fragile,117.84666666666666
i1,no_utility_gate,110,0.0,6,300,group_cost.robust,126.59222222222222
i1,no_utility_gate,110,0.0,6,300,success_first,0.08666666666666667
i1,no_utility_gate,110,0.0,6,300,fail_open,0.6961111111111111
i1,no_utility_gate,110,0.0,6,300,refusal,0.21722222222222223
i1,no_utility_gate,110,0.0,6,300,hazard_hits,5.009444444444444
i1,no_utility_gate,110,0.0,6,300,duplicate_rate,0.0
i1,no_utility_gate,110,0.0,6,300,wire_bits,604182.0
i1,no_utility_gate,110,0.0,6,300,memory_bits,504783.6666666667
i1,no_utility_gate,110,0.0,6,300,match_ops,286801.5
i1,no_utility_gate,111,0.0,6,300,group_cost.fragile,117.35666666666667
i1,no_utility_gate,111,0.0,6,300,group_cost.robust,121.04
i1,no_utility_gate,111,0.0,6,300,success_first,0.09555555555555556
i1,no_utility_gate,111,0.0,6,300,fail_open,0.7077777777777777
i1,no_utility_gate,111,0.0,6,300,refusal,0.19666666666666666
i1,no_utility_gate,111,0.0,6,300,hazard_hits,4.786111111111111
i1,no_utility_gate,111,0.0,6,300,duplicate_rate,0.0
i1,no_utility_gate,111,0.0,6,300,wire_bits,601732.0
i1,no_utility_gate,111,0.0,6,300,memory_bits,495596.0
i1,no_utility_gate,111,0.0,6,300,match_ops,318281.8333333333
i1,no_worldclock,100,0.0,6,300,group_cost.fragile,119.65222222222222
i1,no_worldclock,100,0.0,6,300,group_cost.robust,138.72666666666666
i1,no_worldclock,100,0.0,6,300,success_first,0.085
i1,no_worldclock,100,0.0,6,300,fail_open,0.8077777777777778
i1,no_worldclock,100,0.0,6,300,refusal,0.10722222222222222
i1,no_worldclock,100,0.0,6,300,hazard_hits,4.921666666666667
i1,no_worldclock,100,0.0,6,300,duplicate_rate,0.0
i1,no_worldclock,100,0.0,6,300,wire_bits,397676.0
i1,no_worldclock,100,0.0,6,300,memory_bits,344665.0
i1,no_worldclock,100,0.0,6,300,match_ops,430206.5
i1,no_worldclock,101,0.0,6,300,group_cost.fragile,117.48
i1,no_worldclock,101,0.0,6,300,group_cost.robust,133.85888888888888
i1,no_worldclock,101,0.0,6,300,success_first,0.08277777777777778
i1,no_worldclock,101,0.0,6,300,fail_open,0.8011111111111111
i1,no_worldclock,101,0.0,6,300,refusal,0.11611111111111111
i1,no_worldclock,101,0.0,6,300,hazard_hits,4.751666666666667
i1,no_worldclock,101,0.0,6,300,duplicate_rate,0.0
i1,no_worldclock,101,0.0,6,300,wire_bits,397288.0
i1,no_worldclock,101,0.0,6,300,memory_bits,344361.6666666667
i1,no_worldclock,101,0.0,6,300,match_ops,437563.0
i1,no_worldclock,102,0.0,6,300,group_cost.fragile,122.05555555555556
i1,no_worldclock,102,0.0,6,300,group_cost.robust,135.58
i1,no_worldclock,102,0.0,6,300,success_first,0.0961111111111111
i1,no_worldclock,102,0.0,6,300,fail_open,0.7833333333333333
i1,no_worldclock,102,0.0,6,300,refusal,0.12055555555555555
i1,no_worldclock,102,0.0,6,300,hazard_hits,4.872777777777777
i1,no_worldclock,102,0.0,6,300,duplicate_rate,0.0
i1,no_worldclock,102,0.0,6,300,wire_bits,408036.0
i1,no_worldclock,102,0.0,6,300,memory_bits,355312.6666666667
i1,no_worldclock,102,0.0,6,300,match_ops,449551.8333333333
i1,no_worldclock,103,0.0,6,300,group_cost.fragile,123.40222222222222
i1,no_worldclock,103,0.0,6,300,group_cost.robust,136.18444444444444
i1,no_worldclock,103,0.0,6,300,success_first,0.09388888888888888
i1,no_worldclock,103,0.0,6,300,fail_open,0.7677777777777778
i1,no_worldclock,103,0.0,6,300,refusal,0.13833333333333334
i1,no_worldclock,103,0.0,6,300,hazard_hits,5.078333333333333
i1,no_worldclock,103,0.0,6,300,duplicate_rate,0.0
i1,no_worldclock,103,0.0,6,300,wire_bits,410672.0
i1,no_worldclock,103,0.0,6,300,memory_bits,352701.6666666667
i1,no_worldclock,103,0.0,6,300,match_ops,433019.1666666667
i1,no_worldclock,104,0.0,6,300,group_cost.fragile,117.42555555555556
i1,no_worldclock,104,0.0,6,300,group_cost.robust,137.55333333333334
i1,no_worldclock,104,0.0,6,300,success_first,0.09833333333333333
i1,no_worldclock,104,0.0,6,300,fail_open,0.785
i1,no_worldclock,104,0.0,6,300,refusal,0.11666666666666667
i1,no_worldclock,104,0.0,6,300,hazard_hits,4.846666666666667
i1,no_worldclock,104,0.0,6,300,duplicate_rate,0.0
i1,no_worldclock,104,0.0,6,300,wire_bits,401876.0
i1,no_worldclock,104,0.0,6,300,memory_bits,347360.6666666667
i1,no_worldclock,104,0.0,6,300,match_ops,438778.6666666667
i1,no_worldclock,105,0.0,6,300,group_cost.fragile,120.60666666666667
i1,no_worldclock,105,0.0,6,300,group_cost.robust,131.0688888888889
i1,no_worldclock,105,0.0,6,300,success_first,0.09444444444444444
i1,no_worldclock,105,0.0,6,300,fail_open,0.7827777777777778
i1,no_worldclock,105,0.0,6,300,refusal,0.12277777777777778
i1,no_worldclock,105,0.0,6,300,hazard_hits,4.794444444444444
i1,no_worldclock,105,0.0,6,300,duplicate_rate,0.0
i1,no_worldclock,105,0.0,6,300,wire_bits,404432.0
i1,no_worldclock,105,0.0,6,300,memory_bits,352472.0
i1,no_worldclock,105,0.0,6,300,match_ops,441317.0
i1,no_worldclock,106,0.0,6,300,group_cost.fragile,123.47222222222223
i1,no_worldclock,106,0.0,6,300,group_cost.robust,130.67555555555555
i1,no_worldclock,106,0.0,6,300,success_first,0.09277777777777778
i1,no_worldclock,106,0.0,6,300,fail_open,0.78
i1,no_worldclock,106,0.0,6,300,refusal,0.1272222222222222
i1,no_worldclock,106,0.0,6,300,hazard_hits,4.836111111111111
i1,no_worldclock,106,0.0,6,300,duplicate_rate,0.0
i1,no_worldclock,106,0.0,6,300,wire_bits,409364.0
i1,no_worldclock,106,0.0,6,300,memory_bits,349337.6666666667
i1,no_worldclock,106,0.0,6,300,match_ops,461994.1666666667
i1,no_worldclock,107,0.0,6,300,group_cost.fragile,125.25888888888889
i1,no_worldclock,107,0.0,6,300,group_cost.robust,133.63222222222223
i1,no_worldclock,107,0.0,6,300,success_first,0.09388888888888888
i1,no_worldclock,107,0.0,6,300,fail_open,0.7838888888888889
i1,no_worldclock,107,0.0,6,300,refusal,0.12222222222222222
i1,no_worldclock,107,0.0,6,300,hazard_hits,4.965
i1,no_worldclock,107,0.0,6,300,duplicate_rate,0.0
i1,no_worldclock,107,0.0,6,300,wire_bits,393572.0
i1,no_worldclock,107,0.0,6,300,memory_bits,334866.0
i1,no_worldclock,107,0.0,6,300,match_ops,461869.5
i1,no_worldclock,108,0.0,6,300,group_cost.fragile,118.24888888888889
i1,no_worldclock,108,0.0,6,300,group_cost.robust,137.36
i1,no_worldclock,108,0.0,6,300,success_first,0.07888888888888888
i1,no_worldclock,108,0.0,6,300,fail_open,0.8072222222222222
i1,no_worldclock,108,0.0,6,300,refusal,0.11388888888888889
i1,no_worldclock,108,0.0,6,300,hazard_hits,4.856111111111111
i1,no_worldclock,108,0.0,6,300,duplicate_rate,0.0
i1,no_worldclock,108,0.0,6,300,wire_bits,409170.0
i1,no_worldclock,108,0.0,6,300,memory_bits,353715.0
i1,no_worldclock,108,0.0,6,300,match_ops,426500.8333333333
i1,no_worldclock,109,0.0,6,300,group_cost.fragile,118.4888888888889
i1,no_worldclock,109,0.0,6,300,group_cost.robust,138.68444444444444
i1,no_worldclock,109,0.0,6,300,success_first,0.095
i1,no_worldclock,109,0.0,6,300,fail_open,0.7794444444444445
i1,no_worldclock,109,0.0,6,300,refusal,0.12555555555555556
i1,no_worldclock,109,0.0,6,300,hazard_hits,4.8805555555555555
i1,no_worldclock,109,0.0,6,300,duplicate_rate,0.0
i1,no_worldclock,109,0.0,6,300,wire_bits,408390.0
i1,no_worldclock,109,0.0,6,300,memory_bits,356357.0
i1,no_worldclock,109,0.0,6,300,match_ops,449999.0
i1,no_worldclock,110,0.0,6,300,group_cost.fragile,118.30888888888889
i1,no_worldclock,110,0.0,6,300,group_cost.robust,129.35444444444445
i1,no_worldclock,110,0.0,6,300,success_first,0.1
i1,no_worldclock,110,0.0,6,300,fail_open,0.7816666666666666
i1,no_worldclock,110,0.0,6,300,refusal,0.11833333333333333
i1,no_worldclock,110,0.0,6,300,hazard_hits,4.678333333333334
i1,no_worldclock,110,0.0,6,300,duplicate_rate,0.0
i1,no_worldclock,110,0.0,6,300,wire_bits,398036.0
i1,no_worldclock,110,0.0,6,300,memory_bits,353154.0
i1,no_worldclock,110,0.0,6,300,match_ops,414153.3333333333
i1,no_worldclock,111,0.0,6,300,group_cost.fragile,126.23333333333333
i1,no_worldclock,111,0.0,6,300,group_cost.robust,131.17555555555555
i1,no_worldclock,111,0.0,6,300,success_first,0.09833333333333333
i1,no_worldclock,111,0.0,6,300,fail_open,0.7788888888888889
i1,no_worldclock,111,0.0,6,300,refusal,0.12277777777777778
i1,no_worldclock,111,0.0,6,300,hazard_hits,4.868333333333333
i1,no_worldclock,111,0.0,6,300,duplicate_rate,0.0
i1,no_worldclock,111,0.0,6,300,wire_bits,405248.0
i1,no_worldclock,111,0.0,6,300,memory_bits,353611.6666666667
i1,no_worldclock,111,0.0,6,300,match_ops,441709.3333333333
i1,raw_history,100,0.0,6,300,group_cost.fragile,154.89
i1,raw_history,100,0.0,6,300,group_cost.robust,208.90555555555557
i1,raw_history,100,0.0,6,300,success_first,0.05555555555555555
i1,raw_history,100,0.0,6,300,fail_open,0.9
i1,raw_history,100,0.0,6,300,refusal,0.044444444444444446
i1,raw_history,100,0.0,6,300,hazard_hits,5.626666666666667
i1,raw_history,100,0.0,6,300,duplicate_rate,0.017795637198622274
i1,raw_history,100,0.0,6,300,wire_bits,550784.0
i1,raw_history,100,0.0,6,300,memory_bits,451400.0
i1,raw_history,100,0.0,6,300,match_ops,1222795.6666666667
i1,raw_history,101,0.0,6,300,group_cost.fragile,158.4911111111111
i1,raw_history,101,0.0,6,300,group_cost.robust,202.04555555555555
i1,raw_history,101,0.0,6,300,success_first,0.05444444444444444
i1,raw_history,101,0.0,6,300,fail_open,0.9033333333333333
i1,raw_history,101,0.0,6,300,refusal,0.042222222222222223
i1,raw_history,101,0.0,6,300,hazard_hits,5.551111111111111
i1,raw_history,101,0.0,6,300,duplicate_rate,0.017795637198622274
i1,raw_history,101,0.0,6,300,wire_bits,556178.0
i1,raw_history,101,0.0,6,300,memory_bits,462358.6666666667
i1,raw_history,101,0.0,6,300,match_ops,1282325.6666666667
i1,raw_history,102,0.0,6,300,group_cost.fragile,158.67333333333335
i1,raw_history,102,0.0,6,300,group_cost.robust,207.12555555555556
i1,raw_history,102,0.0,6,300,success_first,0.051111111111111114
i1,raw_history,102,0.0,6,300,fail_open,0.9077777777777778
i1,raw_history,102,0.0,6,300,refusal,0.04111111111111111
i1,raw_history,102,0.0,6,300,hazard_hits,5.713333333333333
i1,raw_history,102,0.0,6,300,duplicate_rate,0.01611047180667434
i1,raw_history,102,0.0,6,300,wire_bits,556744.0
i1,raw_history,102,0.0,6,300,memory_bits,461914.6666666667
i1,raw_history,102,0.0,6,300,match_ops,1287825.6666666667
i1,raw_history,103,0.0,6,300,group_cost.fragile,166.13888888888889
i1,raw_history,103,0.0,6,300,group_cost.robust,212.40777777777777
i1,raw_history,103,0.0,6,300,success_first,0.05277777777777778
i1,raw_history,103,0.0,6,300,fail_open,0.9094444444444445
i1,raw_history,103,0.0,6,300,refusal,0.03777777777777778
i1,raw_history,103,0.0,6,300,hazard_hits,5.889444444444444
i1,raw_history,103,0.0,6,300,duplicate_rate,0.01833810888252149
i1,raw_history,103,0.0,6,300,wire_bits,549536.0
i1,raw_history,103,0.0,6,300,memory_bits,456789.0
i1,raw_history,103,0.0,6,300,match_ops,1256180.0
i1,raw_history,104,0.0,6,300,group_cost.fragile,162.57333333333332
i1,raw_history,104,0.0,6,300,group_cost.robust,203.49333333333334
i1,raw_history,104,0.0,6,300,success_first,0.05722222222222222
i1,raw_history,104,0.0,6,300,fail_open,0.8977777777777778
i1,raw_history,104,0.0,6,300,refusal,0.045
i1,raw_history,104,0.0,6,300,hazard_hits,5.600555555555555
i1,raw_history,104,0.0,6,300,duplicate_rate,0.02360391479562464
i1,raw_history,104,0.0,6,300,wire_bits,554434.0
i1,raw_history,104,0.0,6,300,memory_bits,450683.0
i1,raw_history,104,0.0,6,300,match_ops,1245973.0
i1,raw_history,105,0.0,6,300,group_cost.fragile,156.24444444444444
i1,raw_history,105,0.0,6,300,group_cost.robust,206.76222222222222
i1,raw_history,105,0.0,6,300,success_first,0.05333333333333334
i1,raw_history,105,0.0,6,300,fail_open,0.8972222222222223
i1,raw_history,105,0.0,6,300,refusal,0.049444444444444444
i1,raw_history,105,0.0,6,300,hazard_hits,5.566666666666666
i1,raw_history,105,0.0,6,300,duplicate_rate,0.018561484918793503
i1,raw_history,105,0.0,6,300,wire_bits,562252.0
i1,raw_history,105,0.0,6,300,memory_bits,472753.0
i1,raw_history,105,0.0,6,300,match_ops,1304959.3333333333
i1,raw_history,106,0.0,6,300,group_cost.fragile,163.03333333333333
i1,raw_history,106,0.0,6,300,group_cost.robust,197.76222222222222
i1,raw_history,106,0.0,6,300,success_first,0.052222222222222225
i1,raw_history,106,0.0,6,300,fail_open,0.9088888888888889
i1,raw_history,106,0.0,6,300,refusal,0.03888888888888889
i1,raw_history,106,0.0,6,300,hazard_hits,5.552777777777778
i1,raw_history,106,0.0,6,300,duplicate_rate,0.013729977116704805
i1,raw_history,106,0.0,6,300,wire_bits,558746.0
i1,raw_history,106,0.0,6,300,memory_bits,463634.6666666667
i1,raw_history,106,0.0,6,300,match_ops,1272269.0
i1,raw_history,107,0.0,6,300,group_cost.fragile,164.98111111111112
i1,raw_history,107,0.0,6,300,group_cost.robust,200.4611111111111
i1,raw_history,107,0.0,6,300,success_first,0.059444444444444446
i1,raw_history,107,0.0,6,300,fail_open,0.8927777777777778
i1,raw_history,107,0.0,6,300,refusal,0.04777777777777778
i1,raw_history,107,0.0,6,300,hazard_hits,5.714444444444444
i1,raw_history,107,0.0,6,300,duplicate_rate,0.013256484149855908
i1,raw_history,107,0.0,6,300,wire_bits,556236.0
i1,raw_history,107,0.0,6,300,memory_bits,449394.6666666667
i1,raw_history,107,0.0,6,300,match_ops,1246240.3333333333
i1,raw_history,108,0.0,6,300,group_cost.fragile,158.67222222222222
i1,raw_history,108,0.0,6,300,group_cost.robust,210.54888888888888
i1,raw_history,108,0.0,6,300,success_first,0.06
i1,raw_history,108,0.0,6,300,fail_open,0.9038888888888889
i1,raw_history,108,0.0,6,300,refusal,0.03611111111111111
i1,raw_history,108,0.0,6,300,hazard_hits,5.501111111111111
i1,raw_history,108,0.0,6,300,duplicate_rate,0.0189328743545611
i1,raw_history,108,0.0,6,300,wire_bits,552632.0
i1,raw_history,108,0.0,6,300,memory_bits,456419.6666666667
i1,raw_history,108,0.0,6,300,match_ops,1258872.6666666667
i1,raw_history,109,0.0,6,300,group_cost.fragile,160.41444444444446
i1,raw_history,109,0.0,6,300,group_cost.robust,202.13222222222223
i1,raw_history,109,0.0,6,300,success_first,0.050555555555555555
i1,raw_history,109,0.0,6,300,fail_open,0.9016666666666666
i1,raw_history,109,0.0,6,300,refusal,0.04777777777777778
i1,raw_history,109,0.0,6,300,hazard_hits,5.644444444444445
i1,raw_history,109,0.0,6,300,duplicate_rate,0.017939814814814815
i1,raw_history,109,0.0,6,300,wire_bits,553174.0
i1,raw_history,109,0.0,6,300,memory_bits,453570.3333333333
i1,raw_history,109,0.0,6,300,match_ops,1229434.0
i1,raw_history,110,0.0,6,300,group_cost.fragile,164.43555555555557
i1,raw_history,110,0.0,6,300,group_cost.robust,201.53555555555556
i1,raw_history,110,0.0,6,300,success_first,0.058333333333333334
i1,raw_history,110,0.0,6,300,fail_open,0.905
i1,raw_history,110,0.0,6,300,refusal,0.03666666666666667
i1,raw_history,110,0.0,6,300,hazard_hits,5.524444444444445
i1,raw_history,110,0.0,6,300,duplicate_rate,0.02005730659025788
i1,raw_history,110,0.0,6,300,wire_bits,554140.0
i1,raw_history,110,0.0,6,300,memory_bits,450727.0
i1,raw_history,110,0.0,6,300,match_ops,1238073.0
i1,raw_history,111,0.0,6,300,group_cost.fragile,162.4622222222222
i1,raw_history,111,0.0,6,300,group_cost.robust,199.86222222222221
i1,raw_history,111,0.0,6,300,success_first,0.06
i1,raw_history,111,0.0,6,300,fail_open,0.9
i1,raw_history,111,0.0,6,300,refusal,0.04
i1,raw_history,111,0.0,6,300,hazard_hits,5.512777777777778
i1,raw_history,111,0.0,6,300,duplicate_rate,0.01549053356282272
i1,raw_history,111,0.0,6,300,wire_bits,556752.0
i1,raw_history,111,0.0,6,300,memory_bits,452378.3333333333
i1,raw_history,111,0.0,6,300,match_ops,1238355.0
i1,song_plain,100,0.0,6,300,group_cost.fragile,152.40333333333334
i1,song_plain,100,0.0,6,300,group_cost.robust,201.7877777777778
i1,song_plain,100,0.0,6,300,success_first,0.05
i1,song_plain,100,0.0,6,300,fail_open,0.9083333333333333
i1,song_plain,100,0.0,6,300,refusal,0.041666666666666664
i1,song_plain,100,0.0,6,300,hazard_hits,5.635555555555555
i1,song_plain,100,0.0,6,300,duplicate_rate,0.016055045871559634
i1,song_plain,100,0.0,6,300,wire_bits,886976.0
i1,song_plain,100,0.0,6,300,memory_bits,341320.0
i1,song_plain,100,0.0,6,300,match_ops,1076281.6666666667
i1,song_plain,101,0.0,6,300,group_cost.fragile,156.32111111111112
i1,song_plain,101,0.0,6,300,group_cost.robust,192.6211111111111
i1,song_plain,101,0.0,6,300,success_first,0.059444444444444446
i1,song_plain,101,0.0,6,300,fail_open,0.9005555555555556
i1,song_plain,101,0.0,6,300,refusal,0.04
i1,song_plain,101,0.0,6,300,hazard_hits,5.446666666666666
i1,song_plain,101,0.0,6,300,duplicate_rate,0.012027491408934709
i1,song_plain,101,0.0,6,300,wire_bits,898104.0
i1,song_plain,101,0.0,6,300,memory_bits,345684.3333333333
i1,song_plain,101,0.0,6,300,match_ops,1106630.6666666667
i1,song_plain,102,0.0,6,300,group_cost.fragile,151.88111111111112
i1,song_plain,102,0.0,6,300,group_cost.robust,199.97333333333333
i1,song_plain,102,0.0,6,300,success_first,0.04833333333333333
i1,song_plain,102,0.0,6,300,fail_open,0.9077777777777778
i1,song_plain,102,0.0,6,300,refusal,0.04388888888888889
i1,song_plain,102,0.0,6,300,hazard_hits,5.5183333333333335
i1,song_plain,102,0.0,6,300,duplicate_rate,0.01097631426920855
i1,song_plain,102,0.0,6,300,wire_bits,888630.0
i1,song_plain,102,0.0,6,300,memory_bits,346505.3333333333
i1,song_plain,102,0.0,6,300,match_ops,1131655.0
i1,song_plain,103,0.0,6,300,group_cost.fragile,163.86333333333334
i1,song_plain,103,0.0,6,300,group_cost.robust,203.18777777777777
i1,song_plain,103,0.0,6,300,success_first,0.051111111111111114
i1,song_plain,103,0.0,6,300,fail_open,0.9105555555555556
i1,song_plain,103,0.0,6,300,refusal,0.03833333333333333
i1,song_plain,103,0.0,6,300,hazard_hits,5.8933333333333335
i1,song_plain,103,0.0,6,300,duplicate_rate,0.020642201834862386
i1,song_plain,103,0.0,6,300,wire_bits,925098.0
i1,song_plain,103,0.0,6,300,memory_bits,350946.0
i1,song_plain,103,0.0,6,300,match_ops,1115958.3333333333
i1,song_plain,104,0.0,6,300,group_cost.fragile,152.94
i1,song_plain,104,0.0,6,300,group_cost.robust,193.82555555555555
i1,song_plain,104,0.0,6,300,success_first,0.05444444444444444
i1,song_plain,104,0.0,6,300,fail_open,0.9016666666666666
i1,song_plain,104,0.0,6,300,refusal,0.04388888888888889
i1,song_plain,104,0.0,6,300,hazard_hits,5.377777777777778
i1,song_plain,104,0.0,6,300,duplicate_rate,0.016119746689694875
i1,song_plain,104,0.0,6,300,wire_bits,887602.0
i1,song_plain,104,0.0,6,300,memory_bits,342918.3333333333
i1,song_plain,104,0.0,6,300,match_ops,1095061.0
i1,song_plain,105,0.0,6,300,group_cost.fragile,152.01666666666668
i1,song_plain,105,0.0,6,300,group_cost.robust,194.54666666666665
i1,song_plain,105,0.0,6,300,success_first,0.06
i1,song_plain,105,0.0,6,300,fail_open,0.89
i1,song_plain,105,0.0,6,300,refusal,0.05
i1,song_plain,105,0.0,6,300,hazard_hits,5.447222222222222
i1,song_plain,105,0.0,6,300,duplicate_rate,0.02033701336432307
i1,song_plain,105,0.0,6,300,wire_bits,922158.0
i1,song_plain,105,0.0,6,300,memory_bits,352947.6666666667
i1,song_plain,105,0.0,6,300,match_ops,1130712.3333333333
i1,song_plain,106,0.0,6,300,group_cost.fragile,163.17333333333335
i1,song_plain,106,0.0,6,300,group_cost.robust,188.01444444444445
i1,song_plain,106,0.0,6,300,success_first,0.05388888888888889
i1,song_plain,106,0.0,6,300,fail_open,0.905
i1,song_plain,106,0.0,6,300,refusal,0.04111111111111111
i1,song_plain,106,0.0,6,300,hazard_hits,5.543333333333333
i1,song_plain,106,0.0,6,300,duplicate_rate,0.01778542742398164
i1,song_plain,106,0.0,6,300,wire_bits,897996.0
i1,song_plain,106,0.0,6,300,memory_bits,349771.6666666667
i1,song_plain,106,0.0,6,300,match_ops,1130200.0
i1,song_plain,107,0.0,6,300,group_cost.fragile,157.82666666666665
i1,song_plain,107,0.0,6,300,group_cost.robust,194.14222222222222
i1,song_plain,107,0.0,6,300,success_first,0.05
i1,song_plain,107,0.0,6,300,fail_open,0.9072222222222223
i1,song_plain,107,0.0,6,300,refusal,0.042777777777777776
i1,song_plain,107,0.0,6,300,hazard_hits,5.594444444444444
i1,song_plain,107,0.0,6,300,duplicate_rate,0.013218390804597701
i1,song_plain,107,0.0,6,300,wire_bits,873190.0
i1,song_plain,107,0.0,6,300,memory_bits,341423.6666666667
i1,song_plain,107,0.0,6,300,match_ops,1104588.3333333333
i1,song_plain,108,0.0,6,300,group_cost.fragile,156.34555555555556
i1,song_plain,108,0.0,6,300,group_cost.robust,199.15555555555557
i1,song_plain,108,0.0,6,300,success_first,0.050555555555555555
i1,song_plain,108,0.0,6,300,fail_open,0.9144444444444444
i1,song_plain,108,0.0,6,300,refusal,0.035
i1,song_plain,108,0.0,6,300,hazard_hits,5.563888888888889
i1,song_plain,108,0.0,6,300,duplicate_rate,0.016628440366972478
i1,song_plain,108,0.0,6,300,wire_bits,911352.0
i1,song_plain,108,0.0,6,300,memory_bits,346944.6666666667
i1,song_plain,108,0.0,6,300,match_ops,1110223.6666666667
i1,song_plain,109,0.0,6,300,group_cost.fragile,156.50444444444443
i1,song_plain,109,0.0,6,300,group_cost.robust,196.67222222222222
i1,song_plain,109,0.0,6,300,success_first,0.051666666666666666
i1,song_plain,109,0.0,6,300,fail_open,0.9044444444444445
i1,song_plain,109,0.0,6,300,refusal,0.04388888888888889
i1,song_plain,109,0.0,6,300,hazard_hits,5.672777777777778
i1,song_plain,109,0.0,6,300,duplicate_rate,0.017867435158501442
i1,song_plain,109,0.0,6,300,wire_bits,906484.0
i1,song_plain,109,0.0,6,300,memory_bits,351292.6666666667
i1,song_plain,109,0.0,6,300,match_ops,1128812.6666666667
i1,song_plain,110,0.0,6,300,group_cost.fragile,157.82
i1,song_plain,110,0.0,6,300,group_cost.robust,190.12666666666667
i1,song_plain,110,0.0,6,300,success_first,0.05388888888888889
i1,song_plain,110,0.0,6,300,fail_open,0.9061111111111111
i1,song_plain,110,0.0,6,300,refusal,0.04
i1,song_plain,110,0.0,6,300,hazard_hits,5.385555555555555
i1,song_plain,110,0.0,6,300,duplicate_rate,0.01778542742398164
i1,song_plain,110,0.0,6,300,wire_bits,892212.0
i1,song_plain,110,0.0,6,300,memory_bits,344304.3333333333
i1,song_plain,110,0.0,6,300,match_ops,1086741.3333333333
i1,song_plain,111,0.0,6,300,group_cost.fragile,155.86444444444444
i1,song_plain,111,0.0,6,300,group_cost.robust,192.85666666666665
i1,song_plain,111,0.0,6,300,success_first,0.06055555555555556
i1,song_plain,111,0.0,6,300,fail_open,0.9016666666666666
i1,song_plain,111,0.0,6,300,refusal,0.03777777777777778
i1,song_plain,111,0.0,6,300,hazard_hits,5.404444444444445
i1,song_plain,111,0.0,6,300,duplicate_rate,0.018922018348623854
i1,song_plain,111,0.0,6,300,wire_bits,882892.0
i1,song_plain,111,0.0,6,300,memory_bits,342458.3333333333
i1,song_plain,111,0.0,6,300,match_ops,1083730.0
i1,song_trust,100,0.0,6,300,group_cost.fragile,152.26888888888888
i1,song_trust,100,0.0,6,300,group_cost.robust,198.03444444444443
i1,song_trust,100,0.0,6,300,success_first,0.050555555555555555
i1,song_trust,100,0.0,6,300,fail_open,0.9077777777777778
i1,song_trust,100,0.0,6,300,refusal,0.041666666666666664
i1,song_trust,100,0.0,6,300,hazard_hits,5.548333333333333
i1,song_trust,100,0.0,6,300,duplicate_rate,0.01548165137614679
i1,song_trust,100,0.0,6,300,wire_bits,295254.0
i1,song_trust,100,0.0,6,300,memory_bits,352178.3333333333
i1,song_trust,100,0.0,6,300,match_ops,950607.3333333334
i1,song_trust,101,0.0,6,300,group_cost.fragile,155.67666666666668
i1,song_trust,101,0.0,6,300,group_cost.robust,193.99777777777777
i1,song_trust,101,0.0,6,300,success_first,0.059444444444444446
i1,song_trust,101,0.0,6,300,fail_open,0.9005555555555556
i1,song_trust,101,0.0,6,300,refusal,0.04
i1,song_trust,101,0.0,6,300,hazard_hits,5.463888888888889
i1,song_trust,101,0.0,6,300,duplicate_rate,0.012600229095074456
i1,song_trust,101,0.0,6,300,wire_bits,296688.0
i1,song_trust,101,0.0,6,300,memory_bits,354090.0
i1,song_trust,101,0.0,6,300,match_ops,974065.3333333334
i1,song_trust,102,0.0,6,300,group_cost.fragile,153.45
i1,song_trust,102,0.0,6,300,group_cost.robust,201.79777777777778
i1,song_trust,102,0.0,6,300,success_first,0.049444444444444444
i1,song_trust,102,0.0,6,300,fail_open,0.9066666666666666
i1,song_trust,102,0.0,6,300,refusal,0.04388888888888889
i1,song_trust,102,0.0,6,300,hazard_hits,5.602222222222222
i1,song_trust,102,0.0,6,300,duplicate_rate,0.01386481802426343
i1,song_trust,102,0.0,6,300,wire_bits,302016.0
i1,song_trust,102,0.0,6,300,memory_bits,358629.6666666667
i1,song_trust,102,0.0,6,300,match_ops,999474.0
i1,song_trust,103,0.0,6,300,group_cost.fragile,161.17222222222222
i1,song_trust,103,0.0,6,300,group_cost.robust,200.13444444444445
i1,song_trust,103,0.0,6,300,success_first,0.051666666666666666
i1,song_trust,103,0.0,6,300,fail_open,0.9094444444444445
i1,song_trust,103,0.0,6,300,refusal,0.03888888888888889
i1,song_trust,103,0.0,6,300,hazard_hits,5.820555555555556
i1,song_trust,103,0.0,6,300,duplicate_rate,0.021801491681009755
i1,song_trust,103,0.0,6,300,wire_bits,302852.0
i1,song_trust,103,0.0,6,300,memory_bits,360255.6666666667
i1,song_trust,103,0.0,6,300,match_ops,966743.6666666666
i1,song_trust,104,0.0,6,300,group_cost.fragile,155.42777777777778
i1,song_trust,104,0.0,6,300,group_cost.robust,196.09222222222223
i1,song_trust,104,0.0,6,300,success_first,0.05277777777777778
i1,song_trust,104,0.0,6,300,fail_open,0.9038888888888889
i1,song_trust,104,0.0,6,300,refusal,0.043333333333333335
i1,song_trust,104,0.0,6,300,hazard_hits,5.4238888888888885
i1,song_trust,104,0.0,6,300,duplicate_rate,0.017836593785960874
i1,song_trust,104,0.0,6,300,wire_bits,294806.0
i1,song_trust,104,0.0,6,300,memory_bits,353049.3333333333
i1,song_trust,104,0.0,6,300,match_ops,967385.0
i1,song_trust,105,0.0,6,300,group_cost.fragile,150.93555555555557
i1,song_trust,105,0.0,6,300,group_cost.robust,191.90666666666667
i1,song_trust,105,0.0,6,300,success_first,0.059444444444444446
i1,song_trust,105,0.0,6,300,fail_open,0.8905555555555555
i1,song_trust,105,0.0,6,300,refusal,0.05
i1,song_trust,105,0.0,6,300,hazard_hits,5.363333333333333
i1,song_trust,105,0.0,6,300,duplicate_rate,0.02033701336432307
i1,song_trust,105,0.0,6,300,wire_bits,302328.0
i1,song_trust,105,0.0,6,300,memory_bits,361019.0
i1,song_trust,105,0.0,6,300,match_ops,987168.0
i1,song_trust,106,0.0,6,300,group_cost.fragile,160.03333333333333
i1,song_trust,106,0.0,6,300,group_cost.robust,186.48555555555555
i1,song_trust,106,0.0,6,300,success_first,0.05388888888888889
i1,song_trust,106,0.0,6,300,fail_open,0.905
i1,song_trust,106,0.0,6,300,refusal,0.04111111111111111
i1,song_trust,106,0.0,6,300,hazard_hits,5.44
i1,song_trust,106,0.0,6,300,duplicate_rate,0.01778542742398164
i1,song_trust,106,0.0,6,300,wire_bits,301448.0
i1,song_trust,106,0.0,6,300,memory_bits,359463.6666666667
i1,song_trust,106,0.0,6,300,match_ops,991447.3333333334
i1,song_trust,107,0.0,6,300,group_cost.fragile,156.35666666666665
i1,song_trust,107,0.0,6,300,group_cost.robust,190.51
i1,song_trust,107,0.0,6,300,success_first,0.05
i1,song_trust,107,0.0,6,300,fail_open,0.9072222222222223
i1,song_trust,107,0.0,6,300,refusal,0.042777777777777776
i1,song_trust,107,0.0,6,300,hazard_hits,5.501111111111111
i1,song_trust,107,0.0,6,300,duplicate_rate,0.013218390804597701
i1,song_trust,107,0.0,6,300,wire_bits,291752.0
i1,song_trust,107,0.0,6,300,memory_bits,349799.0
i1,song_trust,107,0.0,6,300,match_ops,966257.0
i1,song_trust,108,0.0,6,300,group_cost.fragile,157.83444444444444
i1,song_trust,108,0.0,6,300,group_cost.robust,198.40666666666667
i1,song_trust,108,0.0,6,300,success_first,0.050555555555555555
i1,song_trust,108,0.0,6,300,fail_open,0.9144444444444444
i1,song_trust,108,0.0,6,300,refusal,0.035
i1,song_trust,108,0.0,6,300,hazard_hits,5.571111111111111
i1,song_trust,108,0.0,6,300,duplicate_rate,0.014908256880733946
i1,song_trust,108,0.0,6,300,wire_bits,297842.0
i1,song_trust,108,0.0,6,300,memory_bits,355927.0
i1,song_trust,108,0.0,6,300,match_ops,975290.6666666666
i1,song_trust,109,0.0,6,300,group_cost.fragile,159.38
i1,song_trust,109,0.0,6,300,group_cost.robust,198.92111111111112
i1,song_trust,109,0.0,6,300,success_first,0.04833333333333333
i1,song_trust,109,0.0,6,300,fail_open,0.9072222222222223
i1,song_trust,109,0.0,6,300,refusal,0.044444444444444446
i1,song_trust,109,0.0,6,300,hazard_hits,5.763888888888889
i1,song_trust,109,0.0,6,300,duplicate_rate,0.016714697406340056
i1,song_trust,109,0.0,6,300,wire_bits,307130.0
i1,song_trust,109,0.0,6,300,memory_bits,363800.0
i1,song_trust,109,0.0,6,300,match_ops,1001000.3333333334
i1,song_trust,110,0.0,6,300,group_cost.fragile,158.81333333333333
i1,song_trust,110,0.0,6,300,group_cost.robust,189.7511111111111
i1,song_trust,110,0.0,6,300,success_first,0.05555555555555555
i1,song_trust,110,0.0,6,300,fail_open,0.9038888888888889
i1,song_trust,110,0.0,6,300,refusal,0.04055555555555555
i1,song_trust,110,0.0,6,300,hazard_hits,5.4238888888888885
i1,song_trust,110,0.0,6,300,duplicate_rate,0.01835915088927137
i1,song_trust,110,0.0,6,300,wire_bits,298330.0
i1,song_trust,110,0.0,6,300,memory_bits,354698.0
i1,song_trust,110,0.0,6,300,match_ops,956188.3333333334
i1,song_trust,111,0.0,6,300,group_cost.fragile,160.24444444444444
i1,song_trust,111,0.0,6,300,group_cost.robust,193.59555555555556
i1,song_trust,111,0.0,6,300,success_first,0.058333333333333334
i1,song_trust,111,0.0,6,300,fail_open,0.9038888888888889
i1,song_trust,111,0.0,6,300,refusal,0.03777777777777778
i1,song_trust,111,0.0,6,300,hazard_hits,5.518888888888889
i1,song_trust,111,0.0,6,300,duplicate_rate,0.016055045871559634
i1,song_trust,111,0.0,6,300,wire_bits,297026.0
i1,song_trust,111,0.0,6,300,memory_bits,353828.3333333333
i1,song_trust,111,0.0,6,300,match_ops,956327.0
i1,song_wclock,100,0.0,6,300,group_cost.fragile,141.82
i1,song_wclock,100,0.0,6,300,group_cost.robust,179.96555555555557
i1,song_wclock,100,0.0,6,300,success_first,0.045
i1,song_wclock,100,0.0,6,300,fail_open,0.8772222222222222
i1,song_wclock,100,0.0,6,300,refusal,0.07777777777777778
i1,song_wclock,100,0.0,6,300,hazard_hits,5.598333333333334
i1,song_wclock,100,0.0,6,300,duplicate_rate,0.015339233038348082
i1,song_wclock,100,0.0,6,300,wire_bits,329292.0
i1,song_wclock,100,0.0,6,300,memory_bits,375415.0
i1,song_wclock,100,0.0,6,300,match_ops,600471.6666666666
i1,song_wclock,101,0.0,6,300,group_cost.fragile,141.77
i1,song_wclock,101,0.0,6,300,group_cost.robust,168.55666666666667
i1,song_wclock,101,0.0,6,300,success_first,0.049444444444444444
i1,song_wclock,101,0.0,6,300,fail_open,0.8811111111111111
i1,song_wclock,101,0.0,6,300,refusal,0.06944444444444445
i1,song_wclock,101,0.0,6,300,hazard_hits,5.171111111111111
i1,song_wclock,101,0.0,6,300,duplicate_rate,0.012287887653598596
i1,song_wclock,101,0.0,6,300,wire_bits,325372.0
i1,song_wclock,101,0.0,6,300,memory_bits,377224.3333333333
i1,song_wclock,101,0.0,6,300,match_ops,647995.0
i1,song_wclock,102,0.0,6,300,group_cost.fragile,144.13888888888889
i1,song_wclock,102,0.0,6,300,group_cost.robust,174.94444444444446
i1,song_wclock,102,0.0,6,300,success_first,0.041666666666666664
i1,song_wclock,102,0.0,6,300,fail_open,0.8933333333333333
i1,song_wclock,102,0.0,6,300,refusal,0.065
i1,song_wclock,102,0.0,6,300,hazard_hits,5.4494444444444445
i1,song_wclock,102,0.0,6,300,duplicate_rate,0.016412661195779603
i1,song_wclock,102,0.0,6,300,wire_bits,328500.0
i1,song_wclock,102,0.0,6,300,memory_bits,377322.3333333333
i1,song_wclock,102,0.0,6,300,match_ops,641555.6666666666
i1,song_wclock,103,0.0,6,300,group_cost.fragile,147.15666666666667
i1,song_wclock,103,0.0,6,300,group_cost.robust,177.13888888888889
i1,song_wclock,103,0.0,6,300,success_first,0.04388888888888889
i1,song_wclock,103,0.0,6,300,fail_open,0.8972222222222223
i1,song_wclock,103,0.0,6,300,refusal,0.058888888888888886
i1,song_wclock,103,0.0,6,300,hazard_hits,5.586666666666667
i1,song_wclock,103,0.0,6,300,duplicate_rate,0.02152414194299011
i1,song_wclock,103,0.0,6,300,wire_bits,331510.0
i1,song_wclock,103,0.0,6,300,memory_bits,379895.6666666667
i1,song_wclock,103,0.0,6,300,match_ops,651729.0
i1,song_wclock,104,0.0,6,300,group_cost.fragile,147.8
i1,song_wclock,104,0.0,6,300,group_cost.robust,173.01111111111112
i1,song_wclock,104,0.0,6,300,success_first,0.04722222222222222
i1,song_wclock,104,0.0,6,300,fail_open,0.8816666666666667
i1,song_wclock,104,0.0,6,300,refusal,0.07111111111111111
i1,song_wclock,104,0.0,6,300,hazard_hits,5.413333333333333
i1,song_wclock,104,0.0,6,300,duplicate_rate,0.015231400117164616
i1,song_wclock,104,0.0,6,300,wire_bits,327464.0
i1,song_wclock,104,0.0,6,300,memory_bits,377206.3333333333
i1,song_wclock,104,0.0,6,300,match_ops,631371.0
i1,song_wclock,105,0.0,6,300,group_cost.fragile,141.62333333333333
i1,song_wclock,105,0.0,6,300,group_cost.robust,174.4777777777778
i1,song_wclock,105,0.0,6,300,success_first,0.044444444444444446
i1,song_wclock,105,0.0,6,300,fail_open,0.8811111111111111
i1,song_wclock,105,0.0,6,300,refusal,0.07444444444444444
i1,song_wclock,105,0.0,6,300,hazard_hits,5.3805555555555555
i1,song_wclock,105,0.0,6,300,duplicate_rate,0.020011771630370805
i1,song_wclock,105,0.0,6,300,wire_bits,335548.0
i1,song_wclock,105,0.0,6,300,memory_bits,385245.3333333333
i1,song_wclock,105,0.0,6,300,match_ops,638287.0
i1,song_wclock,106,0.0,6,300,group_cost.fragile,152.35888888888888
i1,song_wclock,106,0.0,6,300,group_cost.robust,171.4477777777778
i1,song_wclock,106,0.0,6,300,success_first,0.04555555555555556
i1,song_wclock,106,0.0,6,300,fail_open,0.8738888888888889
i1,song_wclock,106,0.0,6,300,refusal,0.08055555555555556
i1,song_wclock,106,0.0,6,300,hazard_hits,5.552777777777778
i1,song_wclock,106,0.0,6,300,duplicate_rate,0.012462908011869436
i1,song_wclock,106,0.0,6,300,wire_bits,336332.0
i1,song_wclock,106,0.0,6,300,memory_bits,386890.0
i1,song_wclock,106,0.0,6,300,match_ops,648106.0
i1,song_wclock,107,0.0,6,300,group_cost.fragile,155.14888888888888
i1,song_wclock,107,0.0,6,300,group_cost.robust,175.23222222222222
i1,song_wclock,107,0.0,6,300,success_first,0.049444444444444444
i1,song_wclock,107,0.0,6,300,fail_open,0.8894444444444445
i1,song_wclock,107,0.0,6,300,refusal,0.06111111111111111
i1,song_wclock,107,0.0,6,300,hazard_hits,5.691111111111111
i1,song_wclock,107,0.0,6,300,duplicate_rate,0.01576182136602452
i1,song_wclock,107,0.0,6,300,wire_bits,321884.0
i1,song_wclock,107,0.0,6,300,memory_bits,369451.0
i1,song_wclock,107,0.0,6,300,match_ops,632172.0
i1,song_wclock,108,0.0,6,300,group_cost.fragile,151.31
i1,song_wclock,108,0.0,6,300,group_cost.robust,175.39777777777778
i1,song_wclock,108,0.0,6,300,success_first,0.04555555555555556
i1,song_wclock,108,0.0,6,300,fail_open,0.8861111111111111
i1,song_wclock,108,0.0,6,300,refusal,0.06833333333333333
i1,song_wclock,108,0.0,6,300,hazard_hits,5.5616666666666665
i1,song_wclock,108,0.0,6,300,duplicate_rate,0.014645577035735208
i1,song_wclock,108,0.0,6,300,wire_bits,334112.0
i1,song_wclock,108,0.0,6,300,memory_bits,382299.0
i1,song_wclock,108,0.0,6,300,match_ops,638781.0
i1,song_wclock,109,0.0,6,300,group_cost.fragile,142.86666666666667
i1,song_wclock,109,0.0,6,300,group_cost.robust,172.7722222222222
i1,song_wclock,109,0.0,6,300,success_first,0.04388888888888889
i1,song_wclock,109,0.0,6,300,fail_open,0.87
i1,song_wclock,109,0.0,6,300,refusal,0.08611111111111111
i1,song_wclock,109,0.0,6,300,hazard_hits,5.467777777777778
i1,song_wclock,109,0.0,6,300,duplicate_rate,0.0166865315852205
i1,song_wclock,109,0.0,6,300,wire_bits,328934.0
i1,song_wclock,109,0.0,6,300,memory_bits,377643.0
i1,song_wclock,109,0.0,6,300,match_ops,619325.0
i1,song_wclock,110,0.0,6,300,group_cost.fragile,151.30555555555554
i1,song_wclock,110,0.0,6,300,group_cost.robust,176.60444444444445
i1,song_wclock,110,0.0,6,300,success_first,0.042222222222222223
i1,song_wclock,110,0.0,6,300,fail_open,0.885
i1,song_wclock,110,0.0,6,300,refusal,0.07277777777777777
i1,song_wclock,110,0.0,6,300,hazard_hits,5.611666666666666
i1,song_wclock,110,0.0,6,300,duplicate_rate,0.018901358535144713
i1,song_wclock,110,0.0,6,300,wire_bits,328898.0
i1,song_wclock,110,0.0,6,300,memory_bits,373012.0
i1,song_wclock,110,0.0,6,300,match_ops,630162.6666666666
i1,song_wclock,111,0.0,6,300,group_cost.fragile,141.67555555555555
i1,song_wclock,111,0.0,6,300,group_cost.robust,172.31333333333333
i1,song_wclock,111,0.0,6,300,success_first,0.05388888888888889
i1,song_wclock,111,0.0,6,300,fail_open,0.8883333333333333
i1,song_wclock,111,0.0,6,300,refusal,0.057777777777777775
i1,song_wclock,111,0.0,6,300,hazard_hits,5.178333333333334
i1,song_wclock,111,0.0,6,300,duplicate_rate,0.01977894124490983
i1,song_wclock,111,0.0,6,300,wire_bits,327512.0
i1,song_wclock,111,0.0,6,300,memory_bits,378505.0
i1,song_wclock,111,0.0,6,300,match_ops,654546.6666666666
i1,songline_full,100,0.0,4,300,group_cost.fragile,124.21
i1,songline_full,100,0.0,4,300,group_cost.robust,129.85666666666665
i1,songline_full,100,0.0,4,300,success_first,0.08333333333333333
i1,songline_full,100,0.0,4,300,fail_open,0.6658333333333334
i1,songline_full,100,0.0,4,300,refusal,0.25083333333333335
i1,songline_full,100,0.0,4,300,hazard_hits,5.303333333333334
i1,songline_full,100,0.0,4,300,duplicate_rate,0.0
i1,songline_full,100,0.0,4,300,wire_bits,284304.0
i1,songline_full,100,0.0,4,300,memory_bits,245488.5
i1,songline_full,100,0.0,4,300,match_ops,184708.25
i1,songline_full,101,0.0,4,300,group_cost.fragile,119.005
i1,songline_full,101,0.0,4,300,group_cost.robust,127.93
i1,songline_full,101,0.0,4,300,success_first,0.08
i1,songline_full,101,0.0,4,300,fail_open,0.7
i1,songline_full,101,0.0,4,300,refusal,0.22
i1,songline_full,101,0.0,4,300,hazard_hits,5.108333333333333
i1,songline_full,101,0.0,4,300,duplicate_rate,0.0
i1,songline_full,101,0.0,4,300,wire_bits,293364.0
i1,songline_full,101,0.0,4,300,memory_bits,257319.0
i1,songline_full,101,0.0,4,300,match_ops,195632.5
i1,songline_full,102,0.0,4,300,group_cost.fragile,113.43333333333334
i1,songline_full,102,0.0,4,300,group_cost.robust,123.34166666666667
i1,songline_full,102,0.0,4,300,success_first,0.08666666666666667
i1,songline_full,102,0.0,4,300,fail_open,0.7008333333333333
i1,songline_full,102,0.0,4,300,refusal,0.2125
i1,songline_full,102,0.0,4,300,hazard_hits,4.825
i1,songline_full,102,0.0,4,300,duplicate_rate,0.0
i1,songline_full,102,0.0,4,300,wire_bits,288290.0
i1,songline_full,102,0.0,4,300,memory_bits,254051.5
i1,songline_full,102,0.0,4,300,match_ops,184723.25
i1,songline_full,103,0.0,4,300,group_cost.fragile,122.77666666666667
i1,songline_full,103,0.0,4,300,group_cost.robust,126.27166666666666
i1,songline_full,103,0.0,4,300,success_first,0.07666666666666666
i1,songline_full,103,0.0,4,300,fail_open,0.695
i1,songline_full,103,0.0,4,300,refusal,0.22833333333333333
i1,songline_full,103,0.0,4,300,hazard_hits,5.1975
i1,songline_full,103,0.0,4,300,duplicate_rate,0.0
i1,songline_full,103,0.0,4,300,wire_bits,288996.0
i1,songline_full,103,0.0,4,300,memory_bits,251514.5
i1,songline_full,103,0.0,4,300,match_ops,190549.75
i1,songline_full,104,0.0,4,300,group_cost.fragile,109.91666666666667
i1,songline_full,104,0.0,4,300,group_cost.robust,126.65333333333334
i1,songline_full,104,0.0,4,300,success_first,0.08416666666666667
i1,songline_full,104,0.0,4,300,fail_open,0.68
i1,songline_full,104,0.0,4,300,refusal,0.23583333333333334
i1,songline_full,104,0.0,4,300,hazard_hits,4.940833333333333
i1,songline_full,104,0.0,4,300,duplicate_rate,0.0
i1,songline_full,104,0.0,4,300,wire_bits,290162.0
i1,songline_full,104,0.0,4,300,memory_bits,255568.5
i1,songline_full,104,0.0,4,300,match_ops,189352.75
i1,songline_full,105,0.0,4,300,group_cost.fragile,117.45833333333333
i1,songline_full,105,0.0,4,300,group_cost.robust,121.35166666666667
i1,songline_full,105,0.0,4,300,success_first,0.07416666666666667
i1,songline_full,105,0.0,4,300,fail_open,0.7133333333333334
i1,songline_full,105,0.0,4,300,refusal,0.2125
i1,songline_full,105,0.0,4,300,hazard_hits,4.8225
i1,songline_full,105,0.0,4,300,duplicate_rate,0.0
i1,songline_full,105,0.0,4,300,wire_bits,288120.0
i1,songline_full,105,0.0,4,300,memory_bits,251852.5
i1,songline_full,105,0.0,4,300,match_ops,205544.25
i1,songline_full,106,0.0,4,300,group_cost.fragile,116.50666666666666
i1,songline_full,106,0.0,4,300,group_cost.robust,130.77
i1,songline_full,106,0.0,4,300,success_first,0.08083333333333333
i1,songline_full,106,0.0,4,300,fail_open,0.6541666666666667
i1,songline_full,106,0.0,4,300,refusal,0.265
i1,songline_full,106,0.0,4,300,hazard_hits,5.19
i1,songline_full,106,0.0,4,300,duplicate_rate,0.0
i1,songline_full,106,0.0,4,300,wire_bits,291870.0
i1,songline_full,106,0.0,4,300,memory_bits,252871.0
i1,songline_full,106,0.0,4,300,match_ops,199804.75
i1,songline_full,107,0.0,4,300,group_cost.fragile,123.08333333333333
i1,songline_full,107,0.0,4,300,group_cost.robust,123.91833333333334
i1,songline_full,107,0.0,4,300,success_first,0.08916666666666667
i1,songline_full,107,0.0,4,300,fail_open,0.7091666666666666
i1,songline_full,107,0.0,4,300,refusal,0.20166666666666666
i1,songline_full,107,0.0,4,300,hazard_hits,5.0625
i1,songline_full,107,0.0,4,300,duplicate_rate,0.0
i1,songline_full,107,0.0,4,300,wire_bits,288206.0
i1,songline_full,107,0.0,4,300,memory_bits,249001.5
i1,songline_full,107,0.0,4,300,match_ops,207602.25
i1,songline_full,108,0.0,4,300,group_cost.fragile,120.775
i1,songline_full,108,0.0,4,300,group_cost.robust,122.75
i1,songline_full,108,0.0,4,300,success_first,0.07583333333333334
i1,songline_full,108,0.0,4,300,fail_open,0.7066666666666667
i1,songline_full,108,0.0,4,300,refusal,0.2175
i1,songline_full,108,0.0,4,300,hazard_hits,4.925
i1,songline_full,108,0.0,4,300,duplicate_rate,0.0
i1,songline_full,108,0.0,4,300,wire_bits,293406.0
i1,songline_full,108,0.0,4,300,memory_bits,254777.5
i1,songline_full,108,0.0,4,300,match_ops,186197.75
i1,songline_full,109,0.0,4,300,group_cost.fragile,119.35833333333333
i1,songline_full,109,0.0,4,300,group_cost.robust,121.35666666666667
i1,songline_full,109,0.0,4,300,success_first,0.08333333333333333
i1,songline_full,109,0.0,4,300,fail_open,0.6683333333333333
i1,songline_full,109,0.0,4,300,refusal,0.24833333333333332
i1,songline_full,109,0.0,4,300,hazard_hits,4.945
i1,songline_full,109,0.0,4,300,duplicate_rate,0.0
i1,songline_full,109,0.0,4,300,wire_bits,294670.0
i1,songline_full,109,0.0,4,300,memory_bits,254132.0
i1,songline_full,109,0.0,4,300,match_ops,183427.0
i1,songline_full,110,0.0,4,300,group_cost.fragile,115.38833333333334
i1,songline_full,110,0.0,4,300,group_cost.robust,122.39833333333333
i1,songline_full,110,0.0,4,300,success_first,0.07416666666666667
i1,songline_full,110,0.0,4,300,fail_open,0.7091666666666666
i1,songline_full,110,0.0,4,300,refusal,0.21666666666666667
i1,songline_full,110,0.0,4,300,hazard_hits,4.824166666666667
i1,songline_full,110,0.0,4,300,duplicate_rate,0.0
i1,songline_full,110,0.0,4,300,wire_bits,286966.0
i1,songline_full,110,0.0,4,300,memory_bits,252480.5
i1,songline_full,110,0.0,4,300,match_ops,190597.0
i1,songline_full,111,0.0,4,300,group_cost.fragile,118.62666666666667
i1,songline_full,111,0.0,4,300,group_cost.robust,124.76
i1,songline_full,111,0.0,4,300,success_first,0.08583333333333333
i1,songline_full,111,0.0,4,300,fail_open,0.7075
i1,songline_full,111,0.0,4,300,refusal,0.20666666666666667
i1,songline_full,111,0.0,4,300,hazard_hits,5.028333333333333
i1,songline_full,111,0.0,4,300,duplicate_rate,0.0
i1,songline_full,111,0.0,4,300,wire_bits,289096.0
i1,songline_full,111,0.0,4,300,memory_bits,249655.0
i1,songline_full,111,0.0,4,300,match_ops,191182.5
i1,songline_full,100,0.0,6,300,group_cost.fragile,122.45666666666666
i1,songline_full,100,0.0,6,300,group_cost.robust,130.55444444444444
i1,songline_full,100,0.0,6,300,success_first,0.07277777777777777
i1,songline_full,100,0.0,6,300,fail_open,0.705
i1,songline_full,100,0.0,6,300,refusal,0.2222222222222222
i1,songline_full,100,0.0,6,300,hazard_hits,5.309444444444445
i1,songline_full,100,0.0,6,300,duplicate_rate,0.0
i1,songline_full,100,0.0,6,300,wire_bits,441528.0
i1,songline_full,100,0.0,6,300,memory_bits,361401.0
i1,songline_full,100,0.0,6,300,match_ops,196836.66666666666
i1,songline_full,101,0.0,6,300,group_cost.fragile,118.62333333333333
i1,songline_full,101,0.0,6,300,group_cost.robust,123.68666666666667
i1,songline_full,101,0.0,6,300,success_first,0.08166666666666667
i1,songline_full,101,0.0,6,300,fail_open,0.7055555555555556
i1,songline_full,101,0.0,6,300,refusal,0.2127777777777778
i1,songline_full,101,0.0,6,300,hazard_hits,4.964444444444444
i1,songline_full,101,0.0,6,300,duplicate_rate,0.0
i1,songline_full,101,0.0,6,300,wire_bits,436922.0
i1,songline_full,101,0.0,6,300,memory_bits,359340.3333333333
i1,songline_full,101,0.0,6,300,match_ops,210232.83333333334
i1,songline_full,102,0.0,6,300,group_cost.fragile,118.48333333333333
i1,songline_full,102,0.0,6,300,group_cost.robust,124.97
i1,songline_full,102,0.0,6,300,success_first,0.08277777777777778
i1,songline_full,102,0.0,6,300,fail_open,0.6905555555555556
i1,songline_full,102,0.0,6,300,refusal,0.22666666666666666
i1,songline_full,102,0.0,6,300,hazard_hits,4.978888888888889
i1,songline_full,102,0.0,6,300,duplicate_rate,0.0
i1,songline_full,102,0.0,6,300,wire_bits,436202.0
i1,songline_full,102,0.0,6,300,memory_bits,363428.3333333333
i1,songline_full,102,0.0,6,300,match_ops,202743.66666666666
i1,songline_full,103,0.0,6,300,group_cost.fragile,119.38888888888889
i1,songline_full,103,0.0,6,300,group_cost.robust,128.83444444444444
i1,songline_full,103,0.0,6,300,success_first,0.08833333333333333
i1,songline_full,103,0.0,6,300,fail_open,0.6716666666666666
i1,songline_full,103,0.0,6,300,refusal,0.24
i1,songline_full,103,0.0,6,300,hazard_hits,5.231111111111111
i1,songline_full,103,0.0,6,300,duplicate_rate,0.0
i1,songline_full,103,0.0,6,300,wire_bits,439974.0
i1,songline_full,103,0.0,6,300,memory_bits,363710.3333333333
i1,songline_full,103,0.0,6,300,match_ops,209085.83333333334
i1,songline_full,104,0.0,6,300,group_cost.fragile,118.22444444444444
i1,songline_full,104,0.0,6,300,group_cost.robust,128.2277777777778
i1,songline_full,104,0.0,6,300,success_first,0.09277777777777778
i1,songline_full,104,0.0,6,300,fail_open,0.6944444444444444
i1,songline_full,104,0.0,6,300,refusal,0.2127777777777778
i1,songline_full,104,0.0,6,300,hazard_hits,5.02
i1,songline_full,104,0.0,6,300,duplicate_rate,0.0
i1,songline_full,104,0.0,6,300,wire_bits,439202.0
i1,songline_full,104,0.0,6,300,memory_bits,365824.3333333333
i1,songline_full,104,0.0,6,300,match_ops,210777.16666666666
i1,songline_full,105,0.0,6,300,group_cost.fragile,117.14111111111112
i1,songline_full,105,0.0,6,300,group_cost.robust,117.32
i1,songline_full,105,0.0,6,300,success_first,0.08055555555555556
i1,songline_full,105,0.0,6,300,fail_open,0.7011111111111111
i1,songline_full,105,0.0,6,300,refusal,0.21833333333333332
i1,songline_full,105,0.0,6,300,hazard_hits,4.788888888888889
i1,songline_full,105,0.0,6,300,duplicate_rate,0.0
i1,songline_full,105,0.0,6,300,wire_bits,435520.0
i1,songline_full,105,0.0,6,300,memory_bits,364055.6666666667
i1,songline_full,105,0.0,6,300,match_ops,203922.16666666666
i1,songline_full,106,0.0,6,300,group_cost.fragile,122.06666666666666
i1,songline_full,106,0.0,6,300,group_cost.robust,120.61777777777777
i1,songline_full,106,0.0,6,300,success_first,0.08333333333333333
i1,songline_full,106,0.0,6,300,fail_open,0.6888888888888889
i1,songline_full,106,0.0,6,300,refusal,0.22777777777777777
i1,songline_full,106,0.0,6,300,hazard_hits,4.933888888888889
i1,songline_full,106,0.0,6,300,duplicate_rate,0.0
i1,songline_full,106,0.0,6,300,wire_bits,437226.0
i1,songline_full,106,0.0,6,300,memory_bits,359044.0
i1,songline_full,106,0.0,6,300,match_ops,228704.83333333334
i1,songline_full,107,0.0,6,300,group_cost.fragile,125.0111111111111
i1,songline_full,107,0.0,6,300,group_cost.robust,123.05
i1,songline_full,107,0.0,6,300,success_first,0.09055555555555556
i1,songline_full,107,0.0,6,300,fail_open,0.7022222222222222
i1,songline_full,107,0.0,6,300,refusal,0.20722222222222222
i1,songline_full,107,0.0,6,300,hazard_hits,5.121666666666667
i1,songline_full,107,0.0,6,300,duplicate_rate,0.0
i1,songline_full,107,0.0,6,300,wire_bits,429760.0
i1,songline_full,107,0.0,6,300,memory_bits,348488.3333333333
i1,songline_full,107,0.0,6,300,match_ops,220571.5
i1,songline_full,108,0.0,6,300,group_cost.fragile,123.41888888888889
i1,songline_full,108,0.0,6,300,group_cost.robust,128.03222222222223
i1,songline_full,108,0.0,6,300,success_first,0.07611111111111112
i1,songline_full,108,0.0,6,300,fail_open,0.7066666666666667
i1,songline_full,108,0.0,6,300,refusal,0.21722222222222223
i1,songline_full,108,0.0,6,300,hazard_hits,5.2444444444444445
i1,songline_full,108,0.0,6,300,duplicate_rate,0.0
i1,songline_full,108,0.0,6,300,wire_bits,448856.0
i1,songline_full,108,0.0,6,300,memory_bits,372877.6666666667
i1,songline_full,108,0.0,6,300,match_ops,196998.0
i1,songline_full,109,0.0,6,300,group_cost.fragile,119.49333333333334
i1,songline_full,109,0.0,6,300,group_cost.robust,129.18666666666667
i1,songline_full,109,0.0,6,300,success_first,0.0811111111111111
i1,songline_full,109,0.0,6,300,fail_open,0.6627777777777778
i1,songline_full,109,0.0,6,300,refusal,0.2561111111111111
i1,songline_full,109,0.0,6,300,hazard_hits,5.18
i1,songline_full,109,0.0,6,300,duplicate_rate,0.0
i1,songline_full,109,0.0,6,300,wire_bits,437708.0
i1,songline_full,109,0.0,6,300,memory_bits,366936.6666666667
i1,songline_full,109,0.0,6,300,match_ops,205159.83333333334
i1,songline_full,110,0.0,6,300,group_cost.fragile,116.13888888888889
i1,songline_full,110,0.0,6,300,group_cost.robust,124.73222222222222
i1,songline_full,110,0.0,6,300,success_first,0.08333333333333333
i1,songline_full,110,0.0,6,300,fail_open,0.6894444444444444
i1,songline_full,110,0.0,6,300,refusal,0.22722222222222221
i1,songline_full,110,0.0,6,300,hazard_hits,4.960555555555556
i1,songline_full,110,0.0,6,300,duplicate_rate,0.0
i1,songline_full,110,0.0,6,300,wire_bits,437430.0
i1,songline_full,110,0.0,6,300,memory_bits,368381.6666666667
i1,songline_full,110,0.0,6,300,match_ops,204976.0
i1,songline_full,111,0.0,6,300,group_cost.fragile,119.29
i1,songline_full,111,0.0,6,300,group_cost.robust,122.14666666666666
i1,songline_full,111,0.0,6,300,success_first,0.09222222222222222
i1,songline_full,111,0.0,6,300,fail_open,0.7
i1,songline_full,111,0.0,6,300,refusal,0.20777777777777778
i1,songline_full,111,0.0,6,300,hazard_hits,4.939444444444445
i1,songline_full,111,0.0,6,300,duplicate_rate,0.0
i1,songline_full,111,0.0,6,300,wire_bits,431722.0
i1,songline_full,111,0.0,6,300,memory_bits,362265.3333333333
i1,songline_full,111,0.0,6,300,match_ops,221406.83333333334
i1,songline_full,100,0.0,8,300,group_cost.fragile,121.4725
i1,songline_full,100,0.0,8,300,group_cost.robust,131.7475
i1,songline_full,100,0.0,8,300,success_first,0.08166666666666667
i1,songline_full,100,0.0,8,300,fail_open,0.7008333333333333
i1,songline_full,100,0.0,8,300,refusal,0.2175
i1,songline_full,100,0.0,8,300,hazard_hits,5.277083333333334
i1,songline_full,100,0.0,8,300,duplicate_rate,0.0
i1,songline_full,100,0.0,8,300,wire_bits,573558.0
i1,songline_full,100,0.0,8,300,memory_bits,470301.0
i1,songline_full,100,0.0,8,300,match_ops,212684.25
i1,songline_full,101,0.0,8,300,group_cost.fragile,123.13
i1,songline_full,101,0.0,8,300,group_cost.robust,126.79333333333334
i1,songline_full,101,0.0,8,300,success_first,0.08333333333333333
i1,songline_full,101,0.0,8,300,fail_open,0.6804166666666667
i1,songline_full,101,0.0,8,300,refusal,0.23625
i1,songline_full,101,0.0,8,300,hazard_hits,5.17125
i1,songline_full,101,0.0,8,300,duplicate_rate,0.0
i1,songline_full,101,0.0,8,300,wire_bits,583320.0
i1,songline_full,101,0.0,8,300,memory_bits,476878.0
i1,songline_full,101,0.0,8,300,match_ops,218614.5
i1,songline_full,102,0.0,8,300,group_cost.fragile,118.4525
i1,songline_full,102,0.0,8,300,group_cost.robust,124.75166666666667
i1,songline_full,102,0.0,8,300,success_first,0.0775
i1,songline_full,102,0.0,8,300,fail_open,0.71625
i1,songline_full,102,0.0,8,300,refusal,0.20625
i1,songline_full,102,0.0,8,300,hazard_hits,4.9475
i1,songline_full,102,0.0,8,300,duplicate_rate,0.0
i1,songline_full,102,0.0,8,300,wire_bits,580466.0
i1,songline_full,102,0.0,8,300,memory_bits,477579.0
i1,songline_full,102,0.0,8,300,match_ops,210247.0
i1,songline_full,103,0.0,8,300,group_cost.fragile,121.87083333333334
i1,songline_full,103,0.0,8,300,group_cost.robust,129.75916666666666
i1,songline_full,103,0.0,8,300,success_first,0.07833333333333334
i1,songline_full,103,0.0,8,300,fail_open,0.6895833333333333
i1,songline_full,103,0.0,8,300,refusal,0.23208333333333334
i1,songline_full,103,0.0,8,300,hazard_hits,5.249583333333334
i1,songline_full,103,0.0,8,300,duplicate_rate,0.0
i1,songline_full,103,0.0,8,300,wire_bits,589932.0
i1,songline_full,103,0.0,8,300,memory_bits,480812.5
i1,songline_full,103,0.0,8,300,match_ops,218277.875
i1,songline_full,104,0.0,8,300,group_cost.fragile,116.9225
i1,songline_full,104,0.0,8,300,group_cost.robust,127.71083333333333
i1,songline_full,104,0.0,8,300,success_first,0.08333333333333333
i1,songline_full,104,0.0,8,300,fail_open,0.70375
i1,songline_full,104,0.0,8,300,refusal,0.21291666666666667
i1,songline_full,104,0.0,8,300,hazard_hits,4.980833333333333
i1,songline_full,104,0.0,8,300,duplicate_rate,0.0
i1,songline_full,104,0.0,8,300,wire_bits,591358.0
i1,songline_full,104,0.0,8,300,memory_bits,486782.75
i1,songline_full,104,0.0,8,300,match_ops,226923.75
i1,songline_full,105,0.0,8,300,group_cost.fragile,119.47583333333333
i1,songline_full,105,0.0,8,300,group_cost.robust,123.70916666666666
i1,songline_full,105,0.0,8,300,success_first,0.07666666666666666
i1,songline_full,105,0.0,8,300,fail_open,0.7066666666666667
i1,songline_full,105,0.0,8,300,refusal,0.21666666666666667
i1,songline_full,105,0.0,8,300,hazard_hits,4.949583333333333
i1,songline_full,105,0.0,8,300,duplicate_rate,0.0
i1,songline_full,105,0.0,8,300,wire_bits,584862.0
i1,songline_full,105,0.0,8,300,memory_bits,486797.25
i1,songline_full,105,0.0,8,300,match_ops,221841.5
i1,songline_full,106,0.0,8,300,group_cost.fragile,121.18833333333333
i1,songline_full,106,0.0,8,300,group_cost.robust,126.13583333333334
i1,songline_full,106,0.0,8,300,success_first,0.07875
i1,songline_full,106,0.0,8,300,fail_open,0.6908333333333333
i1,songline_full,106,0.0,8,300,refusal,0.23041666666666666
i1,songline_full,106,0.0,8,300,hazard_hits,5.097916666666666
i1,songline_full,106,0.0,8,300,duplicate_rate,0.0
i1,songline_full,106,0.0,8,300,wire_bits,585260.0
i1,songline_full,106,0.0,8,300,memory_bits,476823.0
i1,songline_full,106,0.0,8,300,match_ops,232485.625
i1,songline_full,107,0.0,8,300,group_cost.fragile,120.315
i1,songline_full,107,0.0,8,300,group_cost.robust,125.155
i1,songline_full,107,0.0,8,300,success_first,0.07541666666666667
i1,songline_full,107,0.0,8,300,fail_open,0.7154166666666667
i1,songline_full,107,0.0,8,300,refusal,0.20916666666666667
i1,songline_full,107,0.0,8,300,hazard_hits,5.025416666666667
i1,songline_full,107,0.0,8,300,duplicate_rate,0.0
i1,songline_full,107,0.0,8,300,wire_bits,575642.0
i1,songline_full,107,0.0,8,300,memory_bits,467112.0
i1,songline_full,107,0.0,8,300,match_ops,224360.375
i1,songline_full,108,0.0,8,300,group_cost.fragile,118.32083333333334
i1,songline_full,108,0.0,8,300,group_cost.robust,126.30583333333334
i1,songline_full,108,0.0,8,300,success_first,0.085
i1,songline_full,108,0.0,8,300,fail_open,0.69
i1,songline_full,108,0.0,8,300,refusal,0.225
i1,songline_full,108,0.0,8,300,hazard_hits,5.050416666666667
i1,songline_full,108,0.0,8,300,duplicate_rate,0.0
i1,songline_full,108,0.0,8,300,wire_bits,590616.0
i1,songline_full,108,0.0,8,300,memory_bits,487002.0
i1,songline_full,108,0.0,8,300,match_ops,210003.875
i1,songline_full,109,0.0,8,300,group_cost.fragile,117.3625
i1,songline_full,109,0.0,8,300,group_cost.robust,127.6825
i1,songline_full,109,0.0,8,300,success_first,0.09083333333333334
i1,songline_full,109,0.0,8,300,fail_open,0.6666666666666666
i1,songline_full,109,0.0,8,300,refusal,0.2425
i1,songline_full,109,0.0,8,300,hazard_hits,5.075833333333334
i1,songline_full,109,0.0,8,300,duplicate_rate,0.0
i1,songline_full,109,0.0,8,300,wire_bits,575146.0
i1,songline_full,109,0.0,8,300,memory_bits,476290.75
i1,songline_full,109,0.0,8,300,match_ops,213975.0
i1,songline_full,110,0.0,8,300,group_cost.fragile,116.72166666666666
i1,songline_full,110,0.0,8,300,group_cost.robust,125.17
i1,songline_full,110,0.0,8,300,success_first,0.07583333333333334
i1,songline_full,110,0.0,8,300,fail_open,0.7020833333333333
i1,songline_full,110,0.0,8,300,refusal,0.22208333333333333
i1,songline_full,110,0.0,8,300,hazard_hits,4.97875
i1,songline_full,110,0.0,8,300,duplicate_rate,0.0
i1,songline_full,110,0.0,8,300,wire_bits,576552.0
i1,songline_full,110,0.0,8,300,memory_bits,481273.5
i1,songline_full,110,0.0,8,300,match_ops,211868.125
i1,songline_full,111,0.0,8,300,group_cost.fragile,114.67583333333333
i1,songline_full,111,0.0,8,300,group_cost.robust,120.59083333333334
i1,songline_full,111,0.0,8,300,success_first,0.08375
i1,songline_full,111,0.0,8,300,fail_open,0.6954166666666667
i1,songline_full,111,0.0,8,300,refusal,0.22083333333333333
i1,songline_full,111,0.0,8,300,hazard_hits,4.792083333333333
i1,songline_full,111,0.0,8,300,duplicate_rate,0.0
i1,songline_full,111,0.0,8,300,wire_bits,571848.0
i1,songline_full,111,0.0,8,300,memory_bits,472408.0
i1,songline_full,111,0.0,8,300,match_ops,227895.125
i1,songline_full,100,0.1,6,300,group_cost.fragile,146.67
i1,songline_full,100,0.1,6,300,group_cost.robust,168.8177777777778
i1,songline_full,100,0.1,6,300,success_first,0.04
i1,songline_full,100,0.1,6,300,fail_open,0.8638888888888889
i1,songline_full,100,0.1,6,300,refusal,0.0961111111111111
i1,songline_full,100,0.1,6,300,hazard_hits,5.823888888888889
i1,songline_full,100,0.1,6,300,duplicate_rate,0.0
i1,songline_full,100,0.1,6,300,wire_bits,389094.0
i1,songline_full,100,0.1,6,300,memory_bits,327147.3333333333
i1,songline_full,100,0.1,6,300,match_ops,188188.5
i1,songline_full,101,0.1,6,300,group_cost.fragile,142.18555555555557
i1,songline_full,101,0.1,6,300,group_cost.robust,168.42
i1,songline_full,101,0.1,6,300,success_first,0.03611111111111111
i1,songline_full,101,0.1,6,300,fail_open,0.8822222222222222
i1,songline_full,101,0.1,6,300,refusal,0.08166666666666667
i1,songline_full,101,0.1,6,300,hazard_hits,5.551666666666667
i1,songline_full,101,0.1,6,300,duplicate_rate,0.0
i1,songline_full,101,0.1,6,300,wire_bits,385864.0
i1,songline_full,101,0.1,6,300,memory_bits,323473.3333333333
i1,songline_full,101,0.1,6,300,match_ops,187548.5
i1,songline_full,102,0.1,6,300,group_cost.fragile,142.4688888888889
i1,songline_full,102,0.1,6,300,group_cost.robust,169.84555555555556
i1,songline_full,102,0.1,6,300,success_first,0.04555555555555556
i1,songline_full,102,0.1,6,300,fail_open,0.8605555555555555
i1,songline_full,102,0.1,6,300,refusal,0.09388888888888888
i1,songline_full,102,0.1,6,300,hazard_hits,5.714444444444444
i1,songline_full,102,0.1,6,300,duplicate_rate,0.0
i1,songline_full,102,0.1,6,300,wire_bits,385310.0
i1,songline_full,102,0.1,6,300,memory_bits,330560.3333333333
i1,songline_full,102,0.1,6,300,match_ops,183182.83333333334
i1,songline_full,103,0.1,6,300,group_cost.fragile,147.75333333333333
i1,songline_full,103,0.1,6,300,group_cost.robust,170.34
i1,songline_full,103,0.1,6,300,success_first,0.03888888888888889
i1,songline_full,103,0.1,6,300,fail_open,0.8744444444444445
i1,songline_full,103,0.1,6,300,refusal,0.08666666666666667
i1,songline_full,103,0.1,6,300,hazard_hits,5.841666666666667
i1,songline_full,103,0.1,6,300,duplicate_rate,0.0
i1,songline_full,103,0.1,6,300,wire_bits,380158.0
i1,songline_full,103,0.1,6,300,memory_bits,323113.6666666667
i1,songline_full,103,0.1,6,300,match_ops,183577.0
i1,songline_full,104,0.1,6,300,group_cost.fragile,140.62555555555556
i1,songline_full,104,0.1,6,300,group_cost.robust,170.42111111111112
i1,songline_full,104,0.1,6,300,success_first,0.049444444444444444
i1,songline_full,104,0.1,6,300,fail_open,0.8611111111111112
i1,songline_full,104,0.1,6,300,refusal,0.08944444444444444
i1,songline_full,104,0.1,6,300,hazard_hits,5.5872222222222225
i1,songline_full,104,0.1,6,300,duplicate_rate,0.0
i1,songline_full,104,0.1,6,300,wire_bits,388000.0
i1,songline_full,104,0.1,6,300,memory_bits,331802.0
i1,songline_full,104,0.1,6,300,match_ops,187895.0
i1,songline_full,105,0.1,6,300,group_cost.fragile,143.51333333333332
i1,songline_full,105,0.1,6,300,group_cost.robust,162.54222222222222
i1,songline_full,105,0.1,6,300,success_first,0.035555555555555556
i1,songline_full,105,0.1,6,300,fail_open,0.8761111111111111
i1,songline_full,105,0.1,6,300,refusal,0.08833333333333333
i1,songline_full,105,0.1,6,300,hazard_hits,5.501666666666667
i1,songline_full,105,0.1,6,300,duplicate_rate,0.0
i1,songline_full,105,0.1,6,300,wire_bits,394196.0
i1,songline_full,105,0.1,6,300,memory_bits,332745.3333333333
i1,songline_full,105,0.1,6,300,match_ops,194985.83333333334
i1,songline_full,106,0.1,6,300,group_cost.fragile,147.77
i1,songline_full,106,0.1,6,300,group_cost.robust,166.16
i1,songline_full,106,0.1,6,300,success_first,0.042222222222222223
i1,songline_full,106,0.1,6,300,fail_open,0.8577777777777778
i1,songline_full,106,0.1,6,300,refusal,0.1
i1,songline_full,106,0.1,6,300,hazard_hits,5.653333333333333
i1,songline_full,106,0.1,6,300,duplicate_rate,0.0
i1,songline_full,106,0.1,6,300,wire_bits,379376.0
i1,songline_full,106,0.1,6,300,memory_bits,319193.6666666667
i1,songline_full,106,0.1,6,300,match_ops,206632.66666666666
i1,songline_full,107,0.1,6,300,group_cost.fragile,152.74444444444444
i1,songline_full,107,0.1,6,300,group_cost.robust,169.54333333333332
i1,songline_full,107,0.1,6,300,success_first,0.042222222222222223
i1,songline_full,107,0.1,6,300,fail_open,0.8827777777777778
i1,songline_full,107,0.1,6,300,refusal,0.075
i1,songline_full,107,0.1,6,300,hazard_hits,5.862222222222222
i1,songline_full,107,0.1,6,300,duplicate_rate,0.0
i1,songline_full,107,0.1,6,300,wire_bits,379596.0
i1,songline_full,107,0.1,6,300,memory_bits,315196.3333333333
i1,songline_full,107,0.1,6,300,match_ops,194055.5
i1,songline_full,108,0.1,6,300,group_cost.fragile,147.44333333333333
i1,songline_full,108,0.1,6,300,group_cost.robust,168.73444444444445
i1,songline_full,108,0.1,6,300,success_first,0.042777777777777776
i1,songline_full,108,0.1,6,300,fail_open,0.8605555555555555
i1,songline_full,108,0.1,6,300,refusal,0.09666666666666666
i1,songline_full,108,0.1,6,300,hazard_hits,5.847222222222222
i1,songline_full,108,0.1,6,300,duplicate_rate,0.0
i1,songline_full,108,0.1,6,300,wire_bits,393212.0
i1,songline_full,108,0.1,6,300,memory_bits,336245.3333333333
i1,songline_full,108,0.1,6,300,match_ops,178748.83333333334
i1,songline_full,109,0.1,6,300,group_cost.fragile,145.88
i1,songline_full,109,0.1,6,300,group_cost.robust,172.08777777777777
i1,songline_full,109,0.1,6,300,success_first,0.035555555555555556
i1,songline_full,109,0.1,6,300,fail_open,0.8672222222222222
i1,songline_full,109,0.1,6,300,refusal,0.09722222222222222
i1,songline_full,109,0.1,6,300,hazard_hits,5.7572222222222225
i1,songline_full,109,0.1,6,300,duplicate_rate,0.0
i1,songline_full,109,0.1,6,300,wire_bits,377580.0
i1,songline_full,109,0.1,6,300,memory_bits,325446.6666666667
i1,songline_full,109,0.1,6,300,match_ops,185082.16666666666
i1,songline_full,110,0.1,6,300,group_cost.fragile,152.0011111111111
i1,songline_full,110,0.1,6,300,group_cost.robust,171.3011111111111
i1,songline_full,110,0.1,6,300,success_first,0.03888888888888889
i1,songline_full,110,0.1,6,300,fail_open,0.8655555555555555
i1,songline_full,110,0.1,6,300,refusal,0.09555555555555556
i1,songline_full,110,0.1,6,300,hazard_hits,5.908333333333333
i1,songline_full,110,0.1,6,300,duplicate_rate,0.0
i1,songline_full,110,0.1,6,300,wire_bits,384236.0
i1,songline_full,110,0.1,6,300,memory_bits,332310.0
i1,songline_full,110,0.1,6,300,match_ops,181886.33333333334
i1,songline_full,111,0.1,6,300,group_cost.fragile,138.79666666666665
i1,songline_full,111,0.1,6,300,group_cost.robust,165.9
i1,songline_full,111,0.1,6,300,success_first,0.04111111111111111
i1,songline_full,111,0.1,6,300,fail_open,0.8772222222222222
i1,songline_full,111,0.1,6,300,refusal,0.08166666666666667
i1,songline_full,111,0.1,6,300,hazard_hits,5.46
i1,songline_full,111,0.1,6,300,duplicate_rate,0.0
i1,songline_full,111,0.1,6,300,wire_bits,380100.0
i1,songline_full,111,0.1,6,300,memory_bits,324270.0
i1,songline_full,111,0.1,6,300,match_ops,195448.66666666666
i1,songline_full,100,0.2,6,300,group_cost.fragile,141.95222222222222
i1,songline_full,100,0.2,6,300,group_cost.robust,157.3
i1,songline_full,100,0.2,6,300,success_first,0.03277777777777778
i1,songline_full,100,0.2,6,300,fail_open,0.7638888888888888
i1,songline_full,100,0.2,6,300,refusal,0.20333333333333334
i1,songline_full,100,0.2,6,300,hazard_hits,6.198888888888889
i1,songline_full,100,0.2,6,300,duplicate_rate,0.0
i1,songline_full,100,0.2,6,300,wire_bits,299824.0
i1,songline_full,100,0.2,6,300,memory_bits,262946.6666666667
i1,songline_full,100,0.2,6,300,match_ops,144801.5
i1,songline_full,101,0.2,6,300,group_cost.fragile,137.14444444444445
i1,songline_full,101,0.2,6,300,group_cost.robust,149.37777777777777
i1,songline_full,101,0.2,6,300,success_first,0.03
i1,songline_full,101,0.2,6,300,fail_open,0.8205555555555556
i1,songline_full,101,0.2,6,300,refusal,0.14944444444444444
i1,songline_full,101,0.2,6,300,hazard_hits,5.761666666666667
i1,songline_full,101,0.2,6,300,duplicate_rate,0.0
i1,songline_full,101,0.2,6,300,wire_bits,317298.0
i1,songline_full,101,0.2,6,300,memory_bits,277483.0
i1,songline_full,101,0.2,6,300,match_ops,153108.5
i1,songline_full,102,0.2,6,300,group_cost.fragile,131.65222222222224
i1,songline_full,102,0.2,6,300,group_cost.robust,144.02666666666667
i1,songline_full,102,0.2,6,300,success_first,0.03222222222222222
i1,songline_full,102,0.2,6,300,fail_open,0.7655555555555555
i1,songline_full,102,0.2,6,300,refusal,0.20222222222222222
i1,songline_full,102,0.2,6,300,hazard_hits,5.551666666666667
i1,songline_full,102,0.2,6,300,duplicate_rate,0.0
i1,songline_full,102,0.2,6,300,wire_bits,300736.0
i1,songline_full,102,0.2,6,300,memory_bits,270906.0
i1,songline_full,102,0.2,6,300,match_ops,141448.5
i1,songline_full,103,0.2,6,300,group_cost.fragile,138.3177777777778
i1,songline_full,103,0.2,6,300,group_cost.robust,154.58333333333334
i1,songline_full,103,0.2,6,300,success_first,0.03111111111111111
i1,songline_full,103,0.2,6,300,fail_open,0.7672222222222222
i1,songline_full,103,0.2,6,300,refusal,0.20166666666666666
i1,songline_full,103,0.2,6,300,hazard_hits,6.0055555555555555
i1,songline_full,103,0.2,6,300,duplicate_rate,0.0
i1,songline_full,103,0.2,6,300,wire_bits,289558.0
i1,songline_full,103,0.2,6,300,memory_bits,258109.66666666666
i1,songline_full,103,0.2,6,300,match_ops,139042.5
i1,songline_full,104,0.2,6,300,group_cost.fragile,131.76555555555555
i1,songline_full,104,0.2,6,300,group_cost.robust,147.99444444444444
i1,songline_full,104,0.2,6,300,success_first,0.03611111111111111
i1,songline_full,104,0.2,6,300,fail_open,0.7855555555555556
i1,songline_full,104,0.2,6,300,refusal,0.17833333333333334
i1,songline_full,104,0.2,6,300,hazard_hits,5.666111111111111
i1,songline_full,104,0.2,6,300,duplicate_rate,0.0
i1,songline_full,104,0.2,6,300,wire_bits,321530.0
i1,songline_full,104,0.2,6,300,memory_bits,282253.6666666667
i1,songline_full,104,0.2,6,300,match_ops,149576.66666666666
i1,songline_full,105,0.2,6,300,group_cost.fragile,136.8022222222222
i1,songline_full,105,0.2,6,300,group_cost.robust,144.39777777777778
i1,songline_full,105,0.2,6,300,success_first,0.03388888888888889
i1,songline_full,105,0.2,6,300,fail_open,0.7816666666666666
i1,songline_full,105,0.2,6,300,refusal,0.18444444444444444
i1,songline_full,105,0.2,6,300,hazard_hits,5.7
i1,songline_full,105,0.2,6,300,duplicate_rate,0.0
i1,songline_full,105,0.2,6,300,wire_bits,315748.0
i1,songline_full,105,0.2,6,300,memory_bits,278874.3333333333
i1,songline_full,105,0.2,6,300,match_ops,150076.5
i1,songline_full,106,0.2,6,300,group_cost.fragile,139.79777777777778
i1,songline_full,106,0.2,6,300,group_cost.robust,147.21555555555557
i1,songline_full,106,0.2,6,300,success_first,0.03222222222222222
i1,songline_full,106,0.2,6,300,fail_open,0.7905555555555556
i1,songline_full,106,0.2,6,300,refusal,0.17722222222222223
i1,songline_full,106,0.2,6,300,hazard_hits,5.7316666666666665
i1,songline_full,106,0.2,6,300,duplicate_rate,0.0
i1,songline_full,106,0.2,6,300,wire_bits,319966.0
i1,songline_full,106,0.2,6,300,memory_bits,277092.3333333333
i1,songline_full,106,0.2,6,300,match_ops,166402.83333333334
i1,songline_full,107,0.2,6,300,group_cost.fragile,135.74333333333334
i1,songline_full,107,0.2,6,300,group_cost.robust,142.3177777777778
i1,songline_full,107,0.2,6,300,success_first,0.03777777777777778
i1,songline_full,107,0.2,6,300,fail_open,0.785
i1,songline_full,107,0.2,6,300,refusal,0.17722222222222223
i1,songline_full,107,0.2,6,300,hazard_hits,5.594444444444444
i1,songline_full,107,0.2,6,300,duplicate_rate,0.0
i1,songline_full,107,0.2,6,300,wire_bits,306566.0
i1,songline_full,107,0.2,6,300,memory_bits,265395.3333333333
i1,songline_full,107,0.2,6,300,match_ops,146398.0
i1,songline_full,108,0.2,6,300,group_cost.fragile,145.9922222222222
i1,songline_full,108,0.2,6,300,group_cost.robust,146.99
i1,songline_full,108,0.2,6,300,success_first,0.024444444444444446
i1,songline_full,108,0.2,6,300,fail_open,0.7788888888888889
i1,songline_full,108,0.2,6,300,refusal,0.19666666666666666
i1,songline_full,108,0.2,6,300,hazard_hits,5.998888888888889
i1,songline_full,108,0.2,6,300,duplicate_rate,0.0
i1,songline_full,108,0.2,6,300,wire_bits,310546.0
i1,songline_full,108,0.2,6,300,memory_bits,277306.6666666667
i1,songline_full,108,0.2,6,300,match_ops,136021.33333333334
i1,songline_full,109,0.2,6,300,group_cost.fragile,134.01444444444445
i1,songline_full,109,0.2,6,300,group_cost.robust,148.43555555555557
i1,songline_full,109,0.2,6,300,success_first,0.03388888888888889
i1,songline_full,109,0.2,6,300,fail_open,0.7633333333333333
i1,songline_full,109,0.2,6,300,refusal,0.20277777777777778
i1,songline_full,109,0.2,6,300,hazard_hits,5.754444444444444
i1,songline_full,109,0.2,6,300,duplicate_rate,0.0
i1,songline_full,109,0.2,6,300,wire_bits,313130.0
i1,songline_full,109,0.2,6,300,memory_bits,277853.0
i1,songline_full,109,0.2,6,300,match_ops,149425.33333333334
i1,songline_full,110,0.2,6,300,group_cost.fragile,136.62222222222223
i1,songline_full,110,0.2,6,300,group_cost.robust,142.72555555555556
i1,songline_full,110,0.2,6,300,success_first,0.03277777777777778
i1,songline_full,110,0.2,6,300,fail_open,0.7694444444444445
i1,songline_full,110,0.2,6,300,refusal,0.19777777777777777
i1,songline_full,110,0.2,6,300,hazard_hits,5.577222222222222
i1,songline_full,110,0.2,6,300,duplicate_rate,0.0
i1,songline_full,110,0.2,6,300,wire_bits,315400.0
i1,songline_full,110,0.2,6,300,memory_bits,283111.3333333333
i1,songline_full,110,0.2,6,300,match_ops,141571.66666666666
i1,songline_full,111,0.2,6,300,group_cost.fragile,133.12666666666667
i1,songline_full,111,0.2,6,300,group_cost.robust,141.63444444444445
i1,songline_full,111,0.2,6,300,success_first,0.02722222222222222
i1,songline_full,111,0.2,6,300,fail_open,0.795
i1,songline_full,111,0.2,6,300,refusal,0.17777777777777778
i1,songline_full,111,0.2,6,300,hazard_hits,5.538888888888889
i1,songline_full,111,0.2,6,300,duplicate_rate,0.0
i1,songline_full,111,0.2,6,300,wire_bits,311084.0
i1,songline_full,111,0.2,6,300,memory_bits,276155.0
i1,songline_full,111,0.2,6,300,match_ops,143977.0
i1,vector_sim,100,0.0,6,300,group_cost.fragile,205.33
i1,vector_sim,100,0.0,6,300,group_cost.robust,187.81333333333333
i1,vector_sim,100,0.0,6,300,success_first,0.0
i1,vector_sim,100,0.0,6,300,fail_open,0.0
i1,vector_sim,100,0.0,6,300,refusal,1.0
i1,vector_sim,100,0.0,6,300,hazard_hits,9.636666666666667
i1,vector_sim,100,0.0,6,300,duplicate_rate,0.0
i1,vector_sim,100,0.0,6,300,wire_bits,456424.0
i1,vector_sim,100,0.0,6,300,memory_bits,383390.0
i1,vector_sim,100,0.0,6,300,match_ops,1225345.6666666667
i1,vector_sim,101,0.0,6,300,group_cost.fragile,207.7811111111111
i1,vector_sim,101,0.0,6,300,group_cost.robust,189.37666666666667
i1,vector_sim,101,0.0,6,300,success_first,0.0
i1,vector_sim,101,0.0,6,300,fail_open,0.0
i1,vector_sim,101,0.0,6,300,refusal,1.0
i1,vector_sim,101,0.0,6,300,hazard_hits,9.840555555555556
i1,vector_sim,101,0.0,6,300,duplicate_rate,0.0
i1,vector_sim,101,0.0,6,300,wire_bits,460948.0
i1,vector_sim,101,0.0,6,300,memory_bits,392487.0
i1,vector_sim,101,0.0,6,300,match_ops,1286600.3333333333
i1,vector_sim,102,0.0,6,300,group_cost.fragile,206.89888888888888
i1,vector_sim,102,0.0,6,300,group_cost.robust,189.57333333333332
i1,vector_sim,102,0.0,6,300,success_first,0.0
i1,vector_sim,102,0.0,6,300,fail_open,0.0
i1,vector_sim,102,0.0,6,300,refusal,1.0
i1,vector_sim,102,0.0,6,300,hazard_hits,9.73
i1,vector_sim,102,0.0,6,300,duplicate_rate,0.0
i1,vector_sim,102,0.0,6,300,wire_bits,461444.0
i1,vector_sim,102,0.0,6,300,memory_bits,392008.0
i1,vector_sim,102,0.0,6,300,match_ops,1292282.3333333333
i1,vector_sim,103,0.0,6,300,group_cost.fragile,201.59
i1,vector_sim,103,0.0,6,300,group_cost.robust,181.0811111111111
i1,vector_sim,103,0.0,6,300,success_first,0.0
i1,vector_sim,103,0.0,6,300,fail_open,0.0
i1,vector_sim,103,0.0,6,300,refusal,1.0
i1,vector_sim,103,0.0,6,300,hazard_hits,9.463333333333333
i1,vector_sim,103,0.0,6,300,duplicate_rate,0.0
i1,vector_sim,103,0.0,6,300,wire_bits,456586.0
i1,vector_sim,103,0.0,6,300,memory_bits,388392.3333333333
i1,vector_sim,103,0.0,6,300,match_ops,1257786.0
i1,vector_sim,104,0.0,6,300,group_cost.fragile,204.68444444444444
i1,vector_sim,104,0.0,6,300,group_cost.robust,188.72222222222223
i1,vector_sim,104,0.0,6,300,success_first,0.0
i1,vector_sim,104,0.0,6,300,fail_open,0.0
i1,vector_sim,104,0.0,6,300,refusal,1.0
i1,vector_sim,104,0.0,6,300,hazard_hits,9.718333333333334
i1,vector_sim,104,0.0,6,300,duplicate_rate,0.0
i1,vector_sim,104,0.0,6,300,wire_bits,459284.0
i1,vector_sim,104,0.0,6,300,memory_bits,382948.0
i1,vector_sim,104,0.0,6,300,match_ops,1247312.3333333333
i1,vector_sim,105,0.0,6,300,group_cost.fragile,207.76555555555555
i1,vector_sim,105,0.0,6,300,group_cost.robust,190.96555555555557
i1,vector_sim,105,0.0,6,300,success_first,0.0
i1,vector_sim,105,0.0,6,300,fail_open,0.0
i1,vector_sim,105,0.0,6,300,refusal,1.0
i1,vector_sim,105,0.0,6,300,hazard_hits,9.783888888888889
i1,vector_sim,105,0.0,6,300,duplicate_rate,0.0
i1,vector_sim,105,0.0,6,300,wire_bits,465122.0
i1,vector_sim,105,0.0,6,300,memory_bits,400971.3333333333
i1,vector_sim,105,0.0,6,300,match_ops,1305501.3333333333
i1,vector_sim,106,0.0,6,300,group_cost.fragile,204.68
i1,vector_sim,106,0.0,6,300,group_cost.robust,187.8322222222222
i1,vector_sim,106,0.0,6,300,success_first,0.0
i1,vector_sim,106,0.0,6,300,fail_open,0.0
i1,vector_sim,106,0.0,6,300,refusal,1.0
i1,vector_sim,106,0.0,6,300,hazard_hits,9.733888888888888
i1,vector_sim,106,0.0,6,300,duplicate_rate,0.0
i1,vector_sim,106,0.0,6,300,wire_bits,462826.0
i1,vector_sim,106,0.0,6,300,memory_bits,393584.6666666667
i1,vector_sim,106,0.0,6,300,match_ops,1275404.0
i1,vector_sim,107,0.0,6,300,group_cost.fragile,206.34444444444443
i1,vector_sim,107,0.0,6,300,group_cost.robust,190.87555555555556
i1,vector_sim,107,0.0,6,300,success_first,0.0
i1,vector_sim,107,0.0,6,300,fail_open,0.0
i1,vector_sim,107,0.0,6,300,refusal,1.0
i1,vector_sim,107,0.0,6,300,hazard_hits,9.85388888888889
i1,vector_sim,107,0.0,6,300,duplicate_rate,0.0
i1,vector_sim,107,0.0,6,300,wire_bits,460626.0
i1,vector_sim,107,0.0,6,300,memory_bits,381698.0
i1,vector_sim,107,0.0,6,300,match_ops,1247211.0
i1,vector_sim,108,0.0,6,300,group_cost.fragile,204.29222222222222
i1,vector_sim,108,0.0,6,300,group_cost.robust,187.22222222222223
i1,vector_sim,108,0.0,6,300,success_first,0.0
i1,vector_sim,108,0.0,6,300,fail_open,0.0
i1,vector_sim,108,0.0,6,300,refusal,1.0
i1,vector_sim,108,0.0,6,300,hazard_hits,9.704444444444444
i1,vector_sim,108,0.0,6,300,duplicate_rate,0.0
i1,vector_sim,108,0.0,6,300,wire_bits,458152.0
i1,vector_sim,108,0.0,6,300,memory_bits,387483.0
i1,vector_sim,108,0.0,6,300,match_ops,1262968.6666666667
i1,vector_sim,109,0.0,6,300,group_cost.fragile,205.17333333333335
i1,vector_sim,109,0.0,6,300,group_cost.robust,185.75222222222223
i1,vector_sim,109,0.0,6,300,success_first,0.0
i1,vector_sim,109,0.0,6,300,fail_open,0.0
i1,vector_sim,109,0.0,6,300,refusal,1.0
i1,vector_sim,109,0.0,6,300,hazard_hits,9.562222222222223
i1,vector_sim,109,0.0,6,300,duplicate_rate,0.0
i1,vector_sim,109,0.0,6,300,wire_bits,458054.0
i1,vector_sim,109,0.0,6,300,memory_bits,385112.0
i1,vector_sim,109,0.0,6,300,match_ops,1232212.3333333333
i1,vector_sim,110,0.0,6,300,group_cost.fragile,206.32
i1,vector_sim,110,0.0,6,300,group_cost.robust,186.3322222222222
i1,vector_sim,110,0.0,6,300,success_first,0.0
i1,vector_sim,110,0.0,6,300,fail_open,0.0
i1,vector_sim,110,0.0,6,300,refusal,1.0
i1,vector_sim,110,0.0,6,300,hazard_hits,9.694444444444445
i1,vector_sim,110,0.0,6,300,duplicate_rate,0.0
i1,vector_sim,110,0.0,6,300,wire_bits,458780.0
i1,vector_sim,110,0.0,6,300,memory_bits,382452.0
i1,vector_sim,110,0.0,6,300,match_ops,1238803.3333333333
i1,vector_sim,111,0.0,6,300,group_cost.fragile,205.01555555555555
i1,vector_sim,111,0.0,6,300,group_cost.robust,184.6
i1,vector_sim,111,0.0,6,300,success_first,0.0
i1,vector_sim,111,0.0,6,300,fail_open,0.0
i1,vector_sim,111,0.0,6,300,refusal,1.0
i1,vector_sim,111,0.0,6,300,hazard_hits,9.59
i1,vector_sim,111,0.0,6,300,duplicate_rate,0.0
i1,vector_sim,111,0.0,6,300,wire_bits,461622.0
i1,vector_sim,111,0.0,6,300,memory_bits,384395.0
i1,vector_sim,111,0.0,6,300,match_ops,1240281.3333333333
i1,independent,100,0.0,4,15,group_cost.fragile,145.13333333333333
i1,independent,100,0.0,4,15,group_cost.robust,125.2
i1,independent,100,0.0,4,15,success_first,0.1
i1,independent,100,0.0,4,15,fail_open,0.2
i1,independent,100,0.0,4,15,refusal,0.7
i1,independent,100,0.0,4,15,hazard_hits,6.133333333333334
i1,independent,100,0.0,4,15,duplicate_rate,0.047619047619047616
i1,independent,100,0.0,4,15,wire_bits,0.0
i1,independent,100,0.0,4,15,memory_bits,6337.5
i1,independent,100,0.0,4,15,match_ops,503.5
i1,no_landmarks,100,0.0,4,15,group_cost.fragile,180.1
i1,no_landmarks,100,0.0,4,15,group_cost.robust,154.0
i1,no_landmarks,100,0.0,4,15,success_first,0.0
i1,no_landmarks,100,0.0,4,15,fail_open,0.0
i1,no_landmarks,100,0.0,4,15,refusal,1.0
i1,no_landmarks,100,0.0,4,15,hazard_hits,8.083333333333334
i1,no_landmarks,100,0.0,4,15,duplicate_rate,0.0
i1,no_landmarks,100,0.0,4,15,wire_bits,0.0
i1,no_landmarks,100,0.0,4,15,memory_bits,690.0
i1,no_landmarks,100,0.0,4,15,match_ops,0.0
i1,raw_history,100,0.0,4,15,group_cost.fragile,110.46666666666667
i1,raw_history,100,0.0,4,15,group_cost.robust,127.56666666666666
i1,raw_history,100,0.0,4,15,success_first,0.11666666666666667
i1,raw_history,100,0.0,4,15,fail_open,0.35
i1,raw_history,100,0.0,4,15,refusal,0.5333333333333333
i1,raw_history,100,0.0,4,15,hazard_hits,5.133333333333334
i1,raw_history,100,0.0,4,15,duplicate_rate,0.03225806451612903
i1,raw_history,100,0.0,4,15,wire_bits,16208.0
i1,raw_history,100,0.0,4,15,memory_bits,17628.5
i1,raw_history,100,0.0,4,15,match_ops,1756.0
i1,songline_full,100,0.0,4,15,group_cost.fragile,160.7
i1,songline_full,100,0.0,4,15,group_cost.robust,128.86666666666667
i1,songline_full,100,0.0,4,15,success_first,0.06666666666666667
i1,songline_full,100,0.0,4,15,fail_open,0.08333333333333333
i1,songline_full,100,0.0,4,15,refusal,0.85
i1,songline_full,100,0.0,4,15,hazard_hits,6.916666666666667
i1,songline_full,100,0.0,4,15,duplicate_rate,0.0
i1,songline_full,100,0.0,4,15,wire_bits,14504.0
i1,songline_full,100,0.0,4,15,memory_bits,13547.0
i1,songline_full,100,0.0,4,15,match_ops,319.75
i1,no_admission,100,0.0,6,300,group_cost.fragile,143.06
i1,no_admission,100,0.0,6,300,group_cost.robust,174.88888888888889
i1,no_admission,100,0.0,6,300,success_first,0.04555555555555556
i1,no_admission,100,0.0,6,300,fail_open,0.8655555555555555
i1,no_admission,100,0.0,6,300,refusal,0.08888888888888889
i1,no_admission,100,0.0,6,300,hazard_hits,5.639444444444444
i1,no_admission,100,0.0,6,300,duplicate_rate,0.0
i1,no_admission,100,0.0,6,300,wire_bits,441224.0
i1,no_admission,100,0.0,6,300,memory_bits,391005.0
i1,no_admission,100,0.0,6,300,match_ops,627697.6666666666
i1,no_admission,101,0.0,6,300,group_cost.fragile,141.06666666666666
i1,no_admission,101,0.0,6,300,group_cost.robust,167.40555555555557
i1,no_admission,101,0.0,6,300,success_first,0.042777777777777776
i1,no_admission,101,0.0,6,300,fail_open,0.8833333333333333
i1,no_admission,101,0.0,6,300,refusal,0.07388888888888889
i1,no_admission,101,0.0,6,300,hazard_hits,5.254444444444444
i1,no_admission,101,0.0,6,300,duplicate_rate,0.0
i1,no_admission,101,0.0,6,300,wire_bits,439672.0
i1,no_admission,101,0.0,6,300,memory_bits,394771.6666666667
i1,no_admission,101,0.0,6,300,match_ops,675299.0
i1,no_admission,102,0.0,6,300,group_cost.fragile,150.71444444444444
i1,no_admission,102,0.0,6,300,group_cost.robust,179.4322222222222
i1,no_admission,102,0.0,6,300,success_first,0.042222222222222223
i1,no_admission,102,0.0,6,300,fail_open,0.89
i1,no_admission,102,0.0,6,300,refusal,0.06777777777777778
i1,no_admission,102,0.0,6,300,hazard_hits,5.84
i1,no_admission,102,0.0,6,300,duplicate_rate,0.0
i1,no_admission,102,0.0,6,300,wire_bits,443860.0
i1,no_admission,102,0.0,6,300,memory_bits,396063.3333333333
i1,no_admission,102,0.0,6,300,match_ops,662867.6666666666
i1,no_admission,103,0.0,6,300,group_cost.fragile,145.81222222222223
i1,no_admission,103,0.0,6,300,group_cost.robust,175.2288888888889
i1,no_admission,103,0.0,6,300,success_first,0.049444444444444444
i1,no_admission,103,0.0,6,300,fail_open,0.8844444444444445
i1,no_admission,103,0.0,6,300,refusal,0.0661111111111111
i1,no_admission,103,0.0,6,300,hazard_hits,5.705
i1,no_admission,103,0.0,6,300,duplicate_rate,0.0
i1,no_admission,103,0.0,6,300,wire_bits,441324.0
i1,no_admission,103,0.0,6,300,memory_bits,394627.0
i1,no_admission,103,0.0,6,300,match_ops,673211.6666666666
i1,no_admission,104,0.0,6,300,group_cost.fragile,145.1
i1,no_admission,104,0.0,6,300,group_cost.robust,167.39888888888888
i1,no_admission,104,0.0,6,300,success_first,0.050555555555555555
i1,no_admission,104,0.0,6,300,fail_open,0.8711111111111111
i1,no_admission,104,0.0,6,300,refusal,0.07833333333333334
i1,no_admission,104,0.0,6,300,hazard_hits,5.379444444444444
i1,no_admission,104,0.0,6,300,duplicate_rate,0.0
i1,no_admission,104,0.0,6,300,wire_bits,440574.0
i1,no_admission,104,0.0,6,300,memory_bits,392031.6666666667
i1,no_admission,104,0.0,6,300,match_ops,653476.3333333334
i1,no_admission,105,0.0,6,300,group_cost.fragile,140.0222222222222
i1,no_admission,105,0.0,6,300,group_cost.robust,172.10666666666665
i1,no_admission,105,0.0,6,300,success_first,0.04388888888888889
i1,no_admission,105,0.0,6,300,fail_open,0.8766666666666667
i1,no_admission,105,0.0,6,300,refusal,0.07944444444444444
i1,no_admission,105,0.0,6,300,hazard_hits,5.441111111111111
i1,no_admission,105,0.0,6,300,duplicate_rate,0.0
i1,no_admission,105,0.0,6,300,wire_bits,445334.0
i1,no_admission,105,0.0,6,300,memory_bits,398024.6666666667
i1,no_admission,105,0.0,6,300,match_ops,668328.3333333334
i1,no_admission,106,0.0,6,300,group_cost.fragile,151.63222222222223
i1,no_admission,106,0.0,6,300,group_cost.robust,171.82444444444445
i1,no_admission,106,0.0,6,300,success_first,0.043333333333333335
i1,no_admission,106,0.0,6,300,fail_open,0.8688888888888889
i1,no_admission,106,0.0,6,300,refusal,0.08777777777777777
i1,no_admission,106,0.0,6,300,hazard_hits,5.685555555555555
i1,no_admission,106,0.0,6,300,duplicate_rate,0.0
i1,no_admission,106,0.0,6,300,wire_bits,448210.0
i1,no_admission,106,0.0,6,300,memory_bits,403547.0
i1,no_admission,106,0.0,6,300,match_ops,681171.6666666666
i1,no_admission,107,0.0,6,300,group_cost.fragile,153.36
i1,no_admission,107,0.0,6,300,group_cost.robust,175.1888888888889
i1,no_admission,107,0.0,6,300,success_first,0.04777777777777778
i1,no_admission,107,0.0,6,300,fail_open,0.8883333333333333
i1,no_admission,107,0.0,6,300,refusal,0.06388888888888888
i1,no_admission,107,0.0,6,300,hazard_hits,5.821666666666666
i1,no_admission,107,0.0,6,300,duplicate_rate,0.0
i1,no_admission,107,0.0,6,300,wire_bits,431352.0
i1,no_admission,107,0.0,6,300,memory_bits,381923.6666666667
i1,no_admission,107,0.0,6,300,match_ops,650562.3333333334
i1,no_admission,108,0.0,6,300,group_cost.fragile,148.88888888888889
i1,no_admission,108,0.0,6,300,group_cost.robust,175.54888888888888
i1,no_admission,108,0.0,6,300,success_first,0.04111111111111111
i1,no_admission,108,0.0,6,300,fail_open,0.8827777777777778
i1,no_admission,108,0.0,6,300,refusal,0.07611111111111112
i1,no_admission,108,0.0,6,300,hazard_hits,5.6755555555555555
i1,no_admission,108,0.0,6,300,duplicate_rate,0.0
i1,no_admission,108,0.0,6,300,wire_bits,442328.0
i1,no_admission,108,0.0,6,300,memory_bits,395650.6666666667
i1,no_admission,108,0.0,6,300,match_ops,650870.0
i1,no_admission,109,0.0,6,300,group_cost.fragile,145.46333333333334
i1,no_admission,109,0.0,6,300,group_cost.robust,173.21
i1,no_admission,109,0.0,6,300,success_first,0.041666666666666664
i1,no_admission,109,0.0,6,300,fail_open,0.8672222222222222
i1,no_admission,109,0.0,6,300,refusal,0.09111111111111111
i1,no_admission,109,0.0,6,300,hazard_hits,5.625
i1,no_admission,109,0.0,6,300,duplicate_rate,0.0
i1,no_admission,109,0.0,6,300,wire_bits,439084.0
i1,no_admission,109,0.0,6,300,memory_bits,392312.0
i1,no_admission,109,0.0,6,300,match_ops,645593.0
i1,no_admission,110,0.0,6,300,group_cost.fragile,152.07555555555555
i1,no_admission,110,0.0,6,300,group_cost.robust,171.48666666666668
i1,no_admission,110,0.0,6,300,success_first,0.03833333333333333
i1,no_admission,110,0.0,6,300,fail_open,0.8855555555555555
i1,no_admission,110,0.0,6,300,refusal,0.07611111111111112
i1,no_admission,110,0.0,6,300,hazard_hits,5.637777777777778
i1,no_admission,110,0.0,6,300,duplicate_rate,0.0
i1,no_admission,110,0.0,6,300,wire_bits,442732.0
i1,no_admission,110,0.0,6,300,memory_bits,390013.6666666667
i1,no_admission,110,0.0,6,300,match_ops,653889.6666666666
i1,no_admission,111,0.0,6,300,group_cost.fragile,139.64666666666668
i1,no_admission,111,0.0,6,300,group_cost.robust,167.23888888888888
i1,no_admission,111,0.0,6,300,success_first,0.049444444444444444
i1,no_admission,111,0.0,6,300,fail_open,0.8883333333333333
i1,no_admission,111,0.0,6,300,refusal,0.06222222222222222
i1,no_admission,111,0.0,6,300,hazard_hits,5.148888888888889
i1,no_admission,111,0.0,6,300,duplicate_rate,0.0
i1,no_admission,111,0.0,6,300,wire_bits,436274.0
i1,no_admission,111,0.0,6,300,memory_bits,391590.6666666667
i1,no_admission,111,0.0,6,300,match_ops,680777.3333333334
i1,no_provenance,100,0.0,6,300,group_cost.fragile,126.81888888888889
i1,no_provenance,100,0.0,6,300,group_cost.robust,132.3488888888889
i1,no_provenance,100,0.0,6,300,success_first,0.06722222222222222
i1,no_provenance,100,0.0,6,300,fail_open,0.695
i1,no_provenance,100,0.0,6,300,refusal,0.23777777777777778
i1,no_provenance,100,0.0,6,300,hazard_hits,5.498888888888889
i1,no_provenance,100,0.0,6,300,duplicate_rate,0.0
i1,no_provenance,100,0.0,6,300,wire_bits,440608.0
i1,no_provenance,100,0.0,6,300,memory_bits,348321.3333333333
i1,no_provenance,100,0.0,6,300,match_ops,206463.66666666666
i1,no_provenance,101,0.0,6,300,group_cost.fragile,118.81777777777778
i1,no_provenance,101,0.0,6,300,group_cost.robust,124.66555555555556
i1,no_provenance,101,0.0,6,300,success_first,0.07333333333333333
i1,no_provenance,101,0.0,6,300,fail_open,0.7016666666666667
i1,no_provenance,101,0.0,6,300,refusal,0.225
i1,no_provenance,101,0.0,6,300,hazard_hits,5.037222222222222
i1,no_provenance,101,0.0,6,300,duplicate_rate,0.0
i1,no_provenance,101,0.0,6,300,wire_bits,433996.0
i1,no_provenance,101,0.0,6,300,memory_bits,344889.3333333333
i1,no_provenance,101,0.0,6,300,match_ops,216751.66666666666
i1,no_provenance,102,0.0,6,300,group_cost.fragile,119.4811111111111
i1,no_provenance,102,0.0,6,300,group_cost.robust,125.36666666666666
i1,no_provenance,102,0.0,6,300,success_first,0.07611111111111112
i1,no_provenance,102,0.0,6,300,fail_open,0.6877777777777778
i1,no_provenance,102,0.0,6,300,refusal,0.2361111111111111
i1,no_provenance,102,0.0,6,300,hazard_hits,5.046666666666667
i1,no_provenance,102,0.0,6,300,duplicate_rate,0.0
i1,no_provenance,102,0.0,6,300,wire_bits,432560.0
i1,no_provenance,102,0.0,6,300,memory_bits,349933.0
i1,no_provenance,102,0.0,6,300,match_ops,206246.33333333334
i1,no_provenance,103,0.0,6,300,group_cost.fragile,118.22333333333333
i1,no_provenance,103,0.0,6,300,group_cost.robust,129.72555555555556
i1,no_provenance,103,0.0,6,300,success_first,0.085
i1,no_provenance,103,0.0,6,300,fail_open,0.6683333333333333
i1,no_provenance,103,0.0,6,300,refusal,0.24666666666666667
i1,no_provenance,103,0.0,6,300,hazard_hits,5.256666666666667
i1,no_provenance,103,0.0,6,300,duplicate_rate,0.0
i1,no_provenance,103,0.0,6,300,wire_bits,432188.0
i1,no_provenance,103,0.0,6,300,memory_bits,346689.3333333333
i1,no_provenance,103,0.0,6,300,match_ops,212803.16666666666
i1,no_provenance,104,0.0,6,300,group_cost.fragile,119.44
i1,no_provenance,104,0.0,6,300,group_cost.robust,129.56222222222223
i1,no_provenance,104,0.0,6,300,success_first,0.08666666666666667
i1,no_provenance,104,0.0,6,300,fail_open,0.6822222222222222
i1,no_provenance,104,0.0,6,300,refusal,0.2311111111111111
i1,no_provenance,104,0.0,6,300,hazard_hits,5.128333333333333
i1,no_provenance,104,0.0,6,300,duplicate_rate,0.0
i1,no_provenance,104,0.0,6,300,wire_bits,435656.0
i1,no_provenance,104,0.0,6,300,memory_bits,350758.0
i1,no_provenance,104,0.0,6,300,match_ops,219618.5
i1,no_provenance,105,0.0,6,300,group_cost.fragile,119.12777777777778
i1,no_provenance,105,0.0,6,300,group_cost.robust,121.83777777777777
i1,no_provenance,105,0.0,6,300,success_first,0.07388888888888889
i1,no_provenance,105,0.0,6,300,fail_open,0.6961111111111111
i1,no_provenance,105,0.0,6,300,refusal,0.23
i1,no_provenance,105,0.0,6,300,hazard_hits,4.941111111111111
i1,no_provenance,105,0.0,6,300,duplicate_rate,0.0
i1,no_provenance,105,0.0,6,300,wire_bits,434362.0
i1,no_provenance,105,0.0,6,300,memory_bits,349985.3333333333
i1,no_provenance,105,0.0,6,300,match_ops,208502.83333333334
i1,no_provenance,106,0.0,6,300,group_cost.fragile,126.16777777777777
i1,no_provenance,106,0.0,6,300,group_cost.robust,124.67777777777778
i1,no_provenance,106,0.0,6,300,success_first,0.07
i1,no_provenance,106,0.0,6,300,fail_open,0.6888888888888889
i1,no_provenance,106,0.0,6,300,refusal,0.2411111111111111
i1,no_provenance,106,0.0,6,300,hazard_hits,5.191111111111111
i1,no_provenance,106,0.0,6,300,duplicate_rate,0.0
i1,no_provenance,106,0.0,6,300,wire_bits,439164.0
i1,no_provenance,106,0.0,6,300,memory_bits,349658.3333333333
i1,no_provenance,106,0.0,6,300,match_ops,240189.33333333334
i1,no_provenance,107,0.0,6,300,group_cost.fragile,125.65
i1,no_provenance,107,0.0,6,300,group_cost.robust,121.65555555555555
i1,no_provenance,107,0.0,6,300,success_first,0.08611111111111111
i1,no_provenance,107,0.0,6,300,fail_open,0.6905555555555556
i1,no_provenance,107,0.0,6,300,refusal,0.22333333333333333
i1,no_provenance,107,0.0,6,300,hazard_hits,5.146111111111111
i1,no_provenance,107,0.0,6,300,duplicate_rate,0.0
i1,no_provenance,107,0.0,6,300,wire_bits,427090.0
i1,no_provenance,107,0.0,6,300,memory_bits,335044.0
i1,no_provenance,107,0.0,6,300,match_ops,224789.33333333334
i1,no_provenance,108,0.0,6,300,group_cost.fragile,124.91777777777777
i1,no_provenance,108,0.0,6,300,group_cost.robust,128.35111111111112
i1,no_provenance,108,0.0,6,300,success_first,0.06833333333333333
i1,no_provenance,108,0.0,6,300,fail_open,0.6983333333333334
i1,no_provenance,108,0.0,6,300,refusal,0.23333333333333334
i1,no_provenance,108,0.0,6,300,hazard_hits,5.331111111111111
i1,no_provenance,108,0.0,6,300,duplicate_rate,0.0
i1,no_provenance,108,0.0,6,300,wire_bits,442652.0
i1,no_provenance,108,0.0,6,300,memory_bits,355575.6666666667
i1,no_provenance,108,0.0,6,300,match_ops,201159.83333333334
i1,no_provenance,109,0.0,6,300,group_cost.fragile,121.00555555555556
i1,no_provenance,109,0.0,6,300,group_cost.robust,131.07888888888888
i1,no_provenance,109,0.0,6,300,success_first,0.07222222222222222
i1,no_provenance,109,0.0,6,300,fail_open,0.6627777777777778
i1,no_provenance,109,0.0,6,300,refusal,0.265
i1,no_provenance,109,0.0,6,300,hazard_hits,5.277222222222222
i1,no_provenance,109,0.0,6,300,duplicate_rate,0.0
i1,no_provenance,109,0.0,6,300,wire_bits,434208.0
i1,no_provenance,109,0.0,6,300,memory_bits,353012.0
i1,no_provenance,109,0.0,6,300,match_ops,209382.83333333334
i1,no_provenance,110,0.0,6,300,group_cost.fragile,118.09333333333333
i1,no_provenance,110,0.0,6,300,group_cost.robust,127.49444444444444
i1,no_provenance,110,0.0,6,300,success_first,0.07611111111111112
i1,no_provenance,110,0.0,6,300,fail_open,0.6855555555555556
i1,no_provenance,110,0.0,6,300,refusal,0.23833333333333334
i1,no_provenance,110,0.0,6,300,hazard_hits,5.092222222222222
i1,no_provenance,110,0.0,6,300,duplicate_rate,0.0
i1,no_provenance,110,0.0,6,300,wire_bits,436614.0
i1,no_provenance,110,0.0,6,300,memory_bits,355152.3333333333
i1,no_provenance,110,0.0,6,300,match_ops,209903.83333333334
i1,no_provenance,111,0.0,6,300,group_cost.fragile,120.67444444444445
i1,no_provenance,111,0.0,6,300,group_cost.robust,122.89555555555556
i1,no_provenance,111,0.0,6,300,success_first,0.08222222222222222
i1,no_provenance,111,0.0,6,300,fail_open,0.7033333333333334
i1,no_provenance,111,0.0,6,300,refusal,0.21444444444444444
i1,no_provenance,111,0.0,6,300,hazard_hits,5.023888888888889
i1,no_provenance,111,0.0,6,300,duplicate_rate,0.0
i1,no_provenance,111,0.0,6,300,wire_bits,430548.0
i1,no_provenance,111,0.0,6,300,memory_bits,350780.6666666667
i1,no_provenance,111,0.0,6,300,match_ops,223816.66666666666
i1,song_wclock,100,0.0,6,300,group_cost.fragile,143.64666666666668
i1,song_wclock,100,0.0,6,300,group_cost.robust,176.19444444444446
i1,song_wclock,100,0.0,6,300,success_first,0.044444444444444446
i1,song_wclock,100,0.0,6,300,fail_open,0.8683333333333333
i1,song_wclock,100,0.0,6,300,refusal,0.08722222222222223
i1,song_wclock,100,0.0,6,300,hazard_hits,5.632777777777778
i1,song_wclock,100,0.0,6,300,duplicate_rate,0.014243323442136498
i1,song_wclock,100,0.0,6,300,wire_bits,400784.0
i1,song_wclock,100,0.0,6,300,memory_bits,391005.0
i1,song_wclock,100,0.0,6,300,match_ops,627697.6666666666
i1,song_wclock,101,0.0,6,300,group_cost.fragile,142.0011111111111
i1,song_wclock,101,0.0,6,300,group_cost.robust,166.74777777777777
i1,song_wclock,101,0.0,6,300,success_first,0.042777777777777776
i1,song_wclock,101,0.0,6,300,fail_open,0.8838888888888888
i1,song_wclock,101,0.0,6,300,refusal,0.07333333333333333
i1,song_wclock,101,0.0,6,300,hazard_hits,5.227222222222222
i1,song_wclock,101,0.0,6,300,duplicate_rate,0.00995899238429994
i1,song_wclock,101,0.0,6,300,wire_bits,398704.0
i1,song_wclock,101,0.0,6,300,memory_bits,394771.6666666667
i1,song_wclock,101,0.0,6,300,match_ops,675299.0
i1,song_wclock,102,0.0,6,300,group_cost.fragile,150.23444444444445
i1,song_wclock,102,0.0,6,300,group_cost.robust,180.2588888888889
i1,song_wclock,102,0.0,6,300,success_first,0.042777777777777776
i1,song_wclock,102,0.0,6,300,fail_open,0.8894444444444445
i1,song_wclock,102,0.0,6,300,refusal,0.06777777777777778
i1,song_wclock,102,0.0,6,300,hazard_hits,5.805
i1,song_wclock,102,0.0,6,300,duplicate_rate,0.015780245470485097
i1,song_wclock,102,0.0,6,300,wire_bits,402796.0
i1,song_wclock,102,0.0,6,300,memory_bits,396063.3333333333
i1,song_wclock,102,0.0,6,300,match_ops,662867.6666666666
i1,song_wclock,103,0.0,6,300,group_cost.fragile,146.36666666666667
i1,song_wclock,103,0.0,6,300,group_cost.robust,177.21666666666667
i1,song_wclock,103,0.0,6,300,success_first,0.049444444444444444
i1,song_wclock,103,0.0,6,300,fail_open,0.8866666666666667
i1,song_wclock,103,0.0,6,300,refusal,0.06388888888888888
i1,song_wclock,103,0.0,6,300,hazard_hits,5.700555555555556
i1,song_wclock,103,0.0,6,300,duplicate_rate,0.020348837209302327
i1,song_wclock,103,0.0,6,300,wire_bits,400044.0
i1,song_wclock,103,0.0,6,300,memory_bits,394627.0
i1,song_wclock,103,0.0,6,300,match_ops,673211.6666666666
i1,song_wclock,104,0.0,6,300,group_cost.fragile,146.22222222222223
i1,song_wclock,104,0.0,6,300,group_cost.robust,168.25222222222223
i1,song_wclock,104,0.0,6,300,success_first,0.05
i1,song_wclock,104,0.0,6,300,fail_open,0.8738888888888889
i1,song_wclock,104,0.0,6,300,refusal,0.07611111111111112
i1,song_wclock,104,0.0,6,300,hazard_hits,5.384444444444444
i1,song_wclock,104,0.0,6,300,duplicate_rate,0.013497652582159625
i1,song_wclock,104,0.0,6,300,wire_bits,399678.0
i1,song_wclock,104,0.0,6,300,memory_bits,392031.6666666667
i1,song_wclock,104,0.0,6,300,match_ops,653476.3333333334
i1,song_wclock,105,0.0,6,300,group_cost.fragile,140.11666666666667
i1,song_wclock,105,0.0,6,300,group_cost.robust,173.36111111111111
i1,song_wclock,105,0.0,6,300,success_first,0.045
i1,song_wclock,105,0.0,6,300,fail_open,0.8772222222222222
i1,song_wclock,105,0.0,6,300,refusal,0.07777777777777778
i1,song_wclock,105,0.0,6,300,hazard_hits,5.4127777777777775
i1,song_wclock,105,0.0,6,300,duplicate_rate,0.020551967116852612
i1,song_wclock,105,0.0,6,300,wire_bits,404462.0
i1,song_wclock,105,0.0,6,300,memory_bits,398024.6666666667
i1,song_wclock,105,0.0,6,300,match_ops,668328.3333333334
i1,song_wclock,106,0.0,6,300,group_cost.fragile,152.09777777777776
i1,song_wclock,106,0.0,6,300,group_cost.robust,173.37222222222223
i1,song_wclock,106,0.0,6,300,success_first,0.043333333333333335
i1,song_wclock,106,0.0,6,300,fail_open,0.8688888888888889
i1,song_wclock,106,0.0,6,300,refusal,0.08777777777777777
i1,song_wclock,106,0.0,6,300,hazard_hits,5.704444444444444
i1,song_wclock,106,0.0,6,300,duplicate_rate,0.011262596324836989
i1,song_wclock,106,0.0,6,300,wire_bits,407722.0
i1,song_wclock,106,0.0,6,300,memory_bits,403547.0
i1,song_wclock,106,0.0,6,300,match_ops,681171.6666666666
i1,song_wclock,107,0.0,6,300,group_cost.fragile,153.73222222222222
i1,song_wclock,107,0.0,6,300,group_cost.robust,176.0588888888889
i1,song_wclock,107,0.0,6,300,success_first,0.04611111111111111
i1,song_wclock,107,0.0,6,300,fail_open,0.8911111111111111
i1,song_wclock,107,0.0,6,300,refusal,0.06277777777777778
i1,song_wclock,107,0.0,6,300,hazard_hits,5.807777777777778
i1,song_wclock,107,0.0,6,300,duplicate_rate,0.014577259475218658
i1,song_wclock,107,0.0,6,300,wire_bits,390192.0
i1,song_wclock,107,0.0,6,300,memory_bits,381923.6666666667
i1,song_wclock,107,0.0,6,300,match_ops,650562.3333333334
i1,song_wclock,108,0.0,6,300,group_cost.fragile,148.60333333333332
i1,song_wclock,108,0.0,6,300,group_cost.robust,177.23
i1,song_wclock,108,0.0,6,300,success_first,0.042222222222222223
i1,song_wclock,108,0.0,6,300,fail_open,0.8827777777777778
i1,song_wclock,108,0.0,6,300,refusal,0.075
i1,song_wclock,108,0.0,6,300,hazard_hits,5.663888888888889
i1,song_wclock,108,0.0,6,300,duplicate_rate,0.015807962529274005
i1,song_wclock,108,0.0,6,300,wire_bits,401336.0
i1,song_wclock,108,0.0,6,300,memory_bits,395650.6666666667
i1,song_wclock,108,0.0,6,300,match_ops,650870.0
i1,song_wclock,109,0.0,6,300,group_cost.fragile,146.47555555555556
i1,song_wclock,109,0.0,6,300,group_cost.robust,174.48777777777778
i1,song_wclock,109,0.0,6,300,success_first,0.04111111111111111
i1,song_wclock,109,0.0,6,300,fail_open,0.8683333333333333
i1,song_wclock,109,0.0,6,300,refusal,0.09055555555555556
i1,song_wclock,109,0.0,6,300,hazard_hits,5.636666666666667
i1,song_wclock,109,0.0,6,300,duplicate_rate,0.016109785202863963
i1,song_wclock,109,0.0,6,300,wire_bits,398860.0
i1,song_wclock,109,0.0,6,300,memory_bits,392312.0
i1,song_wclock,109,0.0,6,300,match_ops,645593.0
i1,song_wclock,110,0.0,6,300,group_cost.fragile,152.73222222222222
i1,song_wclock,110,0.0,6,300,group_cost.robust,173.49555555555557
i1,song_wclock,110,0.0,6,300,success_first,0.03944444444444444
i1,song_wclock,110,0.0,6,300,fail_open,0.885
i1,song_wclock,110,0.0,6,300,refusal,0.07555555555555556
i1,song_wclock,110,0.0,6,300,hazard_hits,5.648333333333333
i1,song_wclock,110,0.0,6,300,duplicate_rate,0.017119244391971666
i1,song_wclock,110,0.0,6,300,wire_bits,402076.0
i1,song_wclock,110,0.0,6,300,memory_bits,390013.6666666667
i1,song_wclock,110,0.0,6,300,match_ops,653889.6666666666
i1,song_wclock,111,0.0,6,300,group_cost.fragile,140.1611111111111
i1,song_wclock,111,0.0,6,300,group_cost.robust,168.34222222222223
i1,song_wclock,111,0.0,6,300,success_first,0.05
i1,song_wclock,111,0.0,6,300,fail_open,0.8894444444444445
i1,song_wclock,111,0.0,6,300,refusal,0.06055555555555556
i1,song_wclock,111,0.0,6,300,hazard_hits,5.141111111111111
i1,song_wclock,111,0.0,6,300,duplicate_rate,0.018065268065268064
i1,song_wclock,111,0.0,6,300,wire_bits,395090.0
i1,song_wclock,111,0.0,6,300,memory_bits,391590.6666666667
i1,song_wclock,111,0.0,6,300,match_ops,680777.3333333334
i1,songline_full,100,0.0,6,300,group_cost.fragile,126.28
i1,songline_full,100,0.0,6,300,group_cost.robust,131.7122222222222
i1,songline_full,100,0.0,6,300,success_first,0.06722222222222222
i1,songline_full,100,0.0,6,300,fail_open,0.695
i1,songline_full,100,0.0,6,300,refusal,0.23777777777777778
i1,songline_full,100,0.0,6,300,hazard_hits,5.46
i1,songline_full,100,0.0,6,300,duplicate_rate,0.0
i1,songline_full,100,0.0,6,300,wire_bits,509692.0
i1,songline_full,100,0.0,6,300,memory_bits,367444.6666666667
i1,songline_full,100,0.0,6,300,match_ops,199497.5
i1,songline_full,101,0.0,6,300,group_cost.fragile,118.59777777777778
i1,songline_full,101,0.0,6,300,group_cost.robust,124.78333333333333
i1,songline_full,101,0.0,6,300,success_first,0.07333333333333333
i1,songline_full,101,0.0,6,300,fail_open,0.7016666666666667
i1,songline_full,101,0.0,6,300,refusal,0.225
i1,songline_full,101,0.0,6,300,hazard_hits,5.033888888888889
i1,songline_full,101,0.0,6,300,duplicate_rate,0.0
i1,songline_full,101,0.0,6,300,wire_bits,502044.0
i1,songline_full,101,0.0,6,300,memory_bits,362829.6666666667
i1,songline_full,101,0.0,6,300,match_ops,209931.83333333334
i1,songline_full,102,0.0,6,300,group_cost.fragile,118.72555555555556
i1,songline_full,102,0.0,6,300,group_cost.robust,125.83222222222223
i1,songline_full,102,0.0,6,300,success_first,0.07555555555555556
i1,songline_full,102,0.0,6,300,fail_open,0.6888888888888889
i1,songline_full,102,0.0,6,300,refusal,0.23555555555555555
i1,songline_full,102,0.0,6,300,hazard_hits,5.035555555555556
i1,songline_full,102,0.0,6,300,duplicate_rate,0.0
i1,songline_full,102,0.0,6,300,wire_bits,502298.0
i1,songline_full,102,0.0,6,300,memory_bits,367495.6666666667
i1,songline_full,102,0.0,6,300,match_ops,201329.83333333334
i1,songline_full,103,0.0,6,300,group_cost.fragile,118.65
i1,songline_full,103,0.0,6,300,group_cost.robust,130.31333333333333
i1,songline_full,103,0.0,6,300,success_first,0.08388888888888889
i1,songline_full,103,0.0,6,300,fail_open,0.67
i1,songline_full,103,0.0,6,300,refusal,0.2461111111111111
i1,songline_full,103,0.0,6,300,hazard_hits,5.275
i1,songline_full,103,0.0,6,300,duplicate_rate,0.0
i1,songline_full,103,0.0,6,300,wire_bits,502004.0
i1,songline_full,103,0.0,6,300,memory_bits,367956.0
i1,songline_full,103,0.0,6,300,match_ops,206561.33333333334
i1,songline_full,104,0.0,6,300,group_cost.fragile,119.27555555555556
i1,songline_full,104,0.0,6,300,group_cost.robust,130.22666666666666
i1,songline_full,104,0.0,6,300,success_first,0.08722222222222223
i1,songline_full,104,0.0,6,300,fail_open,0.6816666666666666
i1,songline_full,104,0.0,6,300,refusal,0.2311111111111111
i1,songline_full,104,0.0,6,300,hazard_hits,5.155
i1,songline_full,104,0.0,6,300,duplicate_rate,0.0
i1,songline_full,104,0.0,6,300,wire_bits,504200.0
i1,songline_full,104,0.0,6,300,memory_bits,369703.3333333333
i1,songline_full,104,0.0,6,300,match_ops,210001.66666666666
i1,songline_full,105,0.0,6,300,group_cost.fragile,119.01777777777778
i1,songline_full,105,0.0,6,300,group_cost.robust,121.75555555555556
i1,songline_full,105,0.0,6,300,success_first,0.07333333333333333
i1,songline_full,105,0.0,6,300,fail_open,0.6966666666666667
i1,songline_full,105,0.0,6,300,refusal,0.23
i1,songline_full,105,0.0,6,300,hazard_hits,4.9366666666666665
i1,songline_full,105,0.0,6,300,duplicate_rate,0.0
i1,songline_full,105,0.0,6,300,wire_bits,501502.0
i1,songline_full,105,0.0,6,300,memory_bits,369212.0
i1,songline_full,105,0.0,6,300,match_ops,202346.83333333334
i1,songline_full,106,0.0,6,300,group_cost.fragile,125.81888888888889
i1,songline_full,106,0.0,6,300,group_cost.robust,124.99777777777778
i1,songline_full,106,0.0,6,300,success_first,0.07277777777777777
i1,songline_full,106,0.0,6,300,fail_open,0.6861111111111111
i1,songline_full,106,0.0,6,300,refusal,0.2411111111111111
i1,songline_full,106,0.0,6,300,hazard_hits,5.194444444444445
i1,songline_full,106,0.0,6,300,duplicate_rate,0.0
i1,songline_full,106,0.0,6,300,wire_bits,508554.0
i1,songline_full,106,0.0,6,300,memory_bits,369004.0
i1,songline_full,106,0.0,6,300,match_ops,233437.16666666666
i1,songline_full,107,0.0,6,300,group_cost.fragile,125.60666666666667
i1,songline_full,107,0.0,6,300,group_cost.robust,121.80666666666667
i1,songline_full,107,0.0,6,300,success_first,0.08611111111111111
i1,songline_full,107,0.0,6,300,fail_open,0.6905555555555556
i1,songline_full,107,0.0,6,300,refusal,0.22333333333333333
i1,songline_full,107,0.0,6,300,hazard_hits,5.148888888888889
i1,songline_full,107,0.0,6,300,duplicate_rate,0.0
i1,songline_full,107,0.0,6,300,wire_bits,494494.0
i1,songline_full,107,0.0,6,300,memory_bits,351925.3333333333
i1,songline_full,107,0.0,6,300,match_ops,217685.0
i1,songline_full,108,0.0,6,300,group_cost.fragile,124.18777777777778
i1,songline_full,108,0.0,6,300,group_cost.robust,128.99333333333334
i1,songline_full,108,0.0,6,300,success_first,0.06944444444444445
i1,songline_full,108,0.0,6,300,fail_open,0.6983333333333334
i1,songline_full,108,0.0,6,300,refusal,0.23222222222222222
i1,songline_full,108,0.0,6,300,hazard_hits,5.3244444444444445
i1,songline_full,108,0.0,6,300,duplicate_rate,0.0
i1,songline_full,108,0.0,6,300,wire_bits,511074.0
i1,songline_full,108,0.0,6,300,memory_bits,376169.6666666667
i1,songline_full,108,0.0,6,300,match_ops,196029.33333333334
i1,songline_full,109,0.0,6,300,group_cost.fragile,120.50888888888889
i1,songline_full,109,0.0,6,300,group_cost.robust,130.75333333333333
i1,songline_full,109,0.0,6,300,success_first,0.07222222222222222
i1,songline_full,109,0.0,6,300,fail_open,0.6633333333333333
i1,songline_full,109,0.0,6,300,refusal,0.2644444444444444
i1,songline_full,109,0.0,6,300,hazard_hits,5.257777777777778
i1,songline_full,109,0.0,6,300,duplicate_rate,0.0
i1,songline_full,109,0.0,6,300,wire_bits,503132.0
i1,songline_full,109,0.0,6,300,memory_bits,371436.0
i1,songline_full,109,0.0,6,300,match_ops,203295.66666666666
i1,songline_full,110,0.0,6,300,group_cost.fragile,117.91666666666667
i1,songline_full,110,0.0,6,300,group_cost.robust,127.02111111111111
i1,songline_full,110,0.0,6,300,success_first,0.07722222222222222
i1,songline_full,110,0.0,6,300,fail_open,0.685
i1,songline_full,110,0.0,6,300,refusal,0.23777777777777778
i1,songline_full,110,0.0,6,300,hazard_hits,5.07
i1,songline_full,110,0.0,6,300,duplicate_rate,0.0
i1,songline_full,110,0.0,6,300,wire_bits,503586.0
i1,songline_full,110,0.0,6,300,memory_bits,373601.6666666667
i1,songline_full,110,0.0,6,300,match_ops,203731.0
i1,songline_full,111,0.0,6,300,group_cost.fragile,120.36
i1,songline_full,111,0.0,6,300,group_cost.robust,122.99222222222222
i1,songline_full,111,0.0,6,300,success_first,0.08277777777777778
i1,songline_full,111,0.0,6,300,fail_open,0.7033333333333334
i1,songline_full,111,0.0,6,300,refusal,0.21388888888888888
i1,songline_full,111,0.0,6,300,hazard_hits,5.019444444444445
i1,songline_full,111,0.0,6,300,duplicate_rate,0.0
i1,songline_full,111,0.0,6,300,wire_bits,499336.0
i1,songline_full,111,0.0,6,300,memory_bits,369040.0
i1,songline_full,111,0.0,6,300,match_ops,217427.16666666666
i1,songline_full,100,0.0,4,10,group_cost.fragile,151.4
i1,songline_full,100,0.0,4,10,group_cost.robust,135.95
i1,songline_full,100,0.0,4,10,success_first,0.075
i1,songline_full,100,0.0,4,10,fail_open,0.075
i1,songline_full,100,0.0,4,10,refusal,0.85
i1,songline_full,100,0.0,4,10,hazard_hits,6.875
i1,songline_full,100,0.0,4,10,duplicate_rate,0.0
i1,songline_full,100,0.0,4,10,wire_bits,10038.0
i1,songline_full,100,0.0,4,10,memory_bits,8981.5
i1,songline_full,100,0.0,4,10,match_ops,127.5
c1,songline_full,100,,,,group_cost.fragile,194.5433616903001
c1,songline_full,100,,,,group_cost.robust,50.41845124970268
c1,songline_full,100,,,,success_first,0.175
c1,songline_full,100,,,,fail_open_final,0.0
c1,songline_full,100,,,,hazard_hits,13.7
c1,songline_full,100,,,,duplicate_rate,0.0
c1,songline_full,100,,,,wire_bits,5908.0
c1,songline_full,100,,,,memory_bits,6876.5
i1,no_admission,100,0.0,4,10,group_cost.fragile,125.25
i1,no_admission,100,0.0,4,10,group_cost.robust,134.3
i1,no_admission,100,0.0,4,10,success_first,0.075
i1,no_admission,100,0.0,4,10,fail_open,0.125
i1,no_admission,100,0.0,4,10,refusal,0.8
i1,no_admission,100,0.0,4,10,hazard_hits,6.25
i1,no_admission,100,0.0,4,10,duplicate_rate,0.0
i1,no_admission,100,0.0,4,10,wire_bits,8810.0
i1,no_admission,100,0.0,4,10,memory_bits,8013.5
i1,no_admission,100,0.0,4,10,match_ops,236.0
i1,songline_full,100,0.0,4,10,group_cost.fragile,151.4
i1,songline_full,100,0.0,4,10,group_cost.robust,135.95
i1,songline_full,100,0.0,4,10,success_first,0.075
i1,songline_full,100,0.0,4,10,fail_open,0.075
i1,songline_full,100,0.0,4,10,refusal,0.85
i1,songline_full,100,0.0,4,10,hazard_hits,6.875
i1,songline_full,100,0.0,4,10,duplicate_rate,0.0
i1,songline_full,100,0.0,4,10,wire_bits,9010.0
i1,songline_full,100,0.0,4,10,memory_bits,8981.5
i1,songline_full,100,0.0,4,10,match_ops,127.5
s3,independent,0,,,,group_cost.fragile,201.56666666666666
s3,independent,0,,,,group_cost.robust,176.36666666666667
s3,independent,0,,,,duplicate_rate,0.0
s3,independent,0,,,,comm_bits,0.0
s3,independent,0,,,,mem_items,13.0
s3,independent,0,,,,quarantined,0.0
s3,cert_wc,0,,,,group_cost.fragile,193.4
s3,cert_wc,0,,,,group_cost.robust,184.73333333333332
s3,cert_wc,0,,,,duplicate_rate,0.038461538461538464
s3,cert_wc,0,,,,comm_bits,27886.0
s3,cert_wc,0,,,,mem_items,29.75
s3,cert_wc,0,,,,quarantined,0.0
s3,adm_visit,0,,,,group_cost.fragile,213.26666666666668
s3,adm_visit,0,,,,group_cost.robust,192.73333333333332
s3,adm_visit,0,,,,duplicate_rate,0.041666666666666664
s3,adm_visit,0,,,,comm_bits,28372.0
s3,adm_visit,0,,,,mem_items,21.25
s3,adm_visit,0,,,,quarantined,8.5
s3,adm_util,0,,,,group_cost.fragile,226.9
s3,adm_util,0,,,,group_cost.robust,209.36666666666667
s3,adm_util,0,,,,duplicate_rate,0.0
s3,adm_util,0,,,,comm_bits,23738.0
s3,adm_util,0,,,,mem_items,13.0
s3,adm_util,0,,,,quarantined,24.5
s3,adm_util_resv,0,,,,group_cost.fragile,226.9
s3,adm_util_resv,0,,,,group_cost.robust,209.36666666666667
s3,adm_util_resv,0,,,,duplicate_rate,0.0
s3,adm_util_resv,0,,,,comm_bits,23738.0
s3,adm_util_resv,0,,,,mem_items,13.0
s3,adm_util_resv,0,,,,quarantined,24.5
s1,independent,0,,,,group_cost.fragile,141.72333333333333
s1,independent,0,,,,group_cost.robust,170.92444444444445
s1,independent,0,,,,duplicate_rate,0.01853997682502897
s1,independent,0,,,,comm_bits,0.0
s1,independent,0,,,,mem_items,222.33333333333334
s1,raw_share,0,,,,group_cost.fragile,167.3488888888889
s1,raw_share,0,,,,group_cost.robust,238.2588888888889
s1,raw_share,0,,,,duplicate_rate,0.020361990950226245
s1,raw_share,0,,,,comm_bits,313862.0
s1,raw_share,0,,,,mem_items,737.0
s1,cert,0,,,,group_cost.fragile,165.12444444444444
s1,cert,0,,,,group_cost.robust,233.6511111111111
s1,cert,0,,,,duplicate_rate,0.02319004524886878
s1,cert,0,,,,comm_bits,399120.0
s1,cert,0,,,,mem_items,700.6666666666666
s1,cert_resv,0,,,,group_cost.fragile,165.14444444444445
s1,cert_resv,0,,,,group_cost.robust,235.08666666666667
s1,cert_resv,0,,,,duplicate_rate,0.0
s1,cert_resv,0,,,,comm_bits,399120.0
s1,cert_resv,0,,,,mem_items,700.6666666666666
s1,independent,1,,,,group_cost.fragile,146.82222222222222
s1,independent,1,,,,group_cost.robust,164.78333333333333
s1,independent,1,,,,duplicate_rate,0.02320185614849188
s1,independent,1,,,,comm_bits,0.0
s1,independent,1,,,,mem_items,217.0
s1,raw_share,1,,,,group_cost.fragile,179.08555555555554
s1,raw_share,1,,,,group_cost.robust,243.82888888888888
s1,raw_share,1,,,,duplicate_rate,0.030405405405405407
s1,raw_share,1,,,,comm_bits,304446.0
s1,raw_share,1,,,,mem_items,731.0
s1,cert,1,,,,group_cost.fragile,171.60333333333332
s1,cert,1,,,,group_cost.robust,243.85666666666665
s1,cert,1,,,,duplicate_rate,0.03209459459459459
s1,cert,1,,,,comm_bits,385558.0
s1,cert,1,,,,mem_items,694.5
s1,cert_resv,1,,,,group_cost.fragile,172.75555555555556
s1,cert_resv,1,,,,group_cost.robust,242.70555555555555
s1,cert_resv,1,,,,duplicate_rate,0.0
s1,cert_resv,1,,,,comm_bits,385558.0
s1,cert_resv,1,,,,mem_items,694.5
s1,independent,10,,,,group_cost.fragile,143.78555555555556
s1,independent,10,,,,group_cost.robust,168.0011111111111
s1,independent,10,,,,duplicate_rate,0.02558139534883721
s1,independent,10,,,,comm_bits,0.0
s1,independent,10,,,,mem_items,215.5
s1,raw_share,10,,,,group_cost.fragile,161.88666666666666
s1,raw_share,10,,,,group_cost.robust,237.81222222222223
s1,raw_share,10,,,,duplicate_rate,0.023769100169779286
s1,raw_share,10,,,,comm_bits,303162.0
s1,raw_share,10,,,,mem_items,723.0
s1,cert,10,,,,group_cost.fragile,164.19666666666666
s1,cert,10,,,,group_cost.robust,238.49777777777777
s1,cert,10,,,,duplicate_rate,0.022650056625141562
s1,cert,10,,,,comm_bits,384476.0
s1,cert,10,,,,mem_items,690.3333333333334
s1,cert_resv,10,,,,group_cost.fragile,165.40777777777777
s1,cert_resv,10,,,,group_cost.robust,239.56444444444443
s1,cert_resv,10,,,,duplicate_rate,0.0
s1,cert_resv,10,,,,comm_bits,384476.0
s1,cert_resv,10,,,,mem_items,690.3333333333334
s1,independent,11,,,,group_cost.fragile,153.34333333333333
s1,independent,11,,,,group_cost.robust,174.99
s1,independent,11,,,,duplicate_rate,0.018561484918793503
s1,independent,11,,,,comm_bits,0.0
s1,independent,11,,,,mem_items,222.0
s1,raw_share,11,,,,group_cost.fragile,158.68777777777777
s1,raw_share,11,,,,group_cost.robust,233.71777777777777
s1,raw_share,11,,,,duplicate_rate,0.028169014084507043
s1,raw_share,11,,,,comm_bits,309722.0
s1,raw_share,11,,,,mem_items,737.0
s1,cert,11,,,,group_cost.fragile,162.26666666666668
s1,cert,11,,,,group_cost.robust,234.51666666666668
s1,cert,11,,,,duplicate_rate,0.0276056338028169
s1,cert,11,,,,comm_bits,387812.0
s1,cert,11,,,,mem_items,707.6666666666666
s1,cert_resv,11,,,,group_cost.fragile,164.45
s1,cert_resv,11,,,,group_cost.robust,232.80555555555554
s1,cert_resv,11,,,,duplicate_rate,0.0
s1,cert_resv,11,,,,comm_bits,387812.0
s1,cert_resv,11,,,,mem_items,707.6666666666666
s1,independent,2,,,,group_cost.fragile,151.48888888888888
s1,independent,2,,,,group_cost.robust,179.2
s1,independent,2,,,,duplicate_rate,0.02149912841371296
s1,independent,2,,,,comm_bits,0.0
s1,independent,2,,,,mem_items,227.83333333333334
s1,raw_share,2,,,,group_cost.fragile,186.61555555555555
s1,raw_share,2,,,,group_cost.robust,257.0422222222222
s1,raw_share,2,,,,duplicate_rate,0.024886877828054297
s1,raw_share,2,,,,comm_bits,316318.0
s1,raw_share,2,,,,mem_items,777.0
s1,cert,2,,,,group_cost.fragile,187.46333333333334
s1,cert,2,,,,group_cost.robust,255.11
s1,cert,2,,,,duplicate_rate,0.03454133635334088
s1,cert,2,,,,comm_bits,402782.0
s1,cert,2,,,,mem_items,743.6666666666666
s1,cert_resv,2,,,,group_cost.fragile,186.9777777777778
s1,cert_resv,2,,,,group_cost.robust,254.5688888888889
s1,cert_resv,2,,,,duplicate_rate,0.0
s1,cert_resv,2,,,,comm_bits,402782.0
s1,cert_resv,2,,,,mem_items,743.6666666666666
s1,independent,3,,,,group_cost.fragile,145.15666666666667
s1,independent,3,,,,group_cost.robust,176.9311111111111
s1,independent,3,,,,duplicate_rate,0.016831108531630876
s1,independent,3,,,,comm_bits,0.0
s1,independent,3,,,,mem_items,219.83333333333334
s1,raw_share,3,,,,group_cost.fragile,165.72666666666666
s1,raw_share,3,,,,group_cost.robust,234.75333333333333
s1,raw_share,3,,,,duplicate_rate,0.0327683615819209
s1,raw_share,3,,,,comm_bits,306348.0
s1,raw_share,3,,,,mem_items,736.0
s1,cert,3,,,,group_cost.fragile,165.48777777777778
s1,cert,3,,,,group_cost.robust,234.48888888888888
s1,cert,3,,,,duplicate_rate,0.02598870056497175
s1,cert,3,,,,comm_bits,388194.0
s1,cert,3,,,,mem_items,701.3333333333334
s1,cert_resv,3,,,,group_cost.fragile,165.33333333333334
s1,cert_resv,3,,,,group_cost.robust,236.75
s1,cert_resv,3,,,,duplicate_rate,0.0
s1,cert_resv,3,,,,comm_bits,388194.0
s1,cert_resv,3,,,,mem_items,701.3333333333334
s1,independent,4,,,,group_cost.fragile,143.61555555555555
s1,independent,4,,,,group_cost.robust,166.28333333333333
s1,independent,4,,,,duplicate_rate,0.02023121387283237
s1,independent,4,,,,comm_bits,0.0
s1,independent,4,,,,mem_items,220.66666666666666
s1,raw_share,4,,,,group_cost.fragile,167.92333333333335
s1,raw_share,4,,,,group_cost.robust,230.93555555555557
s1,raw_share,4,,,,duplicate_rate,0.028862478777589132
s1,raw_share,4,,,,comm_bits,307812.0
s1,raw_share,4,,,,mem_items,725.0
s1,cert,4,,,,group_cost.fragile,167.6588888888889
s1,cert,4,,,,group_cost.robust,228.93555555555557
s1,cert,4,,,,duplicate_rate,0.03904923599320883
s1,cert,4,,,,comm_bits,394402.0
s1,cert,4,,,,mem_items,696.0
s1,cert_resv,4,,,,group_cost.fragile,167.7588888888889
s1,cert_resv,4,,,,group_cost.robust,231.0311111111111
s1,cert_resv,4,,,,duplicate_rate,0.0
s1,cert_resv,4,,,,comm_bits,394402.0
s1,cert_resv,4,,,,mem_items,696.0
s1,independent,5,,,,group_cost.fragile,142.14333333333335
s1,independent,5,,,,group_cost.robust,163.5588888888889
s1,independent,5,,,,duplicate_rate,0.021350259665320254
s1,independent,5,,,,comm_bits,0.0
s1,independent,5,,,,mem_items,219.5
s1,raw_share,5,,,,group_cost.fragile,166.52666666666667
s1,raw_share,5,,,,group_cost.robust,225.9
s1,raw_share,5,,,,duplicate_rate,0.030456852791878174
s1,raw_share,5,,,,comm_bits,302512.0
s1,raw_share,5,,,,mem_items,735.0
s1,cert,5,,,,group_cost.fragile,165.04666666666665
s1,cert,5,,,,group_cost.robust,227.15444444444444
s1,cert,5,,,,duplicate_rate,0.028764805414551606
s1,cert,5,,,,comm_bits,386068.0
s1,cert,5,,,,mem_items,702.1666666666666
s1,cert_resv,5,,,,group_cost.fragile,165.12444444444444
s1,cert_resv,5,,,,group_cost.robust,228.41222222222223
s1,cert_resv,5,,,,duplicate_rate,0.0
s1,cert_resv,5,,,,comm_bits,386068.0
s1,cert_resv,5,,,,mem_items,702.1666666666666
s1,independent,6,,,,group_cost.fragile,151.3111111111111
s1,independent,6,,,,group_cost.robust,170.28
s1,independent,6,,,,duplicate_rate,0.019641825534373193
s1,independent,6,,,,comm_bits,0.0
s1,independent,6,,,,mem_items,220.16666666666666
s1,raw_share,6,,,,group_cost.fragile,171.44
s1,raw_share,6,,,,group_cost.robust,240.9611111111111
s1,raw_share,6,,,,duplicate_rate,0.024239007891770012
s1,raw_share,6,,,,comm_bits,310792.0
s1,raw_share,6,,,,mem_items,736.0
s1,cert,6,,,,group_cost.fragile,169.7877777777778
s1,cert,6,,,,group_cost.robust,237.27777777777777
s1,cert,6,,,,duplicate_rate,0.02536640360766629
s1,cert,6,,,,comm_bits,391488.0
s1,cert,6,,,,mem_items,704.3333333333334
s1,cert_resv,6,,,,group_cost.fragile,170.62222222222223
s1,cert_resv,6,,,,group_cost.robust,237.53666666666666
s1,cert_resv,6,,,,duplicate_rate,0.0
s1,cert_resv,6,,,,comm_bits,391488.0
s1,cert_resv,6,,,,mem_items,704.3333333333334
s1,independent,7,,,,group_cost.fragile,151.13333333333333
s1,independent,7,,,,group_cost.robust,172.01222222222222
s1,independent,7,,,,duplicate_rate,0.026806526806526808
s1,independent,7,,,,comm_bits,0.0
s1,independent,7,,,,mem_items,218.33333333333334
s1,raw_share,7,,,,group_cost.fragile,180.83444444444444
s1,raw_share,7,,,,group_cost.robust,242.36777777777777
s1,raw_share,7,,,,duplicate_rate,0.023728813559322035
s1,raw_share,7,,,,comm_bits,312132.0
s1,raw_share,7,,,,mem_items,742.0
s1,cert,7,,,,group_cost.fragile,176.52333333333334
s1,cert,7,,,,group_cost.robust,240.54
s1,cert,7,,,,duplicate_rate,0.029943502824858758
s1,cert,7,,,,comm_bits,398940.0
s1,cert,7,,,,mem_items,705.6666666666666
s1,cert_resv,7,,,,group_cost.fragile,177.96666666666667
s1,cert_resv,7,,,,group_cost.robust,240.09666666666666
s1,cert_resv,7,,,,duplicate_rate,0.0
s1,cert_resv,7,,,,comm_bits,398940.0
s1,cert_resv,7,,,,mem_items,705.6666666666666
s1,independent,8,,,,group_cost.fragile,154.7211111111111
s1,independent,8,,,,group_cost.robust,169.42888888888888
s1,independent,8,,,,duplicate_rate,0.02149912841371296
s1,independent,8,,,,comm_bits,0.0
s1,independent,8,,,,mem_items,220.0
s1,raw_share,8,,,,group_cost.fragile,172.2788888888889
s1,raw_share,8,,,,group_cost.robust,243.13777777777779
s1,raw_share,8,,,,duplicate_rate,0.031091011871113624
s1,raw_share,8,,,,comm_bits,313062.0
s1,raw_share,8,,,,mem_items,745.0
s1,cert,8,,,,group_cost.fragile,169.89666666666668
s1,cert,8,,,,group_cost.robust,240.2488888888889
s1,cert,8,,,,duplicate_rate,0.027149321266968326
s1,cert,8,,,,comm_bits,397258.0
s1,cert,8,,,,mem_items,713.5
s1,cert_resv,8,,,,group_cost.fragile,171.55777777777777
s1,cert_resv,8,,,,group_cost.robust,242.8088888888889
s1,cert_resv,8,,,,duplicate_rate,0.0
s1,cert_resv,8,,,,comm_bits,397258.0
s1,cert_resv,8,,,,mem_items,713.5
s1,independent,9,,,,group_cost.fragile,152.7488888888889
s1,independent,9,,,,group_cost.robust,172.92111111111112
s1,independent,9,,,,duplicate_rate,0.02161214953271028
s1,independent,9,,,,comm_bits,0.0
s1,independent,9,,,,mem_items,223.0
s1,raw_share,9,,,,group_cost.fragile,173.51111111111112
s1,raw_share,9,,,,group_cost.robust,243.1688888888889
s1,raw_share,9,,,,duplicate_rate,0.02652370203160271
s1,raw_share,9,,,,comm_bits,320672.0
s1,raw_share,9,,,,mem_items,763.0
s1,cert,9,,,,group_cost.fragile,171.95
s1,cert,9,,,,group_cost.robust,242.78666666666666
s1,cert,9,,,,duplicate_rate,0.0248728094968909
s1,cert,9,,,,comm_bits,400928.0
s1,cert,9,,,,mem_items,732.5
s1,cert_resv,9,,,,group_cost.fragile,172.40222222222224
s1,cert_resv,9,,,,group_cost.robust,242.66666666666666
s1,cert_resv,9,,,,duplicate_rate,0.0
s1,cert_resv,9,,,,comm_bits,400928.0
s1,cert_resv,9,,,,mem_items,732.5
s1,independent,0,,,,group_cost.fragile,201.2
s1,independent,0,,,,group_cost.robust,165.45
s1,independent,0,,,,duplicate_rate,0.0
s1,independent,0,,,,comm_bits,0.0
s1,independent,0,,,,mem_items,18.0
s1,raw_share,0,,,,group_cost.fragile,155.75
s1,raw_share,0,,,,group_cost.robust,155.95
s1,raw_share,0,,,,duplicate_rate,0.03636363636363636
s1,raw_share,0,,,,comm_bits,22810.0
s1,raw_share,0,,,,mem_items,57.0
s1,cert,0,,,,group_cost.fragile,162.125
s1,cert,0,,,,group_cost.robust,153.85
s1,cert,0,,,,duplicate_rate,0.01818181818181818
s1,cert,0,,,,comm_bits,95570.0
s1,cert,0,,,,mem_items,44.25
s1,cert_resv,0,,,,group_cost.fragile,167.275
s1,cert_resv,0,,,,group_cost.robust,153.225
s1,cert_resv,0,,,,duplicate_rate,0.0
s1,cert_resv,0,,,,comm_bits,95570.0
s1,cert_resv,0,,,,mem_items,44.25
s1,independent,0,,,,group_cost.fragile,201.2
s1,independent,0,,,,group_cost.robust,165.45
s1,independent,0,,,,duplicate_rate,0.0
s1,independent,0,,,,comm_bits,0.0
s1,independent,0,,,,mem_items,18.0
s1,raw_share,0,,,,group_cost.fragile,155.75
s1,raw_share,0,,,,group_cost.robust,155.95
s1,raw_share,0,,,,duplicate_rate,0.03636363636363636
s1,raw_share,0,,,,comm_bits,22810.0
s1,raw_share,0,,,,mem_items,57.0
s1,cert,0,,,,group_cost.fragile,162.275
s1,cert,0,,,,group_cost.robust,150.35
s1,cert,0,,,,duplicate_rate,0.03636363636363636
s1,cert,0,,,,comm_bits,34014.0
s1,cert,0,,,,mem_items,46.5
s1,cert_resv,0,,,,group_cost.fragile,167.025
s1,cert_resv,0,,,,group_cost.robust,149.725
s1,cert_resv,0,,,,duplicate_rate,0.0
s1,cert_resv,0,,,,comm_bits,34014.0
s1,cert_resv,0,,,,mem_items,46.5
s2,independent,0,,,,group_cost.fragile,141.72333333333333
s2,independent,0,,,,group_cost.robust,170.92444444444445
s2,independent,0,,,,duplicate_rate,0.01853997682502897
s2,independent,0,,,,comm_bits,0.0
s2,independent,0,,,,mem_items,222.33333333333334
s2,cert,0,,,,group_cost.fragile,165.12444444444444
s2,cert,0,,,,group_cost.robust,233.6511111111111
s2,cert,0,,,,duplicate_rate,0.02319004524886878
s2,cert,0,,,,comm_bits,414784.0
s2,cert,0,,,,mem_items,700.6666666666666
s2,cert_wc,0,,,,group_cost.fragile,163.92777777777778
s2,cert_wc,0,,,,group_cost.robust,217.60777777777778
s2,cert_wc,0,,,,duplicate_rate,0.029595902105862264
s2,cert_wc,0,,,,comm_bits,401386.0
s2,cert_wc,0,,,,mem_items,654.0
s2,cert_wc_resv,0,,,,group_cost.fragile,163.9188888888889
s2,cert_wc_resv,0,,,,group_cost.robust,219.10111111111112
s2,cert_wc_resv,0,,,,duplicate_rate,0.0
s2,cert_wc_resv,0,,,,comm_bits,401386.0
s2,cert_wc_resv,0,,,,mem_items,654.0
s2,independent,1,,,,group_cost.fragile,146.82222222222222
s2,independent,1,,,,group_cost.robust,164.78333333333333
s2,independent,1,,,,duplicate_rate,0.02320185614849188
s2,independent,1,,,,comm_bits,0.0
s2,independent,1,,,,mem_items,217.0
s2,cert,1,,,,group_cost.fragile,171.60333333333332
s2,cert,1,,,,group_cost.robust,243.85666666666665
s2,cert,1,,,,duplicate_rate,0.03209459459459459
s2,cert,1,,,,comm_bits,400710.0
s2,cert,1,,,,mem_items,694.5
s2,cert_wc,1,,,,group_cost.fragile,167.86888888888888
s2,cert_wc,1,,,,group_cost.robust,224.13222222222223
s2,cert_wc,1,,,,duplicate_rate,0.030525720746184284
s2,cert_wc,1,,,,comm_bits,413258.0
s2,cert_wc,1,,,,mem_items,695.8333333333334
s2,cert_wc_resv,1,,,,group_cost.fragile,166.96555555555557
s2,cert_wc_resv,1,,,,group_cost.robust,222.82666666666665
s2,cert_wc_resv,1,,,,duplicate_rate,0.0
s2,cert_wc_resv,1,,,,comm_bits,413258.0
s2,cert_wc_resv,1,,,,mem_items,695.8333333333334
s2,independent,10,,,,group_cost.fragile,143.78555555555556
s2,independent,10,,,,group_cost.robust,168.0011111111111
s2,independent,10,,,,duplicate_rate,0.02558139534883721
s2,independent,10,,,,comm_bits,0.0
s2,independent,10,,,,mem_items,215.5
s2,cert,10,,,,group_cost.fragile,164.19666666666666
s2,cert,10,,,,group_cost.robust,238.49777777777777
s2,cert,10,,,,duplicate_rate,0.022650056625141562
s2,cert,10,,,,comm_bits,399532.0
s2,cert,10,,,,mem_items,690.3333333333334
s2,cert_wc,10,,,,group_cost.fragile,157.38666666666666
s2,cert_wc,10,,,,group_cost.robust,212.23333333333332
s2,cert_wc,10,,,,duplicate_rate,0.027888446215139442
s2,cert_wc,10,,,,comm_bits,401272.0
s2,cert_wc,10,,,,mem_items,681.1666666666666
s2,cert_wc_resv,10,,,,group_cost.fragile,158.27666666666667
s2,cert_wc_resv,10,,,,group_cost.robust,212.4688888888889
s2,cert_wc_resv,10,,,,duplicate_rate,0.0
s2,cert_wc_resv,10,,,,comm_bits,401272.0
s2,cert_wc_resv,10,,,,mem_items,681.1666666666666
s2,independent,11,,,,group_cost.fragile,153.34333333333333
s2,independent,11,,,,group_cost.robust,174.99
s2,independent,11,,,,duplicate_rate,0.018561484918793503
s2,independent,11,,,,comm_bits,0.0
s2,independent,11,,,,mem_items,222.0
s2,cert,11,,,,group_cost.fragile,162.26666666666668
s2,cert,11,,,,group_cost.robust,234.51666666666668
s2,cert,11,,,,duplicate_rate,0.0276056338028169
s2,cert,11,,,,comm_bits,402916.0
s2,cert,11,,,,mem_items,707.6666666666666
s2,cert_wc,11,,,,group_cost.fragile,154.93333333333334
s2,cert_wc,11,,,,group_cost.robust,219.33555555555554
s2,cert_wc,11,,,,duplicate_rate,0.02873239436619718
s2,cert_wc,11,,,,comm_bits,411024.0
s2,cert_wc,11,,,,mem_items,715.5
s2,cert_wc_resv,11,,,,group_cost.fragile,155.64111111111112
s2,cert_wc_resv,11,,,,group_cost.robust,216.2488888888889
s2,cert_wc_resv,11,,,,duplicate_rate,0.0
s2,cert_wc_resv,11,,,,comm_bits,411024.0
s2,cert_wc_resv,11,,,,mem_items,715.5
s2,independent,2,,,,group_cost.fragile,151.48888888888888
s2,independent,2,,,,group_cost.robust,179.2
s2,independent,2,,,,duplicate_rate,0.02149912841371296
s2,independent,2,,,,comm_bits,0.0
s2,independent,2,,,,mem_items,227.83333333333334
s2,cert,2,,,,group_cost.fragile,187.46333333333334
s2,cert,2,,,,group_cost.robust,255.11
s2,cert,2,,,,duplicate_rate,0.03454133635334088
s2,cert,2,,,,comm_bits,418718.0
s2,cert,2,,,,mem_items,743.6666666666666
s2,cert_wc,2,,,,group_cost.fragile,177.59222222222223
s2,cert_wc,2,,,,group_cost.robust,241.45555555555555
s2,cert_wc,2,,,,duplicate_rate,0.030045351473922902
s2,cert_wc,2,,,,comm_bits,406448.0
s2,cert_wc,2,,,,mem_items,712.6666666666666
s2,cert_wc_resv,2,,,,group_cost.fragile,177.54444444444445
s2,cert_wc_resv,2,,,,group_cost.robust,240.52333333333334
s2,cert_wc_resv,2,,,,duplicate_rate,0.0
s2,cert_wc_resv,2,,,,comm_bits,406448.0
s2,cert_wc_resv,2,,,,mem_items,712.6666666666666
s2,independent,3,,,,group_cost.fragile,145.15666666666667
s2,independent,3,,,,group_cost.robust,176.9311111111111
s2,independent,3,,,,duplicate_rate,0.016831108531630876
s2,independent,3,,,,comm_bits,0.0
s2,independent,3,,,,mem_items,219.83333333333334
s2,cert,3,,,,group_cost.fragile,165.48777777777778
s2,cert,3,,,,group_cost.robust,234.48888888888888
s2,cert,3,,,,duplicate_rate,0.02598870056497175
s2,cert,3,,,,comm_bits,403570.0
s2,cert,3,,,,mem_items,701.3333333333334
s2,cert_wc,3,,,,group_cost.fragile,162.05555555555554
s2,cert_wc,3,,,,group_cost.robust,222.47444444444446
s2,cert_wc,3,,,,duplicate_rate,0.03571428571428571
s2,cert_wc,3,,,,comm_bits,409248.0
s2,cert_wc,3,,,,mem_items,676.0
s2,cert_wc_resv,3,,,,group_cost.fragile,162.02
s2,cert_wc_resv,3,,,,group_cost.robust,223.88222222222223
s2,cert_wc_resv,3,,,,duplicate_rate,0.0
s2,cert_wc_resv,3,,,,comm_bits,409248.0
s2,cert_wc_resv,3,,,,mem_items,676.0
s2,independent,4,,,,group_cost.fragile,143.61555555555555
s2,independent,4,,,,group_cost.robust,166.28333333333333
s2,independent,4,,,,duplicate_rate,0.02023121387283237
s2,independent,4,,,,comm_bits,0.0
s2,independent,4,,,,mem_items,220.66666666666666
s2,cert,4,,,,group_cost.fragile,167.6588888888889
s2,cert,4,,,,group_cost.robust,228.93555555555557
s2,cert,4,,,,duplicate_rate,0.03904923599320883
s2,cert,4,,,,comm_bits,409922.0
s2,cert,4,,,,mem_items,696.0
s2,cert_wc,4,,,,group_cost.fragile,160.33333333333334
s2,cert_wc,4,,,,group_cost.robust,209.0522222222222
s2,cert_wc,4,,,,duplicate_rate,0.03314285714285714
s2,cert_wc,4,,,,comm_bits,416710.0
s2,cert_wc,4,,,,mem_items,673.0
s2,cert_wc_resv,4,,,,group_cost.fragile,161.4922222222222
s2,cert_wc_resv,4,,,,group_cost.robust,210.01777777777778
s2,cert_wc_resv,4,,,,duplicate_rate,0.0
s2,cert_wc_resv,4,,,,comm_bits,416710.0
s2,cert_wc_resv,4,,,,mem_items,673.0
s2,independent,5,,,,group_cost.fragile,142.14333333333335
s2,independent,5,,,,group_cost.robust,163.5588888888889
s2,independent,5,,,,duplicate_rate,0.021350259665320254
s2,independent,5,,,,comm_bits,0.0
s2,independent,5,,,,mem_items,219.5
s2,cert,5,,,,group_cost.fragile,165.04666666666665
s2,cert,5,,,,group_cost.robust,227.15444444444444
s2,cert,5,,,,duplicate_rate,0.028764805414551606
s2,cert,5,,,,comm_bits,401412.0
s2,cert,5,,,,mem_items,702.1666666666666
s2,cert_wc,5,,,,group_cost.fragile,156.73
s2,cert_wc,5,,,,group_cost.robust,207.75666666666666
s2,cert_wc,5,,,,duplicate_rate,0.030113636363636363
s2,cert_wc,5,,,,comm_bits,391054.0
s2,cert_wc,5,,,,mem_items,673.8333333333334
s2,cert_wc_resv,5,,,,group_cost.fragile,156.0377777777778
s2,cert_wc_resv,5,,,,group_cost.robust,206.93444444444444
s2,cert_wc_resv,5,,,,duplicate_rate,0.0
s2,cert_wc_resv,5,,,,comm_bits,391054.0
s2,cert_wc_resv,5,,,,mem_items,673.8333333333334
s2,independent,6,,,,group_cost.fragile,151.3111111111111
s2,independent,6,,,,group_cost.robust,170.28
s2,independent,6,,,,duplicate_rate,0.019641825534373193
s2,independent,6,,,,comm_bits,0.0
s2,independent,6,,,,mem_items,220.16666666666666
s2,cert,6,,,,group_cost.fragile,169.7877777777778
s2,cert,6,,,,group_cost.robust,237.27777777777777
s2,cert,6,,,,duplicate_rate,0.02536640360766629
s2,cert,6,,,,comm_bits,406912.0
s2,cert,6,,,,mem_items,704.3333333333334
s2,cert_wc,6,,,,group_cost.fragile,160.31
s2,cert_wc,6,,,,group_cost.robust,220.83
s2,cert_wc,6,,,,duplicate_rate,0.025495750708215296
s2,cert_wc,6,,,,comm_bits,414282.0
s2,cert_wc,6,,,,mem_items,699.5
s2,cert_wc_resv,6,,,,group_cost.fragile,160.11
s2,cert_wc_resv,6,,,,group_cost.robust,222.09444444444443
s2,cert_wc_resv,6,,,,duplicate_rate,0.0
s2,cert_wc_resv,6,,,,comm_bits,414282.0
s2,cert_wc_resv,6,,,,mem_items,699.5
s2,independent,7,,,,group_cost.fragile,151.13333333333333
s2,independent,7,,,,group_cost.robust,172.01222222222222
s2,independent,7,,,,duplicate_rate,0.026806526806526808
s2,independent,7,,,,comm_bits,0.0
s2,independent,7,,,,mem_items,218.33333333333334
s2,cert,7,,,,group_cost.fragile,176.52333333333334
s2,cert,7,,,,group_cost.robust,240.54
s2,cert,7,,,,duplicate_rate,0.029943502824858758
s2,cert,7,,,,comm_bits,414652.0
s2,cert,7,,,,mem_items,705.6666666666666
s2,cert_wc,7,,,,group_cost.fragile,170.79666666666665
s2,cert_wc,7,,,,group_cost.robust,225.34
s2,cert_wc,7,,,,duplicate_rate,0.03176403857061826
s2,cert_wc,7,,,,comm_bits,409468.0
s2,cert_wc,7,,,,mem_items,682.5
s2,cert_wc_resv,7,,,,group_cost.fragile,171.2811111111111
s2,cert_wc_resv,7,,,,group_cost.robust,226.2888888888889
s2,cert_wc_resv,7,,,,duplicate_rate,0.0
s2,cert_wc_resv,7,,,,comm_bits,409468.0
s2,cert_wc_resv,7,,,,mem_items,682.5
s2,independent,8,,,,group_cost.fragile,154.7211111111111
s2,independent,8,,,,group_cost.robust,169.42888888888888
s2,independent,8,,,,duplicate_rate,0.02149912841371296
s2,independent,8,,,,comm_bits,0.0
s2,independent,8,,,,mem_items,220.0
s2,cert,8,,,,group_cost.fragile,169.89666666666668
s2,cert,8,,,,group_cost.robust,240.2488888888889
s2,cert,8,,,,duplicate_rate,0.027149321266968326
s2,cert,8,,,,comm_bits,413034.0
s2,cert,8,,,,mem_items,713.5
s2,cert_wc,8,,,,group_cost.fragile,158.95222222222222
s2,cert_wc,8,,,,group_cost.robust,223.4911111111111
s2,cert_wc,8,,,,duplicate_rate,0.023308698123934053
s2,cert_wc,8,,,,comm_bits,410820.0
s2,cert_wc,8,,,,mem_items,693.6666666666666
s2,cert_wc_resv,8,,,,group_cost.fragile,159.29444444444445
s2,cert_wc_resv,8,,,,group_cost.robust,221.74
s2,cert_wc_resv,8,,,,duplicate_rate,0.0
s2,cert_wc_resv,8,,,,comm_bits,410820.0
s2,cert_wc_resv,8,,,,mem_items,693.6666666666666
s2,independent,9,,,,group_cost.fragile,152.7488888888889
s2,independent,9,,,,group_cost.robust,172.92111111111112
s2,independent,9,,,,duplicate_rate,0.02161214953271028
s2,independent,9,,,,comm_bits,0.0
s2,independent,9,,,,mem_items,223.0
s2,cert,9,,,,group_cost.fragile,171.95
s2,cert,9,,,,group_cost.robust,242.78666666666666
s2,cert,9,,,,duplicate_rate,0.0248728094968909
s2,cert,9,,,,comm_bits,416720.0
s2,cert,9,,,,mem_items,732.5
s2,cert_wc,9,,,,group_cost.fragile,159.6
s2,cert_wc,9,,,,group_cost.robust,221.31222222222223
s2,cert_wc,9,,,,duplicate_rate,0.0244457077885162
s2,cert_wc,9,,,,comm_bits,400646.0
s2,cert_wc,9,,,,mem_items,697.8333333333334
s2,cert_wc_resv,9,,,,group_cost.fragile,159.6588888888889
s2,cert_wc_resv,9,,,,group_cost.robust,221.2811111111111
s2,cert_wc_resv,9,,,,duplicate_rate,0.0
s2,cert_wc_resv,9,,,,comm_bits,400646.0
s2,cert_wc_resv,9,,,,mem_items,697.8333333333334
s2,independent,0,,,,group_cost.fragile,201.2
s2,independent,0,,,,group_cost.robust,165.45
s2,independent,0,,,,duplicate_rate,0.0
s2,independent,0,,,,comm_bits,0.0
s2,independent,0,,,,mem_items,18.0
s2,cert,0,,,,group_cost.fragile,162.275
s2,cert,0,,,,group_cost.robust,150.35
s2,cert,0,,,,duplicate_rate,0.03636363636363636
s2,cert,0,,,,comm_bits,35358.0
s2,cert,0,,,,mem_items,46.5
s2,cert_wc,0,,,,group_cost.fragile,201.425
s2,cert_wc,0,,,,group_cost.robust,193.7
s2,cert_wc,0,,,,duplicate_rate,0.05
s2,cert_wc,0,,,,comm_bits,36370.0
s2,cert_wc,0,,,,mem_items,44.0
s2,cert_wc_resv,0,,,,group_cost.fragile,205.3
s2,cert_wc_resv,0,,,,group_cost.robust,193.075
s2,cert_wc_resv,0,,,,duplicate_rate,0.0
s2,cert_wc_resv,0,,,,comm_bits,36370.0
s2,cert_wc_resv,0,,,,mem_items,44.0
s2,independent,0,,,,group_cost.fragile,201.2
s2,independent,0,,,,group_cost.robust,165.45
s2,independent,0,,,,duplicate_rate,0.0
s2,independent,0,,,,comm_bits,0.0
s2,independent,0,,,,mem_items,18.0
s2,cert,0,,,,group_cost.fragile,162.275
s2,cert,0,,,,group_cost.robust,150.35
s2,cert,0,,,,duplicate_rate,0.03636363636363636
s2,cert,0,,,,comm_bits,35358.0
s2,cert,0,,,,mem_items,46.5
s2,cert_wc,0,,,,group_cost.fragile,190.9
s2,cert_wc,0,,,,group_cost.robust,178.525
s2,cert_wc,0,,,,duplicate_rate,0.04878048780487805
s2,cert_wc,0,,,,comm_bits,36884.0
s2,cert_wc,0,,,,mem_items,42.5
s2,cert_wc_resv,0,,,,group_cost.fragile,191.525
s2,cert_wc_resv,0,,,,group_cost.robust,183.9
s2,cert_wc_resv,0,,,,duplicate_rate,0.0
s2,cert_wc_resv,0,,,,comm_bits,36884.0
s2,cert_wc_resv,0,,,,mem_items,42.5
s3,independent,0,,,,group_cost.fragile,141.72333333333333
s3,independent,0,,,,group_cost.robust,170.92444444444445
s3,independent,0,,,,duplicate_rate,0.01853997682502897
s3,independent,0,,,,comm_bits,0.0
s3,independent,0,,,,mem_items,222.33333333333334
s3,independent,0,,,,quarantined,0.0
s3,cert_wc,0,,,,group_cost.fragile,163.92777777777778
s3,cert_wc,0,,,,group_cost.robust,217.60777777777778
s3,cert_wc,0,,,,duplicate_rate,0.029595902105862264
s3,cert_wc,0,,,,comm_bits,401386.0
s3,cert_wc,0,,,,mem_items,654.0
s3,cert_wc,0,,,,quarantined,0.0
s3,adm_visit,0,,,,group_cost.fragile,132.0222222222222
s3,adm_visit,0,,,,group_cost.robust,167.48555555555555
s3,adm_visit,0,,,,duplicate_rate,0.027475672581568404
s3,adm_visit,0,,,,comm_bits,502572.0
s3,adm_visit,0,,,,mem_items,393.6666666666667
s3,adm_visit,0,,,,quarantined,335.1666666666667
s3,adm_util,0,,,,group_cost.fragile,119.42444444444445
s3,adm_util,0,,,,group_cost.robust,136.54555555555555
s3,adm_util,0,,,,duplicate_rate,0.02558001189767995
s3,adm_util,0,,,,comm_bits,573868.0
s3,adm_util,0,,,,mem_items,234.0
s3,adm_util,0,,,,quarantined,579.6666666666666
s3,adm_util_resv,0,,,,group_cost.fragile,119.16555555555556
s3,adm_util_resv,0,,,,group_cost.robust,137.15444444444444
s3,adm_util_resv,0,,,,duplicate_rate,0.0
s3,adm_util_resv,0,,,,comm_bits,573868.0
s3,adm_util_resv,0,,,,mem_items,234.0
s3,adm_util_resv,0,,,,quarantined,579.6666666666666
s3,independent,1,,,,group_cost.fragile,146.82222222222222
s3,independent,1,,,,group_cost.robust,164.78333333333333
s3,independent,1,,,,duplicate_rate,0.02320185614849188
s3,independent,1,,,,comm_bits,0.0
s3,independent,1,,,,mem_items,217.0
s3,independent,1,,,,quarantined,0.0
s3,cert_wc,1,,,,group_cost.fragile,167.86888888888888
s3,cert_wc,1,,,,group_cost.robust,224.13222222222223
s3,cert_wc,1,,,,duplicate_rate,0.030525720746184284
s3,cert_wc,1,,,,comm_bits,413258.0
s3,cert_wc,1,,,,mem_items,695.8333333333334
s3,cert_wc,1,,,,quarantined,0.0
s3,adm_visit,1,,,,group_cost.fragile,133.76222222222222
s3,adm_visit,1,,,,group_cost.robust,168.13666666666666
s3,adm_visit,1,,,,duplicate_rate,0.022988505747126436
s3,adm_visit,1,,,,comm_bits,493314.0
s3,adm_visit,1,,,,mem_items,407.0
s3,adm_visit,1,,,,quarantined,350.1666666666667
s3,adm_util,1,,,,group_cost.fragile,120.74111111111111
s3,adm_util,1,,,,group_cost.robust,129.50444444444443
s3,adm_util,1,,,,duplicate_rate,0.02008269344359126
s3,adm_util,1,,,,comm_bits,548184.0
s3,adm_util,1,,,,mem_items,229.83333333333334
s3,adm_util,1,,,,quarantined,578.3333333333334
s3,adm_util_resv,1,,,,group_cost.fragile,120.75555555555556
s3,adm_util_resv,1,,,,group_cost.robust,130.70222222222222
s3,adm_util_resv,1,,,,duplicate_rate,0.0
s3,adm_util_resv,1,,,,comm_bits,548184.0
s3,adm_util_resv,1,,,,mem_items,229.83333333333334
s3,adm_util_resv,1,,,,quarantined,578.3333333333334
s3,independent,10,,,,group_cost.fragile,143.78555555555556
s3,independent,10,,,,group_cost.robust,168.0011111111111
s3,independent,10,,,,duplicate_rate,0.02558139534883721
s3,independent,10,,,,comm_bits,0.0
s3,independent,10,,,,mem_items,215.5
s3,independent,10,,,,quarantined,0.0
s3,cert_wc,10,,,,group_cost.fragile,157.38666666666666
s3,cert_wc,10,,,,group_cost.robust,212.23333333333332
s3,cert_wc,10,,,,duplicate_rate,0.027888446215139442
s3,cert_wc,10,,,,comm_bits,401272.0
s3,cert_wc,10,,,,mem_items,681.1666666666666
s3,cert_wc,10,,,,quarantined,0.0
s3,adm_visit,10,,,,group_cost.fragile,132.12555555555556
s3,adm_visit,10,,,,group_cost.robust,160.24777777777777
s3,adm_visit,10,,,,duplicate_rate,0.023509174311926607
s3,adm_visit,10,,,,comm_bits,483950.0
s3,adm_visit,10,,,,mem_items,393.8333333333333
s3,adm_visit,10,,,,quarantined,339.0
s3,adm_util,10,,,,group_cost.fragile,119.16222222222223
s3,adm_util,10,,,,group_cost.robust,134.30777777777777
s3,adm_util,10,,,,duplicate_rate,0.026128266033254157
s3,adm_util,10,,,,comm_bits,544280.0
s3,adm_util,10,,,,mem_items,228.16666666666666
s3,adm_util,10,,,,quarantined,577.1666666666666
s3,adm_util_resv,10,,,,group_cost.fragile,119.85333333333334
s3,adm_util_resv,10,,,,group_cost.robust,135.67444444444445
s3,adm_util_resv,10,,,,duplicate_rate,0.0
s3,adm_util_resv,10,,,,comm_bits,544280.0
s3,adm_util_resv,10,,,,mem_items,228.16666666666666
s3,adm_util_resv,10,,,,quarantined,577.1666666666666
s3,independent,11,,,,group_cost.fragile,153.34333333333333
s3,independent,11,,,,group_cost.robust,174.99
s3,independent,11,,,,duplicate_rate,0.018561484918793503
s3,independent,11,,,,comm_bits,0.0
s3,independent,11,,,,mem_items,222.0
s3,independent,11,,,,quarantined,0.0
s3,cert_wc,11,,,,group_cost.fragile,154.93333333333334
s3,cert_wc,11,,,,group_cost.robust,219.33555555555554
s3,cert_wc,11,,,,duplicate_rate,0.02873239436619718
s3,cert_wc,11,,,,comm_bits,411024.0
s3,cert_wc,11,,,,mem_items,715.5
s3,cert_wc,11,,,,quarantined,0.0
s3,adm_visit,11,,,,group_cost.fragile,130.57
s3,adm_visit,11,,,,group_cost.robust,169.39888888888888
s3,adm_visit,11,,,,duplicate_rate,0.019384264538198404
s3,adm_visit,11,,,,comm_bits,518478.0
s3,adm_visit,11,,,,mem_items,425.3333333333333
s3,adm_visit,11,,,,quarantined,367.6666666666667
s3,adm_util,11,,,,group_cost.fragile,116.75222222222222
s3,adm_util,11,,,,group_cost.robust,128.26222222222222
s3,adm_util,11,,,,duplicate_rate,0.019767441860465116
s3,adm_util,11,,,,comm_bits,558572.0
s3,adm_util,11,,,,mem_items,233.66666666666666
s3,adm_util,11,,,,quarantined,597.6666666666666
s3,adm_util_resv,11,,,,group_cost.fragile,117.53555555555556
s3,adm_util_resv,11,,,,group_cost.robust,128.52555555555554
s3,adm_util_resv,11,,,,duplicate_rate,0.0
s3,adm_util_resv,11,,,,comm_bits,558572.0
s3,adm_util_resv,11,,,,mem_items,233.66666666666666
s3,adm_util_resv,11,,,,quarantined,597.6666666666666
s3,independent,2,,,,group_cost.fragile,151.48888888888888
s3,independent,2,,,,group_cost.robust,179.2
s3,independent,2,,,,duplicate_rate,0.02149912841371296
s3,independent,2,,,,comm_bits,0.0
s3,independent,2,,,,mem_items,227.83333333333334
s3,independent,2,,,,quarantined,0.0
s3,cert_wc,2,,,,group_cost.fragile,177.59222222222223
s3,cert_wc,2,,,,group_cost.robust,241.45555555555555
s3,cert_wc,2,,,,duplicate_rate,0.030045351473922902
s3,cert_wc,2,,,,comm_bits,406448.0
s3,cert_wc,2,,,,mem_items,712.6666666666666
s3,cert_wc,2,,,,quarantined,0.0
s3,adm_visit,2,,,,group_cost.fragile,141.74666666666667
s3,adm_visit,2,,,,group_cost.robust,178.36111111111111
s3,adm_visit,2,,,,duplicate_rate,0.02517162471395881
s3,adm_visit,2,,,,comm_bits,518982.0
s3,adm_visit,2,,,,mem_items,409.5
s3,adm_visit,2,,,,quarantined,389.0
s3,adm_util,2,,,,group_cost.fragile,121.63333333333334
s3,adm_util,2,,,,group_cost.robust,138.7
s3,adm_util,2,,,,duplicate_rate,0.017028772753963594
s3,adm_util,2,,,,comm_bits,562696.0
s3,adm_util,2,,,,mem_items,237.83333333333334
s3,adm_util,2,,,,quarantined,626.3333333333334
s3,adm_util_resv,2,,,,group_cost.fragile,123.11333333333333
s3,adm_util_resv,2,,,,group_cost.robust,138.51444444444445
s3,adm_util_resv,2,,,,duplicate_rate,0.0
s3,adm_util_resv,2,,,,comm_bits,562696.0
s3,adm_util_resv,2,,,,mem_items,237.83333333333334
s3,adm_util_resv,2,,,,quarantined,626.3333333333334
s3,independent,3,,,,group_cost.fragile,145.15666666666667
s3,independent,3,,,,group_cost.robust,176.9311111111111
s3,independent,3,,,,duplicate_rate,0.016831108531630876
s3,independent,3,,,,comm_bits,0.0
s3,independent,3,,,,mem_items,219.83333333333334
s3,independent,3,,,,quarantined,0.0
s3,cert_wc,3,,,,group_cost.fragile,162.05555555555554
s3,cert_wc,3,,,,group_cost.robust,222.47444444444446
s3,cert_wc,3,,,,duplicate_rate,0.03571428571428571
s3,cert_wc,3,,,,comm_bits,409248.0
s3,cert_wc,3,,,,mem_items,676.0
s3,cert_wc,3,,,,quarantined,0.0
s3,adm_visit,3,,,,group_cost.fragile,142.36444444444444
s3,adm_visit,3,,,,group_cost.robust,165.8
s3,adm_visit,3,,,,duplicate_rate,0.02288329519450801
s3,adm_visit,3,,,,comm_bits,509744.0
s3,adm_visit,3,,,,mem_items,391.0
s3,adm_visit,3,,,,quarantined,401.5
s3,adm_util,3,,,,group_cost.fragile,117.09444444444445
s3,adm_util,3,,,,group_cost.robust,140.90777777777777
s3,adm_util,3,,,,duplicate_rate,0.024691358024691357
s3,adm_util,3,,,,comm_bits,549918.0
s3,adm_util,3,,,,mem_items,228.5
s3,adm_util,3,,,,quarantined,612.3333333333334
s3,adm_util_resv,3,,,,group_cost.fragile,117.92888888888889
s3,adm_util_resv,3,,,,group_cost.robust,141.93
s3,adm_util_resv,3,,,,duplicate_rate,0.0
s3,adm_util_resv,3,,,,comm_bits,549918.0
s3,adm_util_resv,3,,,,mem_items,228.5
s3,adm_util_resv,3,,,,quarantined,612.3333333333334
s3,independent,4,,,,group_cost.fragile,143.61555555555555
s3,independent,4,,,,group_cost.robust,166.28333333333333
s3,independent,4,,,,duplicate_rate,0.02023121387283237
s3,independent,4,,,,comm_bits,0.0
s3,independent,4,,,,mem_items,220.66666666666666
s3,independent,4,,,,quarantined,0.0
s3,cert_wc,4,,,,group_cost.fragile,160.33333333333334
s3,cert_wc,4,,,,group_cost.robust,209.0522222222222
s3,cert_wc,4,,,,duplicate_rate,0.03314285714285714
s3,cert_wc,4,,,,comm_bits,416710.0
s3,cert_wc,4,,,,mem_items,673.0
s3,cert_wc,4,,,,quarantined,0.0
s3,adm_visit,4,,,,group_cost.fragile,140.97333333333333
s3,adm_visit,4,,,,group_cost.robust,162.03555555555556
s3,adm_visit,4,,,,duplicate_rate,0.024869866975130134
s3,adm_visit,4,,,,comm_bits,513080.0
s3,adm_visit,4,,,,mem_items,410.3333333333333
s3,adm_visit,4,,,,quarantined,341.8333333333333
s3,adm_util,4,,,,group_cost.fragile,120.24
s3,adm_util,4,,,,group_cost.robust,131.02333333333334
s3,adm_util,4,,,,duplicate_rate,0.017921146953405017
s3,adm_util,4,,,,comm_bits,574998.0
s3,adm_util,4,,,,mem_items,235.16666666666666
s3,adm_util,4,,,,quarantined,573.1666666666666
s3,adm_util_resv,4,,,,group_cost.fragile,120.33333333333333
s3,adm_util_resv,4,,,,group_cost.robust,132.08777777777777
s3,adm_util_resv,4,,,,duplicate_rate,0.0
s3,adm_util_resv,4,,,,comm_bits,574998.0
s3,adm_util_resv,4,,,,mem_items,235.16666666666666
s3,adm_util_resv,4,,,,quarantined,573.1666666666666
s3,independent,5,,,,group_cost.fragile,142.14333333333335
s3,independent,5,,,,group_cost.robust,163.5588888888889
s3,independent,5,,,,duplicate_rate,0.021350259665320254
s3,independent,5,,,,comm_bits,0.0
s3,independent,5,,,,mem_items,219.5
s3,independent,5,,,,quarantined,0.0
s3,cert_wc,5,,,,group_cost.fragile,156.73
s3,cert_wc,5,,,,group_cost.robust,207.75666666666666
s3,cert_wc,5,,,,duplicate_rate,0.030113636363636363
s3,cert_wc,5,,,,comm_bits,391054.0
s3,cert_wc,5,,,,mem_items,673.8333333333334
s3,cert_wc,5,,,,quarantined,0.0
s3,adm_visit,5,,,,group_cost.fragile,136.31
s3,adm_visit,5,,,,group_cost.robust,160.91333333333333
s3,adm_visit,5,,,,duplicate_rate,0.02364475201845444
s3,adm_visit,5,,,,comm_bits,516986.0
s3,adm_visit,5,,,,mem_items,403.0
s3,adm_visit,5,,,,quarantined,390.0
s3,adm_util,5,,,,group_cost.fragile,117.7
s3,adm_util,5,,,,group_cost.robust,130.70777777777778
s3,adm_util,5,,,,duplicate_rate,0.024061032863849766
s3,adm_util,5,,,,comm_bits,553394.0
s3,adm_util,5,,,,mem_items,230.5
s3,adm_util,5,,,,quarantined,603.3333333333334
s3,adm_util_resv,5,,,,group_cost.fragile,118.80555555555556
s3,adm_util_resv,5,,,,group_cost.robust,130.49555555555557
s3,adm_util_resv,5,,,,duplicate_rate,0.0
s3,adm_util_resv,5,,,,comm_bits,553394.0
s3,adm_util_resv,5,,,,mem_items,230.5
s3,adm_util_resv,5,,,,quarantined,603.3333333333334
s3,independent,6,,,,group_cost.fragile,151.3111111111111
s3,independent,6,,,,group_cost.robust,170.28
s3,independent,6,,,,duplicate_rate,0.019641825534373193
s3,independent,6,,,,comm_bits,0.0
s3,independent,6,,,,mem_items,220.16666666666666
s3,independent,6,,,,quarantined,0.0
s3,cert_wc,6,,,,group_cost.fragile,160.31
s3,cert_wc,6,,,,group_cost.robust,220.83
s3,cert_wc,6,,,,duplicate_rate,0.025495750708215296
s3,cert_wc,6,,,,comm_bits,414282.0
s3,cert_wc,6,,,,mem_items,699.5
s3,cert_wc,6,,,,quarantined,0.0
s3,adm_visit,6,,,,group_cost.fragile,131.98666666666668
s3,adm_visit,6,,,,group_cost.robust,175.07111111111112
s3,adm_visit,6,,,,duplicate_rate,0.020161290322580645
s3,adm_visit,6,,,,comm_bits,521290.0
s3,adm_visit,6,,,,mem_items,415.8333333333333
s3,adm_visit,6,,,,quarantined,355.3333333333333
s3,adm_util,6,,,,group_cost.fragile,115.99111111111111
s3,adm_util,6,,,,group_cost.robust,134.68555555555557
s3,adm_util,6,,,,duplicate_rate,0.01904761904761905
s3,adm_util,6,,,,comm_bits,570296.0
s3,adm_util,6,,,,mem_items,235.33333333333334
s3,adm_util,6,,,,quarantined,587.5
s3,adm_util_resv,6,,,,group_cost.fragile,116.18444444444444
s3,adm_util_resv,6,,,,group_cost.robust,135.79444444444445
s3,adm_util_resv,6,,,,duplicate_rate,0.0
s3,adm_util_resv,6,,,,comm_bits,570296.0
s3,adm_util_resv,6,,,,mem_items,235.33333333333334
s3,adm_util_resv,6,,,,quarantined,587.5
s3,independent,7,,,,group_cost.fragile,151.13333333333333
s3,independent,7,,,,group_cost.robust,172.01222222222222
s3,independent,7,,,,duplicate_rate,0.026806526806526808
s3,independent,7,,,,comm_bits,0.0
s3,independent,7,,,,mem_items,218.33333333333334
s3,independent,7,,,,quarantined,0.0
s3,cert_wc,7,,,,group_cost.fragile,170.79666666666665
s3,cert_wc,7,,,,group_cost.robust,225.34
s3,cert_wc,7,,,,duplicate_rate,0.03176403857061826
s3,cert_wc,7,,,,comm_bits,409468.0
s3,cert_wc,7,,,,mem_items,682.5
s3,cert_wc,7,,,,quarantined,0.0
s3,adm_visit,7,,,,group_cost.fragile,138.12777777777777
s3,adm_visit,7,,,,group_cost.robust,171.17222222222222
s3,adm_visit,7,,,,duplicate_rate,0.02986789201608271
s3,adm_visit,7,,,,comm_bits,509294.0
s3,adm_visit,7,,,,mem_items,404.1666666666667
s3,adm_visit,7,,,,quarantined,342.0
s3,adm_util,7,,,,group_cost.fragile,114.66777777777777
s3,adm_util,7,,,,group_cost.robust,131.3711111111111
s3,adm_util,7,,,,duplicate_rate,0.029028436018957347
s3,adm_util,7,,,,comm_bits,557166.0
s3,adm_util,7,,,,mem_items,233.66666666666666
s3,adm_util,7,,,,quarantined,588.5
s3,adm_util_resv,7,,,,group_cost.fragile,115.39666666666666
s3,adm_util_resv,7,,,,group_cost.robust,132.14555555555555
s3,adm_util_resv,7,,,,duplicate_rate,0.0
s3,adm_util_resv,7,,,,comm_bits,557166.0
s3,adm_util_resv,7,,,,mem_items,233.66666666666666
s3,adm_util_resv,7,,,,quarantined,588.5
s3,independent,8,,,,group_cost.fragile,154.7211111111111
s3,independent,8,,,,group_cost.robust,169.42888888888888
s3,independent,8,,,,duplicate_rate,0.02149912841371296
s3,independent,8,,,,comm_bits,0.0
s3,independent,8,,,,mem_items,220.0
s3,independent,8,,,,quarantined,0.0
s3,cert_wc,8,,,,group_cost.fragile,158.95222222222222
s3,cert_wc,8,,,,group_cost.robust,223.4911111111111
s3,cert_wc,8,,,,duplicate_rate,0.023308698123934053
s3,cert_wc,8,,,,comm_bits,410820.0
s3,cert_wc,8,,,,mem_items,693.6666666666666
s3,cert_wc,8,,,,quarantined,0.0
s3,adm_visit,8,,,,group_cost.fragile,133.49555555555557
s3,adm_visit,8,,,,group_cost.robust,177.48
s3,adm_visit,8,,,,duplicate_rate,0.020737327188940093
s3,adm_visit,8,,,,comm_bits,502212.0
s3,adm_visit,8,,,,mem_items,419.6666666666667
s3,adm_visit,8,,,,quarantined,325.3333333333333
s3,adm_util,8,,,,group_cost.fragile,115.49333333333334
s3,adm_util,8,,,,group_cost.robust,139.32888888888888
s3,adm_util,8,,,,duplicate_rate,0.020190023752969122
s3,adm_util,8,,,,comm_bits,565654.0
s3,adm_util,8,,,,mem_items,232.5
s3,adm_util,8,,,,quarantined,575.6666666666666
s3,adm_util_resv,8,,,,group_cost.fragile,117.16111111111111
s3,adm_util_resv,8,,,,group_cost.robust,139.4011111111111
s3,adm_util_resv,8,,,,duplicate_rate,0.0
s3,adm_util_resv,8,,,,comm_bits,565654.0
s3,adm_util_resv,8,,,,mem_items,232.5
s3,adm_util_resv,8,,,,quarantined,575.6666666666666
s3,independent,9,,,,group_cost.fragile,152.7488888888889
s3,independent,9,,,,group_cost.robust,172.92111111111112
s3,independent,9,,,,duplicate_rate,0.02161214953271028
s3,independent,9,,,,comm_bits,0.0
s3,independent,9,,,,mem_items,223.0
s3,independent,9,,,,quarantined,0.0
s3,cert_wc,9,,,,group_cost.fragile,159.6
s3,cert_wc,9,,,,group_cost.robust,221.31222222222223
s3,cert_wc,9,,,,duplicate_rate,0.0244457077885162
s3,cert_wc,9,,,,comm_bits,400646.0
s3,cert_wc,9,,,,mem_items,697.8333333333334
s3,cert_wc,9,,,,quarantined,0.0
s3,adm_visit,9,,,,group_cost.fragile,137.19
s3,adm_visit,9,,,,group_cost.robust,172.94555555555556
s3,adm_visit,9,,,,duplicate_rate,0.031070195627157654
s3,adm_visit,9,,,,comm_bits,495574.0
s3,adm_visit,9,,,,mem_items,400.3333333333333
s3,adm_visit,9,,,,quarantined,357.8333333333333
s3,adm_util,9,,,,group_cost.fragile,121.84333333333333
s3,adm_util,9,,,,group_cost.robust,135.73111111111112
s3,adm_util,9,,,,duplicate_rate,0.024103468547912992
s3,adm_util,9,,,,comm_bits,577564.0
s3,adm_util,9,,,,mem_items,236.0
s3,adm_util,9,,,,quarantined,607.8333333333334
s3,adm_util_resv,9,,,,group_cost.fragile,122.83111111111111
s3,adm_util_resv,9,,,,group_cost.robust,136.35111111111112
s3,adm_util_resv,9,,,,duplicate_rate,0.0
s3,adm_util_resv,9,,,,comm_bits,577564.0
s3,adm_util_resv,9,,,,mem_items,236.0
s3,adm_util_resv,9,,,,quarantined,607.8333333333334
s3,independent,0,,,,group_cost.fragile,241.725
s3,independent,0,,,,group_cost.robust,211.35
s3,independent,0,,,,duplicate_rate,0.0
s3,independent,0,,,,comm_bits,0.0
s3,independent,0,,,,mem_items,18.0
s3,independent,0,,,,quarantined,0.0
s3,cert_wc,0,,,,group_cost.fragile,190.9
s3,cert_wc,0,,,,group_cost.robust,178.525
s3,cert_wc,0,,,,duplicate_rate,0.04878048780487805
s3,cert_wc,0,,,,comm_bits,36884.0
s3,cert_wc,0,,,,mem_items,42.5
s3,cert_wc,0,,,,quarantined,0.0
s3,adm_visit,0,,,,group_cost.fragile,212.3
s3,adm_visit,0,,,,group_cost.robust,185.7
s3,adm_visit,0,,,,duplicate_rate,0.02702702702702703
s3,adm_visit,0,,,,comm_bits,38596.0
s3,adm_visit,0,,,,mem_items,29.5
s3,adm_visit,0,,,,quarantined,12.5
s3,adm_util,0,,,,group_cost.fragile,223.9
s3,adm_util,0,,,,group_cost.robust,200.875
s3,adm_util,0,,,,duplicate_rate,0.0
s3,adm_util,0,,,,comm_bits,32396.0
s3,adm_util,0,,,,mem_items,18.0
s3,adm_util,0,,,,quarantined,30.0
s3,adm_util_resv,0,,,,group_cost.fragile,223.9
s3,adm_util_resv,0,,,,group_cost.robust,200.875
s3,adm_util_resv,0,,,,duplicate_rate,0.0
s3,adm_util_resv,0,,,,comm_bits,32396.0
s3,adm_util_resv,0,,,,mem_items,18.0
s3,adm_util_resv,0,,,,quarantined,30.0
s3,independent,0,,,,group_cost.fragile,201.2
s3,independent,0,,,,group_cost.robust,165.45
s3,independent,0,,,,duplicate_rate,0.0
s3,independent,0,,,,comm_bits,0.0
s3,independent,0,,,,mem_items,18.0
s3,independent,0,,,,quarantined,0.0
s3,cert_wc,0,,,,group_cost.fragile,190.9
s3,cert_wc,0,,,,group_cost.robust,178.525
s3,cert_wc,0,,,,duplicate_rate,0.04878048780487805
s3,cert_wc,0,,,,comm_bits,36884.0
s3,cert_wc,0,,,,mem_items,42.5
s3,cert_wc,0,,,,quarantined,0.0
s3,adm_visit,0,,,,group_cost.fragile,212.3
s3,adm_visit,0,,,,group_cost.robust,185.7
s3,adm_visit,0,,,,duplicate_rate,0.02702702702702703
s3,adm_visit,0,,,,comm_bits,38596.0
s3,adm_visit,0,,,,mem_items,29.5
s3,adm_visit,0,,,,quarantined,12.5
s3,adm_util,0,,,,group_cost.fragile,223.9
s3,adm_util,0,,,,group_cost.robust,200.875
s3,adm_util,0,,,,duplicate_rate,0.0
s3,adm_util,0,,,,comm_bits,32396.0
s3,adm_util,0,,,,mem_items,18.0
s3,adm_util,0,,,,quarantined,30.0
s3,adm_util_resv,0,,,,group_cost.fragile,223.9
s3,adm_util_resv,0,,,,group_cost.robust,200.875
s3,adm_util_resv,0,,,,duplicate_rate,0.0
s3,adm_util_resv,0,,,,comm_bits,32396.0
s3,adm_util_resv,0,,,,mem_items,18.0
s3,adm_util_resv,0,,,,quarantined,30.0
u7,u7,0,,,1000,battery,36.0
u7,u7,0,,,1000,arms.raw.roles.fragile.mean_cost,126.91666666666667
u7,u7,0,,,1000,arms.raw.roles.fragile.phantom_rate,1.0
u7,u7,0,,,1000,arms.raw.roles.fragile.conflict_phantoms,22.0
u7,u7,0,,,1000,arms.raw.roles.robust.mean_cost,207.44444444444446
u7,u7,0,,,1000,arms.raw.roles.robust.phantom_rate,1.0
u7,u7,0,,,1000,arms.raw.roles.robust.conflict_phantoms,22.0
u7,u7,0,,,1000,arms.raw.n_items,1000.0
u7,u7,0,,,1000,arms.raw.bits,336744.0
u7,u7,0,,,1000,arms.vector.roles.fragile.mean_cost,277.1111111111111
u7,u7,0,,,1000,arms.vector.roles.fragile.phantom_rate,0.08333333333333333
u7,u7,0,,,1000,arms.vector.roles.fragile.conflict_phantoms,2.0
u7,u7,0,,,1000,arms.vector.roles.robust.mean_cost,254.58333333333334
u7,u7,0,,,1000,arms.vector.roles.robust.phantom_rate,0.08333333333333333
u7,u7,0,,,1000,arms.vector.roles.robust.conflict_phantoms,2.0
u7,u7,0,,,1000,arms.vector.n_items,530.0
u7,u7,0,,,1000,arms.vector.bits,175382.0
u7,u7,0,,,1000,arms.rir.roles.fragile.mean_cost,269.47222222222223
u7,u7,0,,,1000,arms.rir.roles.fragile.phantom_rate,0.16666666666666666
u7,u7,0,,,1000,arms.rir.roles.fragile.conflict_phantoms,2.0
u7,u7,0,,,1000,arms.rir.roles.robust.mean_cost,248.25
u7,u7,0,,,1000,arms.rir.roles.robust.phantom_rate,0.16666666666666666
u7,u7,0,,,1000,arms.rir.roles.robust.conflict_phantoms,2.0
u7,u7,0,,,1000,arms.rir.n_items,1000.0
u7,u7,0,,,1000,arms.rir.bits,336744.0
u7,u7,0,,,1000,arms.snapshot.roles.fragile.mean_cost,289.02777777777777
u7,u7,0,,,1000,arms.snapshot.roles.fragile.phantom_rate,0.0
u7,u7,0,,,1000,arms.snapshot.roles.fragile.conflict_phantoms,0.0
u7,u7,0,,,1000,arms.snapshot.roles.robust.mean_cost,263.0833333333333
u7,u7,0,,,1000,arms.snapshot.roles.robust.phantom_rate,0.0
u7,u7,0,,,1000,arms.snapshot.roles.robust.conflict_phantoms,0.0
u7,u7,0,,,1000,arms.snapshot.n_items,1000.0
u7,u7,0,,,1000,arms.snapshot.bits,5188418.0
u7,u7,0,,,1000,arms.utility.roles.fragile.mean_cost,129.66666666666666
u7,u7,0,,,1000,arms.utility.roles.fragile.phantom_rate,0.9722222222222222
u7,u7,0,,,1000,arms.utility.roles.fragile.conflict_phantoms,22.0
u7,u7,0,,,1000,arms.utility.roles.robust.mean_cost,201.83333333333334
u7,u7,0,,,1000,arms.utility.roles.robust.phantom_rate,0.9722222222222222
u7,u7,0,,,1000,arms.utility.roles.robust.conflict_phantoms,22.0
u7,u7,0,,,1000,arms.utility.n_items,445.0
u7,u7,0,,,1000,arms.utility.bits,150862.0
u7,u7,0,,,1000,arms.analogy.roles.fragile.mean_cost,91.72222222222223
u7,u7,0,,,1000,arms.analogy.roles.fragile.phantom_rate,0.8611111111111112
u7,u7,0,,,1000,arms.analogy.roles.fragile.conflict_phantoms,17.0
u7,u7,0,,,1000,arms.analogy.roles.robust.mean_cost,145.91666666666666
u7,u7,0,,,1000,arms.analogy.roles.robust.phantom_rate,0.8611111111111112
u7,u7,0,,,1000,arms.analogy.roles.robust.conflict_phantoms,17.0
u7,u7,0,,,1000,arms.analogy.n_items,488.0
u7,u7,0,,,1000,arms.analogy.bits,165260.0
u7,u7,0,,,1000,arms.ucsm.roles.fragile.mean_cost,103.91666666666667
u7,u7,0,,,1000,arms.ucsm.roles.fragile.phantom_rate,0.9444444444444444
u7,u7,0,,,1000,arms.ucsm.roles.fragile.conflict_phantoms,20.0
u7,u7,0,,,1000,arms.ucsm.roles.robust.mean_cost,164.41666666666666
u7,u7,0,,,1000,arms.ucsm.roles.robust.phantom_rate,0.9444444444444444
u7,u7,0,,,1000,arms.ucsm.roles.robust.conflict_phantoms,20.0
u7,u7,0,,,1000,arms.ucsm.n_items,420.0
u7,u7,0,,,1000,arms.ucsm.bits,142296.0
u7,u7,1,,,1000,battery,36.0
u7,u7,1,,,1000,arms.raw.roles.fragile.mean_cost,140.19444444444446
u7,u7,1,,,1000,arms.raw.roles.fragile.phantom_rate,0.9444444444444444
u7,u7,1,,,1000,arms.raw.roles.fragile.conflict_phantoms,15.0
u7,u7,1,,,1000,arms.raw.roles.robust.mean_cost,208.13888888888889
u7,u7,1,,,1000,arms.raw.roles.robust.phantom_rate,0.9444444444444444
u7,u7,1,,,1000,arms.raw.roles.robust.conflict_phantoms,15.0
u7,u7,1,,,1000,arms.raw.n_items,1000.0
u7,u7,1,,,1000,arms.raw.bits,339476.0
u7,u7,1,,,1000,arms.vector.roles.fragile.mean_cost,211.16666666666666
u7,u7,1,,,1000,arms.vector.roles.fragile.phantom_rate,0.2777777777777778
u7,u7,1,,,1000,arms.vector.roles.fragile.conflict_phantoms,6.0
u7,u7,1,,,1000,arms.vector.roles.robust.mean_cost,199.83333333333334
u7,u7,1,,,1000,arms.vector.roles.robust.phantom_rate,0.2777777777777778
u7,u7,1,,,1000,arms.vector.roles.robust.conflict_phantoms,6.0
u7,u7,1,,,1000,arms.vector.n_items,557.0
u7,u7,1,,,1000,arms.vector.bits,187106.0
u7,u7,1,,,1000,arms.rir.roles.fragile.mean_cost,238.33333333333334
u7,u7,1,,,1000,arms.rir.roles.fragile.phantom_rate,0.19444444444444445
u7,u7,1,,,1000,arms.rir.roles.fragile.conflict_phantoms,5.0
u7,u7,1,,,1000,arms.rir.roles.robust.mean_cost,220.36111111111111
u7,u7,1,,,1000,arms.rir.roles.robust.phantom_rate,0.19444444444444445
u7,u7,1,,,1000,arms.rir.roles.robust.conflict_phantoms,5.0
u7,u7,1,,,1000,arms.rir.n_items,1000.0
u7,u7,1,,,1000,arms.rir.bits,339476.0
u7,u7,1,,,1000,arms.snapshot.roles.fragile.mean_cost,247.38888888888889
u7,u7,1,,,1000,arms.snapshot.roles.fragile.phantom_rate,0.0
u7,u7,1,,,1000,arms.snapshot.roles.fragile.conflict_phantoms,0.0
u7,u7,1,,,1000,arms.snapshot.roles.robust.mean_cost,227.72222222222223
u7,u7,1,,,1000,arms.snapshot.roles.robust.phantom_rate,0.0
u7,u7,1,,,1000,arms.snapshot.roles.robust.conflict_phantoms,0.0
u7,u7,1,,,1000,arms.snapshot.n_items,1000.0
u7,u7,1,,,1000,arms.snapshot.bits,5212898.0
u7,u7,1,,,1000,arms.utility.roles.fragile.mean_cost,140.22222222222223
u7,u7,1,,,1000,arms.utility.roles.fragile.phantom_rate,0.9722222222222222
u7,u7,1,,,1000,arms.utility.roles.fragile.conflict_phantoms,15.0
u7,u7,1,,,1000,arms.utility.roles.robust.mean_cost,204.41666666666666
u7,u7,1,,,1000,arms.utility.roles.robust.phantom_rate,0.9722222222222222
u7,u7,1,,,1000,arms.utility.roles.robust.conflict_phantoms,15.0
u7,u7,1,,,1000,arms.utility.n_items,476.0
u7,u7,1,,,1000,arms.utility.bits,162166.0
u7,u7,1,,,1000,arms.analogy.roles.fragile.mean_cost,172.25
u7,u7,1,,,1000,arms.analogy.roles.fragile.phantom_rate,0.9722222222222222
u7,u7,1,,,1000,arms.analogy.roles.fragile.conflict_phantoms,15.0
u7,u7,1,,,1000,arms.analogy.roles.robust.mean_cost,250.52777777777777
u7,u7,1,,,1000,arms.analogy.roles.robust.phantom_rate,0.9722222222222222
u7,u7,1,,,1000,arms.analogy.roles.robust.conflict_phantoms,15.0
u7,u7,1,,,1000,arms.analogy.n_items,535.0
u7,u7,1,,,1000,arms.analogy.bits,182406.0
u7,u7,1,,,1000,arms.ucsm.roles.fragile.mean_cost,157.94444444444446
u7,u7,1,,,1000,arms.ucsm.roles.fragile.phantom_rate,0.9444444444444444
u7,u7,1,,,1000,arms.ucsm.roles.fragile.conflict_phantoms,15.0
u7,u7,1,,,1000,arms.ucsm.roles.robust.mean_cost,231.83333333333334
u7,u7,1,,,1000,arms.ucsm.roles.robust.phantom_rate,0.9444444444444444
u7,u7,1,,,1000,arms.ucsm.roles.robust.conflict_phantoms,15.0
u7,u7,1,,,1000,arms.ucsm.n_items,449.0
u7,u7,1,,,1000,arms.ucsm.bits,153816.0
u7,u7,10,,,1000,battery,36.0
u7,u7,10,,,1000,arms.raw.roles.fragile.mean_cost,152.5
u7,u7,10,,,1000,arms.raw.roles.fragile.phantom_rate,0.9722222222222222
u7,u7,10,,,1000,arms.raw.roles.fragile.conflict_phantoms,14.0
u7,u7,10,,,1000,arms.raw.roles.robust.mean_cost,236.55555555555554
u7,u7,10,,,1000,arms.raw.roles.robust.phantom_rate,0.9722222222222222
u7,u7,10,,,1000,arms.raw.roles.robust.conflict_phantoms,14.0
u7,u7,10,,,1000,arms.raw.n_items,1000.0
u7,u7,10,,,1000,arms.raw.bits,340410.0
u7,u7,10,,,1000,arms.vector.roles.fragile.mean_cost,225.05555555555554
u7,u7,10,,,1000,arms.vector.roles.fragile.phantom_rate,0.2222222222222222
u7,u7,10,,,1000,arms.vector.roles.fragile.conflict_phantoms,2.0
u7,u7,10,,,1000,arms.vector.roles.robust.mean_cost,208.52777777777777
u7,u7,10,,,1000,arms.vector.roles.robust.phantom_rate,0.2222222222222222
u7,u7,10,,,1000,arms.vector.roles.robust.conflict_phantoms,2.0
u7,u7,10,,,1000,arms.vector.n_items,555.0
u7,u7,10,,,1000,arms.vector.bits,185786.0
u7,u7,10,,,1000,arms.rir.roles.fragile.mean_cost,250.75
u7,u7,10,,,1000,arms.rir.roles.fragile.phantom_rate,0.027777777777777776
u7,u7,10,,,1000,arms.rir.roles.fragile.conflict_phantoms,0.0
u7,u7,10,,,1000,arms.rir.roles.robust.mean_cost,231.88888888888889
u7,u7,10,,,1000,arms.rir.roles.robust.phantom_rate,0.027777777777777776
u7,u7,10,,,1000,arms.rir.roles.robust.conflict_phantoms,0.0
u7,u7,10,,,1000,arms.rir.n_items,1000.0
u7,u7,10,,,1000,arms.rir.bits,340410.0
u7,u7,10,,,1000,arms.snapshot.roles.fragile.mean_cost,245.38888888888889
u7,u7,10,,,1000,arms.snapshot.roles.fragile.phantom_rate,0.05555555555555555
u7,u7,10,,,1000,arms.snapshot.roles.fragile.conflict_phantoms,2.0
u7,u7,10,,,1000,arms.snapshot.roles.robust.mean_cost,228.75
u7,u7,10,,,1000,arms.snapshot.roles.robust.phantom_rate,0.05555555555555555
u7,u7,10,,,1000,arms.snapshot.roles.robust.conflict_phantoms,2.0
u7,u7,10,,,1000,arms.snapshot.n_items,1000.0
u7,u7,10,,,1000,arms.snapshot.bits,5188724.0
u7,u7,10,,,1000,arms.utility.roles.fragile.mean_cost,142.36111111111111
u7,u7,10,,,1000,arms.utility.roles.fragile.phantom_rate,0.9166666666666666
u7,u7,10,,,1000,arms.utility.roles.fragile.conflict_phantoms,13.0
u7,u7,10,,,1000,arms.utility.roles.robust.mean_cost,207.36111111111111
u7,u7,10,,,1000,arms.utility.roles.robust.phantom_rate,0.9166666666666666
u7,u7,10,,,1000,arms.utility.roles.robust.conflict_phantoms,13.0
u7,u7,10,,,1000,arms.utility.n_items,463.0
u7,u7,10,,,1000,arms.utility.bits,158780.0
u7,u7,10,,,1000,arms.analogy.roles.fragile.mean_cost,158.11111111111111
u7,u7,10,,,1000,arms.analogy.roles.fragile.phantom_rate,0.9722222222222222
u7,u7,10,,,1000,arms.analogy.roles.fragile.conflict_phantoms,13.0
u7,u7,10,,,1000,arms.analogy.roles.robust.mean_cost,233.08333333333334
u7,u7,10,,,1000,arms.analogy.roles.robust.phantom_rate,0.9722222222222222
u7,u7,10,,,1000,arms.analogy.roles.robust.conflict_phantoms,13.0
u7,u7,10,,,1000,arms.analogy.n_items,526.0
u7,u7,10,,,1000,arms.analogy.bits,179646.0
u7,u7,10,,,1000,arms.ucsm.roles.fragile.mean_cost,141.22222222222223
u7,u7,10,,,1000,arms.ucsm.roles.fragile.phantom_rate,0.9722222222222222
u7,u7,10,,,1000,arms.ucsm.roles.fragile.conflict_phantoms,13.0
u7,u7,10,,,1000,arms.ucsm.roles.robust.mean_cost,206.63888888888889
u7,u7,10,,,1000,arms.ucsm.roles.robust.phantom_rate,0.9722222222222222
u7,u7,10,,,1000,arms.ucsm.roles.robust.conflict_phantoms,13.0
u7,u7,10,,,1000,arms.ucsm.n_items,440.0
u7,u7,10,,,1000,arms.ucsm.bits,151826.0
u7,u7,11,,,1000,battery,36.0
u7,u7,11,,,1000,arms.raw.roles.fragile.mean_cost,136.63888888888889
u7,u7,11,,,1000,arms.raw.roles.fragile.phantom_rate,0.9722222222222222
u7,u7,11,,,1000,arms.raw.roles.fragile.conflict_phantoms,10.0
u7,u7,11,,,1000,arms.raw.roles.robust.mean_cost,209.72222222222223
u7,u7,11,,,1000,arms.raw.roles.robust.phantom_rate,0.9722222222222222
u7,u7,11,,,1000,arms.raw.roles.robust.conflict_phantoms,10.0
u7,u7,11,,,1000,arms.raw.n_items,1000.0
u7,u7,11,,,1000,arms.raw.bits,345492.0
u7,u7,11,,,1000,arms.vector.roles.fragile.mean_cost,207.75
u7,u7,11,,,1000,arms.vector.roles.fragile.phantom_rate,0.2222222222222222
u7,u7,11,,,1000,arms.vector.roles.fragile.conflict_phantoms,2.0
u7,u7,11,,,1000,arms.vector.roles.robust.mean_cost,191.75
u7,u7,11,,,1000,arms.vector.roles.robust.phantom_rate,0.2222222222222222
u7,u7,11,,,1000,arms.vector.roles.robust.conflict_phantoms,2.0
u7,u7,11,,,1000,arms.vector.n_items,546.0
u7,u7,11,,,1000,arms.vector.bits,182706.0
u7,u7,11,,,1000,arms.rir.roles.fragile.mean_cost,208.69444444444446
u7,u7,11,,,1000,arms.rir.roles.fragile.phantom_rate,0.2222222222222222
u7,u7,11,,,1000,arms.rir.roles.fragile.conflict_phantoms,1.0
u7,u7,11,,,1000,arms.rir.roles.robust.mean_cost,192.77777777777777
u7,u7,11,,,1000,arms.rir.roles.robust.phantom_rate,0.2222222222222222
u7,u7,11,,,1000,arms.rir.roles.robust.conflict_phantoms,1.0
u7,u7,11,,,1000,arms.rir.n_items,1000.0
u7,u7,11,,,1000,arms.rir.bits,345492.0
u7,u7,11,,,1000,arms.snapshot.roles.fragile.mean_cost,236.66666666666666
u7,u7,11,,,1000,arms.snapshot.roles.fragile.phantom_rate,0.027777777777777776
u7,u7,11,,,1000,arms.snapshot.roles.fragile.conflict_phantoms,0.0
u7,u7,11,,,1000,arms.snapshot.roles.robust.mean_cost,216.5
u7,u7,11,,,1000,arms.snapshot.roles.robust.phantom_rate,0.027777777777777776
u7,u7,11,,,1000,arms.snapshot.roles.robust.conflict_phantoms,0.0
u7,u7,11,,,1000,arms.snapshot.n_items,1000.0
u7,u7,11,,,1000,arms.snapshot.bits,5197106.0
u7,u7,11,,,1000,arms.utility.roles.fragile.mean_cost,139.75
u7,u7,11,,,1000,arms.utility.roles.fragile.phantom_rate,0.9722222222222222
u7,u7,11,,,1000,arms.utility.roles.fragile.conflict_phantoms,9.0
u7,u7,11,,,1000,arms.utility.roles.robust.mean_cost,204.38888888888889
u7,u7,11,,,1000,arms.utility.roles.robust.phantom_rate,0.9722222222222222
u7,u7,11,,,1000,arms.utility.roles.robust.conflict_phantoms,9.0
u7,u7,11,,,1000,arms.utility.n_items,473.0
u7,u7,11,,,1000,arms.utility.bits,163524.0
u7,u7,11,,,1000,arms.analogy.roles.fragile.mean_cost,156.22222222222223
u7,u7,11,,,1000,arms.analogy.roles.fragile.phantom_rate,0.9166666666666666
u7,u7,11,,,1000,arms.analogy.roles.fragile.conflict_phantoms,10.0
u7,u7,11,,,1000,arms.analogy.roles.robust.mean_cost,236.41666666666666
u7,u7,11,,,1000,arms.analogy.roles.robust.phantom_rate,0.9166666666666666
u7,u7,11,,,1000,arms.analogy.roles.robust.conflict_phantoms,10.0
u7,u7,11,,,1000,arms.analogy.n_items,530.0
u7,u7,11,,,1000,arms.analogy.bits,182156.0
u7,u7,11,,,1000,arms.ucsm.roles.fragile.mean_cost,159.61111111111111
u7,u7,11,,,1000,arms.ucsm.roles.fragile.phantom_rate,0.9444444444444444
u7,u7,11,,,1000,arms.ucsm.roles.fragile.conflict_phantoms,10.0
u7,u7,11,,,1000,arms.ucsm.roles.robust.mean_cost,236.5
u7,u7,11,,,1000,arms.ucsm.roles.robust.phantom_rate,0.9444444444444444
u7,u7,11,,,1000,arms.ucsm.roles.robust.conflict_phantoms,10.0
u7,u7,11,,,1000,arms.ucsm.n_items,446.0
u7,u7,11,,,1000,arms.ucsm.bits,154406.0
u7,u7,2,,,1000,battery,36.0
u7,u7,2,,,1000,arms.raw.roles.fragile.mean_cost,158.0
u7,u7,2,,,1000,arms.raw.roles.fragile.phantom_rate,0.9722222222222222
u7,u7,2,,,1000,arms.raw.roles.fragile.conflict_phantoms,23.0
u7,u7,2,,,1000,arms.raw.roles.robust.mean_cost,228.16666666666666
u7,u7,2,,,1000,arms.raw.roles.robust.phantom_rate,0.9722222222222222
u7,u7,2,,,1000,arms.raw.roles.robust.conflict_phantoms,23.0
u7,u7,2,,,1000,arms.raw.n_items,1000.0
u7,u7,2,,,1000,arms.raw.bits,341258.0
u7,u7,2,,,1000,arms.vector.roles.fragile.mean_cost,245.66666666666666
u7,u7,2,,,1000,arms.vector.roles.fragile.phantom_rate,0.19444444444444445
u7,u7,2,,,1000,arms.vector.roles.fragile.conflict_phantoms,5.0
u7,u7,2,,,1000,arms.vector.roles.robust.mean_cost,224.11111111111111
u7,u7,2,,,1000,arms.vector.roles.robust.phantom_rate,0.19444444444444445
u7,u7,2,,,1000,arms.vector.roles.robust.conflict_phantoms,5.0
u7,u7,2,,,1000,arms.vector.n_items,541.0
u7,u7,2,,,1000,arms.vector.bits,181400.0
u7,u7,2,,,1000,arms.rir.roles.fragile.mean_cost,278.69444444444446
u7,u7,2,,,1000,arms.rir.roles.fragile.phantom_rate,0.027777777777777776
u7,u7,2,,,1000,arms.rir.roles.fragile.conflict_phantoms,1.0
u7,u7,2,,,1000,arms.rir.roles.robust.mean_cost,250.72222222222223
u7,u7,2,,,1000,arms.rir.roles.robust.phantom_rate,0.027777777777777776
u7,u7,2,,,1000,arms.rir.roles.robust.conflict_phantoms,1.0
u7,u7,2,,,1000,arms.rir.n_items,1000.0
u7,u7,2,,,1000,arms.rir.bits,341258.0
u7,u7,2,,,1000,arms.snapshot.roles.fragile.mean_cost,279.8888888888889
u7,u7,2,,,1000,arms.snapshot.roles.fragile.phantom_rate,0.0
u7,u7,2,,,1000,arms.snapshot.roles.fragile.conflict_phantoms,0.0
u7,u7,2,,,1000,arms.snapshot.roles.robust.mean_cost,251.19444444444446
u7,u7,2,,,1000,arms.snapshot.roles.robust.phantom_rate,0.0
u7,u7,2,,,1000,arms.snapshot.roles.robust.conflict_phantoms,0.0
u7,u7,2,,,1000,arms.snapshot.n_items,1000.0
u7,u7,2,,,1000,arms.snapshot.bits,5214596.0
u7,u7,2,,,1000,arms.utility.roles.fragile.mean_cost,135.66666666666666
u7,u7,2,,,1000,arms.utility.roles.fragile.phantom_rate,0.9444444444444444
u7,u7,2,,,1000,arms.utility.roles.fragile.conflict_phantoms,23.0
u7,u7,2,,,1000,arms.utility.roles.robust.mean_cost,200.08333333333334
u7,u7,2,,,1000,arms.utility.roles.robust.phantom_rate,0.9444444444444444
u7,u7,2,,,1000,arms.utility.roles.robust.conflict_phantoms,23.0
u7,u7,2,,,1000,arms.utility.n_items,467.0
u7,u7,2,,,1000,arms.utility.bits,160956.0
u7,u7,2,,,1000,arms.analogy.roles.fragile.mean_cost,151.08333333333334
u7,u7,2,,,1000,arms.analogy.roles.fragile.phantom_rate,1.0
u7,u7,2,,,1000,arms.analogy.roles.fragile.conflict_phantoms,24.0
u7,u7,2,,,1000,arms.analogy.roles.robust.mean_cost,226.05555555555554
u7,u7,2,,,1000,arms.analogy.roles.robust.phantom_rate,1.0
u7,u7,2,,,1000,arms.analogy.roles.robust.conflict_phantoms,24.0
u7,u7,2,,,1000,arms.analogy.n_items,505.0
u7,u7,2,,,1000,arms.analogy.bits,172940.0
u7,u7,2,,,1000,arms.ucsm.roles.fragile.mean_cost,145.80555555555554
u7,u7,2,,,1000,arms.ucsm.roles.fragile.phantom_rate,1.0
u7,u7,2,,,1000,arms.ucsm.roles.fragile.conflict_phantoms,24.0
u7,u7,2,,,1000,arms.ucsm.roles.robust.mean_cost,217.47222222222223
u7,u7,2,,,1000,arms.ucsm.roles.robust.phantom_rate,1.0
u7,u7,2,,,1000,arms.ucsm.roles.robust.conflict_phantoms,24.0
u7,u7,2,,,1000,arms.ucsm.n_items,434.0
u7,u7,2,,,1000,arms.ucsm.bits,149500.0
u7,u7,3,,,1000,battery,36.0
u7,u7,3,,,1000,arms.raw.roles.fragile.mean_cost,144.13888888888889
u7,u7,3,,,1000,arms.raw.roles.fragile.phantom_rate,1.0
u7,u7,3,,,1000,arms.raw.roles.fragile.conflict_phantoms,14.0
u7,u7,3,,,1000,arms.raw.roles.robust.mean_cost,218.36111111111111
u7,u7,3,,,1000,arms.raw.roles.robust.phantom_rate,1.0
u7,u7,3,,,1000,arms.raw.roles.robust.conflict_phantoms,14.0
u7,u7,3,,,1000,arms.raw.n_items,1000.0
u7,u7,3,,,1000,arms.raw.bits,339172.0
u7,u7,3,,,1000,arms.vector.roles.fragile.mean_cost,221.88888888888889
u7,u7,3,,,1000,arms.vector.roles.fragile.phantom_rate,0.25
u7,u7,3,,,1000,arms.vector.roles.fragile.conflict_phantoms,4.0
u7,u7,3,,,1000,arms.vector.roles.robust.mean_cost,206.69444444444446
u7,u7,3,,,1000,arms.vector.roles.robust.phantom_rate,0.25
u7,u7,3,,,1000,arms.vector.roles.robust.conflict_phantoms,4.0
u7,u7,3,,,1000,arms.vector.n_items,566.0
u7,u7,3,,,1000,arms.vector.bits,188492.0
u7,u7,3,,,1000,arms.rir.roles.fragile.mean_cost,264.47222222222223
u7,u7,3,,,1000,arms.rir.roles.fragile.phantom_rate,0.08333333333333333
u7,u7,3,,,1000,arms.rir.roles.fragile.conflict_phantoms,3.0
u7,u7,3,,,1000,arms.rir.roles.robust.mean_cost,238.88888888888889
u7,u7,3,,,1000,arms.rir.roles.robust.phantom_rate,0.08333333333333333
u7,u7,3,,,1000,arms.rir.roles.robust.conflict_phantoms,3.0
u7,u7,3,,,1000,arms.rir.n_items,1000.0
u7,u7,3,,,1000,arms.rir.bits,339172.0
u7,u7,3,,,1000,arms.snapshot.roles.fragile.mean_cost,261.27777777777777
u7,u7,3,,,1000,arms.snapshot.roles.fragile.phantom_rate,0.05555555555555555
u7,u7,3,,,1000,arms.snapshot.roles.fragile.conflict_phantoms,0.0
u7,u7,3,,,1000,arms.snapshot.roles.robust.mean_cost,237.61111111111111
u7,u7,3,,,1000,arms.snapshot.roles.robust.phantom_rate,0.05555555555555555
u7,u7,3,,,1000,arms.snapshot.roles.robust.conflict_phantoms,0.0
u7,u7,3,,,1000,arms.snapshot.n_items,1000.0
u7,u7,3,,,1000,arms.snapshot.bits,5199116.0
u7,u7,3,,,1000,arms.utility.roles.fragile.mean_cost,139.97222222222223
u7,u7,3,,,1000,arms.utility.roles.fragile.phantom_rate,0.9722222222222222
u7,u7,3,,,1000,arms.utility.roles.fragile.conflict_phantoms,14.0
u7,u7,3,,,1000,arms.utility.roles.robust.mean_cost,209.91666666666666
u7,u7,3,,,1000,arms.utility.roles.robust.phantom_rate,0.9722222222222222
u7,u7,3,,,1000,arms.utility.roles.robust.conflict_phantoms,14.0
u7,u7,3,,,1000,arms.utility.n_items,483.0
u7,u7,3,,,1000,arms.utility.bits,164210.0
u7,u7,3,,,1000,arms.analogy.roles.fragile.mean_cost,153.63888888888889
u7,u7,3,,,1000,arms.analogy.roles.fragile.phantom_rate,0.9166666666666666
u7,u7,3,,,1000,arms.analogy.roles.fragile.conflict_phantoms,12.0
u7,u7,3,,,1000,arms.analogy.roles.robust.mean_cost,223.02777777777777
u7,u7,3,,,1000,arms.analogy.roles.robust.phantom_rate,0.9166666666666666
u7,u7,3,,,1000,arms.analogy.roles.robust.conflict_phantoms,12.0
u7,u7,3,,,1000,arms.analogy.n_items,526.0
u7,u7,3,,,1000,arms.analogy.bits,179710.0
u7,u7,3,,,1000,arms.ucsm.roles.fragile.mean_cost,150.91666666666666
u7,u7,3,,,1000,arms.ucsm.roles.fragile.phantom_rate,0.9444444444444444
u7,u7,3,,,1000,arms.ucsm.roles.fragile.conflict_phantoms,12.0
u7,u7,3,,,1000,arms.ucsm.roles.robust.mean_cost,219.44444444444446
u7,u7,3,,,1000,arms.ucsm.roles.robust.phantom_rate,0.9444444444444444
u7,u7,3,,,1000,arms.ucsm.roles.robust.conflict_phantoms,12.0
u7,u7,3,,,1000,arms.ucsm.n_items,456.0
u7,u7,3,,,1000,arms.ucsm.bits,155380.0
u7,u7,4,,,1000,battery,36.0
u7,u7,4,,,1000,arms.raw.roles.fragile.mean_cost,147.05555555555554
u7,u7,4,,,1000,arms.raw.roles.fragile.phantom_rate,0.9444444444444444
u7,u7,4,,,1000,arms.raw.roles.fragile.conflict_phantoms,12.0
u7,u7,4,,,1000,arms.raw.roles.robust.mean_cost,221.36111111111111
u7,u7,4,,,1000,arms.raw.roles.robust.phantom_rate,0.9444444444444444
u7,u7,4,,,1000,arms.raw.roles.robust.conflict_phantoms,12.0
u7,u7,4,,,1000,arms.raw.n_items,1000.0
u7,u7,4,,,1000,arms.raw.bits,345328.0
u7,u7,4,,,1000,arms.vector.roles.fragile.mean_cost,244.91666666666666
u7,u7,4,,,1000,arms.vector.roles.fragile.phantom_rate,0.2222222222222222
u7,u7,4,,,1000,arms.vector.roles.fragile.conflict_phantoms,2.0
u7,u7,4,,,1000,arms.vector.roles.robust.mean_cost,221.41666666666666
u7,u7,4,,,1000,arms.vector.roles.robust.phantom_rate,0.2222222222222222
u7,u7,4,,,1000,arms.vector.roles.robust.conflict_phantoms,2.0
u7,u7,4,,,1000,arms.vector.n_items,549.0
u7,u7,4,,,1000,arms.vector.bits,185794.0
u7,u7,4,,,1000,arms.rir.roles.fragile.mean_cost,248.30555555555554
u7,u7,4,,,1000,arms.rir.roles.fragile.phantom_rate,0.19444444444444445
u7,u7,4,,,1000,arms.rir.roles.fragile.conflict_phantoms,1.0
u7,u7,4,,,1000,arms.rir.roles.robust.mean_cost,225.0
u7,u7,4,,,1000,arms.rir.roles.robust.phantom_rate,0.19444444444444445
u7,u7,4,,,1000,arms.rir.roles.robust.conflict_phantoms,1.0
u7,u7,4,,,1000,arms.rir.n_items,1000.0
u7,u7,4,,,1000,arms.rir.bits,345328.0
u7,u7,4,,,1000,arms.snapshot.roles.fragile.mean_cost,284.30555555555554
u7,u7,4,,,1000,arms.snapshot.roles.fragile.phantom_rate,0.0
u7,u7,4,,,1000,arms.snapshot.roles.fragile.conflict_phantoms,0.0
u7,u7,4,,,1000,arms.snapshot.roles.robust.mean_cost,256.19444444444446
u7,u7,4,,,1000,arms.snapshot.roles.robust.phantom_rate,0.0
u7,u7,4,,,1000,arms.snapshot.roles.robust.conflict_phantoms,0.0
u7,u7,4,,,1000,arms.snapshot.n_items,1000.0
u7,u7,4,,,1000,arms.snapshot.bits,5203400.0
u7,u7,4,,,1000,arms.utility.roles.fragile.mean_cost,165.33333333333334
u7,u7,4,,,1000,arms.utility.roles.fragile.phantom_rate,0.9444444444444444
u7,u7,4,,,1000,arms.utility.roles.fragile.conflict_phantoms,10.0
u7,u7,4,,,1000,arms.utility.roles.robust.mean_cost,232.52777777777777
u7,u7,4,,,1000,arms.utility.roles.robust.phantom_rate,0.9444444444444444
u7,u7,4,,,1000,arms.utility.roles.robust.conflict_phantoms,10.0
u7,u7,4,,,1000,arms.utility.n_items,484.0
u7,u7,4,,,1000,arms.utility.bits,167618.0
u7,u7,4,,,1000,arms.analogy.roles.fragile.mean_cost,170.61111111111111
u7,u7,4,,,1000,arms.analogy.roles.fragile.phantom_rate,0.9722222222222222
u7,u7,4,,,1000,arms.analogy.roles.fragile.conflict_phantoms,12.0
u7,u7,4,,,1000,arms.analogy.roles.robust.mean_cost,254.58333333333334
u7,u7,4,,,1000,arms.analogy.roles.robust.phantom_rate,0.9722222222222222
u7,u7,4,,,1000,arms.analogy.roles.robust.conflict_phantoms,12.0
u7,u7,4,,,1000,arms.analogy.n_items,527.0
u7,u7,4,,,1000,arms.analogy.bits,181638.0
u7,u7,4,,,1000,arms.ucsm.roles.fragile.mean_cost,172.80555555555554
u7,u7,4,,,1000,arms.ucsm.roles.fragile.phantom_rate,0.9444444444444444
u7,u7,4,,,1000,arms.ucsm.roles.fragile.conflict_phantoms,12.0
u7,u7,4,,,1000,arms.ucsm.roles.robust.mean_cost,256.3333333333333
u7,u7,4,,,1000,arms.ucsm.roles.robust.phantom_rate,0.9444444444444444
u7,u7,4,,,1000,arms.ucsm.roles.robust.conflict_phantoms,12.0
u7,u7,4,,,1000,arms.ucsm.n_items,461.0
u7,u7,4,,,1000,arms.ucsm.bits,159678.0
u7,u7,5,,,1000,battery,36.0
u7,u7,5,,,1000,arms.raw.roles.fragile.mean_cost,155.22222222222223
u7,u7,5,,,1000,arms.raw.roles.fragile.phantom_rate,0.9166666666666666
u7,u7,5,,,1000,arms.raw.roles.fragile.conflict_phantoms,19.0
u7,u7,5,,,1000,arms.raw.roles.robust.mean_cost,233.11111111111111
u7,u7,5,,,1000,arms.raw.roles.robust.phantom_rate,0.9166666666666666
u7,u7,5,,,1000,arms.raw.roles.robust.conflict_phantoms,19.0
u7,u7,5,,,1000,arms.raw.n_items,1000.0
u7,u7,5,,,1000,arms.raw.bits,335186.0
u7,u7,5,,,1000,arms.vector.roles.fragile.mean_cost,210.08333333333334
u7,u7,5,,,1000,arms.vector.roles.fragile.phantom_rate,0.3611111111111111
u7,u7,5,,,1000,arms.vector.roles.fragile.conflict_phantoms,9.0
u7,u7,5,,,1000,arms.vector.roles.robust.mean_cost,195.72222222222223
u7,u7,5,,,1000,arms.vector.roles.robust.phantom_rate,0.3611111111111111
u7,u7,5,,,1000,arms.vector.roles.robust.conflict_phantoms,9.0
u7,u7,5,,,1000,arms.vector.n_items,578.0
u7,u7,5,,,1000,arms.vector.bits,190668.0
u7,u7,5,,,1000,arms.rir.roles.fragile.mean_cost,243.80555555555554
u7,u7,5,,,1000,arms.rir.roles.fragile.phantom_rate,0.16666666666666666
u7,u7,5,,,1000,arms.rir.roles.fragile.conflict_phantoms,4.0
u7,u7,5,,,1000,arms.rir.roles.robust.mean_cost,225.38888888888889
u7,u7,5,,,1000,arms.rir.roles.robust.phantom_rate,0.16666666666666666
u7,u7,5,,,1000,arms.rir.roles.robust.conflict_phantoms,4.0
u7,u7,5,,,1000,arms.rir.n_items,1000.0
u7,u7,5,,,1000,arms.rir.bits,335186.0
u7,u7,5,,,1000,arms.snapshot.roles.fragile.mean_cost,271.44444444444446
u7,u7,5,,,1000,arms.snapshot.roles.fragile.phantom_rate,0.027777777777777776
u7,u7,5,,,1000,arms.snapshot.roles.fragile.conflict_phantoms,0.0
u7,u7,5,,,1000,arms.snapshot.roles.robust.mean_cost,246.44444444444446
u7,u7,5,,,1000,arms.snapshot.roles.robust.phantom_rate,0.027777777777777776
u7,u7,5,,,1000,arms.snapshot.roles.robust.conflict_phantoms,0.0
u7,u7,5,,,1000,arms.snapshot.n_items,1000.0
u7,u7,5,,,1000,arms.snapshot.bits,5186972.0
u7,u7,5,,,1000,arms.utility.roles.fragile.mean_cost,168.11111111111111
u7,u7,5,,,1000,arms.utility.roles.fragile.phantom_rate,0.9722222222222222
u7,u7,5,,,1000,arms.utility.roles.fragile.conflict_phantoms,18.0
u7,u7,5,,,1000,arms.utility.roles.robust.mean_cost,263.5833333333333
u7,u7,5,,,1000,arms.utility.roles.robust.phantom_rate,0.9722222222222222
u7,u7,5,,,1000,arms.utility.roles.robust.conflict_phantoms,18.0
u7,u7,5,,,1000,arms.utility.n_items,503.0
u7,u7,5,,,1000,arms.utility.bits,168742.0
u7,u7,5,,,1000,arms.analogy.roles.fragile.mean_cost,125.38888888888889
u7,u7,5,,,1000,arms.analogy.roles.fragile.phantom_rate,0.9444444444444444
u7,u7,5,,,1000,arms.analogy.roles.fragile.conflict_phantoms,18.0
u7,u7,5,,,1000,arms.analogy.roles.robust.mean_cost,192.63888888888889
u7,u7,5,,,1000,arms.analogy.roles.robust.phantom_rate,0.9444444444444444
u7,u7,5,,,1000,arms.analogy.roles.robust.conflict_phantoms,18.0
u7,u7,5,,,1000,arms.analogy.n_items,541.0
u7,u7,5,,,1000,arms.analogy.bits,183512.0
u7,u7,5,,,1000,arms.ucsm.roles.fragile.mean_cost,141.94444444444446
u7,u7,5,,,1000,arms.ucsm.roles.fragile.phantom_rate,0.9166666666666666
u7,u7,5,,,1000,arms.ucsm.roles.fragile.conflict_phantoms,17.0
u7,u7,5,,,1000,arms.ucsm.roles.robust.mean_cost,216.86111111111111
u7,u7,5,,,1000,arms.ucsm.roles.robust.phantom_rate,0.9166666666666666
u7,u7,5,,,1000,arms.ucsm.roles.robust.conflict_phantoms,17.0
u7,u7,5,,,1000,arms.ucsm.n_items,480.0
u7,u7,5,,,1000,arms.ucsm.bits,161510.0
u7,u7,6,,,1000,battery,36.0
u7,u7,6,,,1000,arms.raw.roles.fragile.mean_cost,111.75
u7,u7,6,,,1000,arms.raw.roles.fragile.phantom_rate,0.9444444444444444
u7,u7,6,,,1000,arms.raw.roles.fragile.conflict_phantoms,13.0
u7,u7,6,,,1000,arms.raw.roles.robust.mean_cost,172.41666666666666
u7,u7,6,,,1000,arms.raw.roles.robust.phantom_rate,0.9444444444444444
u7,u7,6,,,1000,arms.raw.roles.robust.conflict_phantoms,13.0
u7,u7,6,,,1000,arms.raw.n_items,1000.0
u7,u7,6,,,1000,arms.raw.bits,338470.0
u7,u7,6,,,1000,arms.vector.roles.fragile.mean_cost,236.0
u7,u7,6,,,1000,arms.vector.roles.fragile.phantom_rate,0.3055555555555556
u7,u7,6,,,1000,arms.vector.roles.fragile.conflict_phantoms,3.0
u7,u7,6,,,1000,arms.vector.roles.robust.mean_cost,217.63888888888889
u7,u7,6,,,1000,arms.vector.roles.robust.phantom_rate,0.3055555555555556
u7,u7,6,,,1000,arms.vector.roles.robust.conflict_phantoms,3.0
u7,u7,6,,,1000,arms.vector.n_items,563.0
u7,u7,6,,,1000,arms.vector.bits,188078.0
u7,u7,6,,,1000,arms.rir.roles.fragile.mean_cost,265.44444444444446
u7,u7,6,,,1000,arms.rir.roles.fragile.phantom_rate,0.08333333333333333
u7,u7,6,,,1000,arms.rir.roles.fragile.conflict_phantoms,0.0
u7,u7,6,,,1000,arms.rir.roles.robust.mean_cost,240.11111111111111
u7,u7,6,,,1000,arms.rir.roles.robust.phantom_rate,0.08333333333333333
u7,u7,6,,,1000,arms.rir.roles.robust.conflict_phantoms,0.0
u7,u7,6,,,1000,arms.rir.n_items,1000.0
u7,u7,6,,,1000,arms.rir.bits,338470.0
u7,u7,6,,,1000,arms.snapshot.roles.fragile.mean_cost,277.6388888888889
u7,u7,6,,,1000,arms.snapshot.roles.fragile.phantom_rate,0.05555555555555555
u7,u7,6,,,1000,arms.snapshot.roles.fragile.conflict_phantoms,1.0
u7,u7,6,,,1000,arms.snapshot.roles.robust.mean_cost,251.52777777777777
u7,u7,6,,,1000,arms.snapshot.roles.robust.phantom_rate,0.05555555555555555
u7,u7,6,,,1000,arms.snapshot.roles.robust.conflict_phantoms,1.0
u7,u7,6,,,1000,arms.snapshot.n_items,1000.0
u7,u7,6,,,1000,arms.snapshot.bits,5199758.0
u7,u7,6,,,1000,arms.utility.roles.fragile.mean_cost,135.33333333333334
u7,u7,6,,,1000,arms.utility.roles.fragile.phantom_rate,0.9166666666666666
u7,u7,6,,,1000,arms.utility.roles.fragile.conflict_phantoms,12.0
u7,u7,6,,,1000,arms.utility.roles.robust.mean_cost,205.55555555555554
u7,u7,6,,,1000,arms.utility.roles.robust.phantom_rate,0.9166666666666666
u7,u7,6,,,1000,arms.utility.roles.robust.conflict_phantoms,12.0
u7,u7,6,,,1000,arms.utility.n_items,471.0
u7,u7,6,,,1000,arms.utility.bits,159738.0
u7,u7,6,,,1000,arms.analogy.roles.fragile.mean_cost,137.05555555555554
u7,u7,6,,,1000,arms.analogy.roles.fragile.phantom_rate,0.8888888888888888
u7,u7,6,,,1000,arms.analogy.roles.fragile.conflict_phantoms,12.0
u7,u7,6,,,1000,arms.analogy.roles.robust.mean_cost,203.36111111111111
u7,u7,6,,,1000,arms.analogy.roles.robust.phantom_rate,0.8888888888888888
u7,u7,6,,,1000,arms.analogy.roles.robust.conflict_phantoms,12.0
u7,u7,6,,,1000,arms.analogy.n_items,512.0
u7,u7,6,,,1000,arms.analogy.bits,175064.0
u7,u7,6,,,1000,arms.ucsm.roles.fragile.mean_cost,153.25
u7,u7,6,,,1000,arms.ucsm.roles.fragile.phantom_rate,0.9166666666666666
u7,u7,6,,,1000,arms.ucsm.roles.fragile.conflict_phantoms,12.0
u7,u7,6,,,1000,arms.ucsm.roles.robust.mean_cost,223.0
u7,u7,6,,,1000,arms.ucsm.roles.robust.phantom_rate,0.9166666666666666
u7,u7,6,,,1000,arms.ucsm.roles.robust.conflict_phantoms,12.0
u7,u7,6,,,1000,arms.ucsm.n_items,454.0
u7,u7,6,,,1000,arms.ucsm.bits,153918.0
u7,u7,7,,,1000,battery,36.0
u7,u7,7,,,1000,arms.raw.roles.fragile.mean_cost,144.0
u7,u7,7,,,1000,arms.raw.roles.fragile.phantom_rate,1.0
u7,u7,7,,,1000,arms.raw.roles.fragile.conflict_phantoms,27.0
u7,u7,7,,,1000,arms.raw.roles.robust.mean_cost,225.19444444444446
u7,u7,7,,,1000,arms.raw.roles.robust.phantom_rate,1.0
u7,u7,7,,,1000,arms.raw.roles.robust.conflict_phantoms,27.0
u7,u7,7,,,1000,arms.raw.n_items,1000.0
u7,u7,7,,,1000,arms.raw.bits,343804.0
u7,u7,7,,,1000,arms.vector.roles.fragile.mean_cost,217.61111111111111
u7,u7,7,,,1000,arms.vector.roles.fragile.phantom_rate,0.16666666666666666
u7,u7,7,,,1000,arms.vector.roles.fragile.conflict_phantoms,5.0
u7,u7,7,,,1000,arms.vector.roles.robust.mean_cost,203.72222222222223
u7,u7,7,,,1000,arms.vector.roles.robust.phantom_rate,0.16666666666666666
u7,u7,7,,,1000,arms.vector.roles.robust.conflict_phantoms,5.0
u7,u7,7,,,1000,arms.vector.n_items,599.0
u7,u7,7,,,1000,arms.vector.bits,200874.0
u7,u7,7,,,1000,arms.rir.roles.fragile.mean_cost,240.55555555555554
u7,u7,7,,,1000,arms.rir.roles.fragile.phantom_rate,0.16666666666666666
u7,u7,7,,,1000,arms.rir.roles.fragile.conflict_phantoms,5.0
u7,u7,7,,,1000,arms.rir.roles.robust.mean_cost,220.27777777777777
u7,u7,7,,,1000,arms.rir.roles.robust.phantom_rate,0.16666666666666666
u7,u7,7,,,1000,arms.rir.roles.robust.conflict_phantoms,5.0
u7,u7,7,,,1000,arms.rir.n_items,1000.0
u7,u7,7,,,1000,arms.rir.bits,343804.0
u7,u7,7,,,1000,arms.snapshot.roles.fragile.mean_cost,241.13888888888889
u7,u7,7,,,1000,arms.snapshot.roles.fragile.phantom_rate,0.027777777777777776
u7,u7,7,,,1000,arms.snapshot.roles.fragile.conflict_phantoms,1.0
u7,u7,7,,,1000,arms.snapshot.roles.robust.mean_cost,219.69444444444446
u7,u7,7,,,1000,arms.snapshot.roles.robust.phantom_rate,0.027777777777777776
u7,u7,7,,,1000,arms.snapshot.roles.robust.conflict_phantoms,1.0
u7,u7,7,,,1000,arms.snapshot.n_items,1000.0
u7,u7,7,,,1000,arms.snapshot.bits,5199428.0
u7,u7,7,,,1000,arms.utility.roles.fragile.mean_cost,161.27777777777777
u7,u7,7,,,1000,arms.utility.roles.fragile.phantom_rate,0.9722222222222222
u7,u7,7,,,1000,arms.utility.roles.fragile.conflict_phantoms,26.0
u7,u7,7,,,1000,arms.utility.roles.robust.mean_cost,241.33333333333334
u7,u7,7,,,1000,arms.utility.roles.robust.phantom_rate,0.9722222222222222
u7,u7,7,,,1000,arms.utility.roles.robust.conflict_phantoms,26.0
u7,u7,7,,,1000,arms.utility.n_items,484.0
u7,u7,7,,,1000,arms.utility.bits,165592.0
u7,u7,7,,,1000,arms.analogy.roles.fragile.mean_cost,166.22222222222223
u7,u7,7,,,1000,arms.analogy.roles.fragile.phantom_rate,1.0
u7,u7,7,,,1000,arms.analogy.roles.fragile.conflict_phantoms,27.0
u7,u7,7,,,1000,arms.analogy.roles.robust.mean_cost,245.61111111111111
u7,u7,7,,,1000,arms.analogy.roles.robust.phantom_rate,1.0
u7,u7,7,,,1000,arms.analogy.roles.robust.conflict_phantoms,27.0
u7,u7,7,,,1000,arms.analogy.n_items,536.0
u7,u7,7,,,1000,arms.analogy.bits,184332.0
u7,u7,7,,,1000,arms.ucsm.roles.fragile.mean_cost,137.36111111111111
u7,u7,7,,,1000,arms.ucsm.roles.fragile.phantom_rate,0.9722222222222222
u7,u7,7,,,1000,arms.ucsm.roles.fragile.conflict_phantoms,26.0
u7,u7,7,,,1000,arms.ucsm.roles.robust.mean_cost,206.58333333333334
u7,u7,7,,,1000,arms.ucsm.roles.robust.phantom_rate,0.9722222222222222
u7,u7,7,,,1000,arms.ucsm.roles.robust.conflict_phantoms,26.0
u7,u7,7,,,1000,arms.ucsm.n_items,455.0
u7,u7,7,,,1000,arms.ucsm.bits,155968.0
u7,u7,8,,,1000,battery,36.0
u7,u7,8,,,1000,arms.raw.roles.fragile.mean_cost,146.11111111111111
u7,u7,8,,,1000,arms.raw.roles.fragile.phantom_rate,0.8888888888888888
u7,u7,8,,,1000,arms.raw.roles.fragile.conflict_phantoms,14.0
u7,u7,8,,,1000,arms.raw.roles.robust.mean_cost,224.13888888888889
u7,u7,8,,,1000,arms.raw.roles.robust.phantom_rate,0.8888888888888888
u7,u7,8,,,1000,arms.raw.roles.robust.conflict_phantoms,14.0
u7,u7,8,,,1000,arms.raw.n_items,1000.0
u7,u7,8,,,1000,arms.raw.bits,337194.0
u7,u7,8,,,1000,arms.vector.roles.fragile.mean_cost,242.88888888888889
u7,u7,8,,,1000,arms.vector.roles.fragile.phantom_rate,0.1388888888888889
u7,u7,8,,,1000,arms.vector.roles.fragile.conflict_phantoms,1.0
u7,u7,8,,,1000,arms.vector.roles.robust.mean_cost,225.11111111111111
u7,u7,8,,,1000,arms.vector.roles.robust.phantom_rate,0.1388888888888889
u7,u7,8,,,1000,arms.vector.roles.robust.conflict_phantoms,1.0
u7,u7,8,,,1000,arms.vector.n_items,554.0
u7,u7,8,,,1000,arms.vector.bits,183158.0
u7,u7,8,,,1000,arms.rir.roles.fragile.mean_cost,228.97222222222223
u7,u7,8,,,1000,arms.rir.roles.fragile.phantom_rate,0.2777777777777778
u7,u7,8,,,1000,arms.rir.roles.fragile.conflict_phantoms,1.0
u7,u7,8,,,1000,arms.rir.roles.robust.mean_cost,213.41666666666666
u7,u7,8,,,1000,arms.rir.roles.robust.phantom_rate,0.2777777777777778
u7,u7,8,,,1000,arms.rir.roles.robust.conflict_phantoms,1.0
u7,u7,8,,,1000,arms.rir.n_items,1000.0
u7,u7,8,,,1000,arms.rir.bits,337194.0
u7,u7,8,,,1000,arms.snapshot.roles.fragile.mean_cost,271.3333333333333
u7,u7,8,,,1000,arms.snapshot.roles.fragile.phantom_rate,0.027777777777777776
u7,u7,8,,,1000,arms.snapshot.roles.fragile.conflict_phantoms,0.0
u7,u7,8,,,1000,arms.snapshot.roles.robust.mean_cost,250.69444444444446
u7,u7,8,,,1000,arms.snapshot.roles.robust.phantom_rate,0.027777777777777776
u7,u7,8,,,1000,arms.snapshot.roles.robust.conflict_phantoms,0.0
u7,u7,8,,,1000,arms.snapshot.n_items,1000.0
u7,u7,8,,,1000,arms.snapshot.bits,5203166.0
u7,u7,8,,,1000,arms.utility.roles.fragile.mean_cost,147.16666666666666
u7,u7,8,,,1000,arms.utility.roles.fragile.phantom_rate,0.8888888888888888
u7,u7,8,,,1000,arms.utility.roles.fragile.conflict_phantoms,14.0
u7,u7,8,,,1000,arms.utility.roles.robust.mean_cost,223.05555555555554
u7,u7,8,,,1000,arms.utility.roles.robust.phantom_rate,0.8888888888888888
u7,u7,8,,,1000,arms.utility.roles.robust.conflict_phantoms,14.0
u7,u7,8,,,1000,arms.utility.n_items,473.0
u7,u7,8,,,1000,arms.utility.bits,159432.0
u7,u7,8,,,1000,arms.analogy.roles.fragile.mean_cost,158.72222222222223
u7,u7,8,,,1000,arms.analogy.roles.fragile.phantom_rate,0.9722222222222222
u7,u7,8,,,1000,arms.analogy.roles.fragile.conflict_phantoms,16.0
u7,u7,8,,,1000,arms.analogy.roles.robust.mean_cost,243.83333333333334
u7,u7,8,,,1000,arms.analogy.roles.robust.phantom_rate,0.9722222222222222
u7,u7,8,,,1000,arms.analogy.roles.robust.conflict_phantoms,16.0
u7,u7,8,,,1000,arms.analogy.n_items,523.0
u7,u7,8,,,1000,arms.analogy.bits,176318.0
u7,u7,8,,,1000,arms.ucsm.roles.fragile.mean_cost,150.83333333333334
u7,u7,8,,,1000,arms.ucsm.roles.fragile.phantom_rate,0.9444444444444444
u7,u7,8,,,1000,arms.ucsm.roles.fragile.conflict_phantoms,15.0
u7,u7,8,,,1000,arms.ucsm.roles.robust.mean_cost,227.83333333333334
u7,u7,8,,,1000,arms.ucsm.roles.robust.phantom_rate,0.9444444444444444
u7,u7,8,,,1000,arms.ucsm.roles.robust.conflict_phantoms,15.0
u7,u7,8,,,1000,arms.ucsm.n_items,443.0
u7,u7,8,,,1000,arms.ucsm.bits,149856.0
u7,u7,9,,,1000,battery,36.0
u7,u7,9,,,1000,arms.raw.roles.fragile.mean_cost,114.97222222222223
u7,u7,9,,,1000,arms.raw.roles.fragile.phantom_rate,0.9722222222222222
u7,u7,9,,,1000,arms.raw.roles.fragile.conflict_phantoms,11.0
u7,u7,9,,,1000,arms.raw.roles.robust.mean_cost,176.63888888888889
u7,u7,9,,,1000,arms.raw.roles.robust.phantom_rate,0.9722222222222222
u7,u7,9,,,1000,arms.raw.roles.robust.conflict_phantoms,11.0
u7,u7,9,,,1000,arms.raw.n_items,1000.0
u7,u7,9,,,1000,arms.raw.bits,330902.0
u7,u7,9,,,1000,arms.vector.roles.fragile.mean_cost,245.30555555555554
u7,u7,9,,,1000,arms.vector.roles.fragile.phantom_rate,0.3055555555555556
u7,u7,9,,,1000,arms.vector.roles.fragile.conflict_phantoms,5.0
u7,u7,9,,,1000,arms.vector.roles.robust.mean_cost,222.69444444444446
u7,u7,9,,,1000,arms.vector.roles.robust.phantom_rate,0.3055555555555556
u7,u7,9,,,1000,arms.vector.roles.robust.conflict_phantoms,5.0
u7,u7,9,,,1000,arms.vector.n_items,592.0
u7,u7,9,,,1000,arms.vector.bits,192672.0
u7,u7,9,,,1000,arms.rir.roles.fragile.mean_cost,263.72222222222223
u7,u7,9,,,1000,arms.rir.roles.fragile.phantom_rate,0.05555555555555555
u7,u7,9,,,1000,arms.rir.roles.fragile.conflict_phantoms,0.0
u7,u7,9,,,1000,arms.rir.roles.robust.mean_cost,240.58333333333334
u7,u7,9,,,1000,arms.rir.roles.robust.phantom_rate,0.05555555555555555
u7,u7,9,,,1000,arms.rir.roles.robust.conflict_phantoms,0.0
u7,u7,9,,,1000,arms.rir.n_items,1000.0
u7,u7,9,,,1000,arms.rir.bits,330902.0
u7,u7,9,,,1000,arms.snapshot.roles.fragile.mean_cost,268.1388888888889
u7,u7,9,,,1000,arms.snapshot.roles.fragile.phantom_rate,0.0
u7,u7,9,,,1000,arms.snapshot.roles.fragile.conflict_phantoms,0.0
u7,u7,9,,,1000,arms.snapshot.roles.robust.mean_cost,244.25
u7,u7,9,,,1000,arms.snapshot.roles.robust.phantom_rate,0.0
u7,u7,9,,,1000,arms.snapshot.roles.robust.conflict_phantoms,0.0
u7,u7,9,,,1000,arms.snapshot.n_items,1000.0
u7,u7,9,,,1000,arms.snapshot.bits,5193056.0
u7,u7,9,,,1000,arms.utility.roles.fragile.mean_cost,130.55555555555554
u7,u7,9,,,1000,arms.utility.roles.fragile.phantom_rate,0.9444444444444444
u7,u7,9,,,1000,arms.utility.roles.fragile.conflict_phantoms,11.0
u7,u7,9,,,1000,arms.utility.roles.robust.mean_cost,191.83333333333334
u7,u7,9,,,1000,arms.utility.roles.robust.phantom_rate,0.9444444444444444
u7,u7,9,,,1000,arms.utility.roles.robust.conflict_phantoms,11.0
u7,u7,9,,,1000,arms.utility.n_items,490.0
u7,u7,9,,,1000,arms.utility.bits,163660.0
u7,u7,9,,,1000,arms.analogy.roles.fragile.mean_cost,131.83333333333334
u7,u7,9,,,1000,arms.analogy.roles.fragile.phantom_rate,0.9722222222222222
u7,u7,9,,,1000,arms.analogy.roles.fragile.conflict_phantoms,11.0
u7,u7,9,,,1000,arms.analogy.roles.robust.mean_cost,195.41666666666666
u7,u7,9,,,1000,arms.analogy.roles.robust.phantom_rate,0.9722222222222222
u7,u7,9,,,1000,arms.analogy.roles.robust.conflict_phantoms,11.0
u7,u7,9,,,1000,arms.analogy.n_items,561.0
u7,u7,9,,,1000,arms.analogy.bits,185846.0
u7,u7,9,,,1000,arms.ucsm.roles.fragile.mean_cost,127.0
u7,u7,9,,,1000,arms.ucsm.roles.fragile.phantom_rate,0.9444444444444444
u7,u7,9,,,1000,arms.ucsm.roles.fragile.conflict_phantoms,11.0
u7,u7,9,,,1000,arms.ucsm.roles.robust.mean_cost,184.83333333333334
u7,u7,9,,,1000,arms.ucsm.roles.robust.phantom_rate,0.9444444444444444
u7,u7,9,,,1000,arms.ucsm.roles.robust.conflict_phantoms,11.0
u7,u7,9,,,1000,arms.ucsm.n_items,470.0
u7,u7,9,,,1000,arms.ucsm.bits,157138.0
u7,u7,0,,,100,battery,32.0
u7,u7,0,,,100,arms.raw.roles.fragile.mean_cost,45.5625
u7,u7,0,,,100,arms.raw.roles.fragile.phantom_rate,0.65625
u7,u7,0,,,100,arms.raw.roles.fragile.conflict_phantoms,14.0
u7,u7,0,,,100,arms.raw.roles.robust.mean_cost,63.5
u7,u7,0,,,100,arms.raw.roles.robust.phantom_rate,0.65625
u7,u7,0,,,100,arms.raw.roles.robust.conflict_phantoms,14.0
u7,u7,0,,,100,arms.raw.n_items,100.0
u7,u7,0,,,100,arms.raw.bits,33654.0
u7,u7,0,,,100,arms.vector.roles.fragile.mean_cost,200.40625
u7,u7,0,,,100,arms.vector.roles.fragile.phantom_rate,0.3125
u7,u7,0,,,100,arms.vector.roles.fragile.conflict_phantoms,5.0
u7,u7,0,,,100,arms.vector.roles.robust.mean_cost,190.65625
u7,u7,0,,,100,arms.vector.roles.robust.phantom_rate,0.3125
u7,u7,0,,,100,arms.vector.roles.robust.conflict_phantoms,5.0
u7,u7,0,,,100,arms.vector.n_items,56.0
u7,u7,0,,,100,arms.vector.bits,18316.0
u7,u7,0,,,100,arms.rir.roles.fragile.mean_cost,217.65625
u7,u7,0,,,100,arms.rir.roles.fragile.phantom_rate,0.09375
u7,u7,0,,,100,arms.rir.roles.fragile.conflict_phantoms,2.0
u7,u7,0,,,100,arms.rir.roles.robust.mean_cost,204.3125
u7,u7,0,,,100,arms.rir.roles.robust.phantom_rate,0.09375
u7,u7,0,,,100,arms.rir.roles.robust.conflict_phantoms,2.0
u7,u7,0,,,100,arms.rir.n_items,100.0
u7,u7,0,,,100,arms.rir.bits,33654.0
u7,u7,0,,,100,arms.snapshot.roles.fragile.mean_cost,246.0
u7,u7,0,,,100,arms.snapshot.roles.fragile.phantom_rate,0.0625
u7,u7,0,,,100,arms.snapshot.roles.fragile.conflict_phantoms,2.0
u7,u7,0,,,100,arms.snapshot.roles.robust.mean_cost,228.65625
u7,u7,0,,,100,arms.snapshot.roles.robust.phantom_rate,0.0625
u7,u7,0,,,100,arms.snapshot.roles.robust.conflict_phantoms,2.0
u7,u7,0,,,100,arms.snapshot.n_items,100.0
u7,u7,0,,,100,arms.snapshot.bits,520190.0
u7,u7,0,,,100,arms.utility.roles.fragile.mean_cost,42.0
u7,u7,0,,,100,arms.utility.roles.fragile.phantom_rate,0.8125
u7,u7,0,,,100,arms.utility.roles.fragile.conflict_phantoms,18.0
u7,u7,0,,,100,arms.utility.roles.robust.mean_cost,61.78125
u7,u7,0,,,100,arms.utility.roles.robust.phantom_rate,0.8125
u7,u7,0,,,100,arms.utility.roles.robust.conflict_phantoms,18.0
u7,u7,0,,,100,arms.utility.n_items,50.0
u7,u7,0,,,100,arms.utility.bits,16350.0
u7,u7,0,,,100,arms.analogy.roles.fragile.mean_cost,52.96875
u7,u7,0,,,100,arms.analogy.roles.fragile.phantom_rate,0.65625
u7,u7,0,,,100,arms.analogy.roles.fragile.conflict_phantoms,14.0
u7,u7,0,,,100,arms.analogy.roles.robust.mean_cost,70.03125
u7,u7,0,,,100,arms.analogy.roles.robust.phantom_rate,0.65625
u7,u7,0,,,100,arms.analogy.roles.robust.conflict_phantoms,14.0
u7,u7,0,,,100,arms.analogy.n_items,44.0
u7,u7,0,,,100,arms.analogy.bits,14430.0
u7,u7,0,,,100,arms.ucsm.roles.fragile.mean_cost,43.84375
u7,u7,0,,,100,arms.ucsm.roles.fragile.phantom_rate,0.6875
u7,u7,0,,,100,arms.ucsm.roles.fragile.conflict_phantoms,14.0
u7,u7,0,,,100,arms.ucsm.roles.robust.mean_cost,61.84375
u7,u7,0,,,100,arms.ucsm.roles.robust.phantom_rate,0.6875
u7,u7,0,,,100,arms.ucsm.roles.robust.conflict_phantoms,14.0
u7,u7,0,,,100,arms.ucsm.n_items,47.0
u7,u7,0,,,100,arms.ucsm.bits,15376.0
u7,u7,1,,,100,battery,36.0
u7,u7,1,,,100,arms.raw.roles.fragile.mean_cost,58.583333333333336
u7,u7,1,,,100,arms.raw.roles.fragile.phantom_rate,0.75
u7,u7,1,,,100,arms.raw.roles.fragile.conflict_phantoms,15.0
u7,u7,1,,,100,arms.raw.roles.robust.mean_cost,76.83333333333333
u7,u7,1,,,100,arms.raw.roles.robust.phantom_rate,0.75
u7,u7,1,,,100,arms.raw.roles.robust.conflict_phantoms,15.0
u7,u7,1,,,100,arms.raw.n_items,100.0
u7,u7,1,,,100,arms.raw.bits,33358.0
u7,u7,1,,,100,arms.vector.roles.fragile.mean_cost,210.94444444444446
u7,u7,1,,,100,arms.vector.roles.fragile.phantom_rate,0.2777777777777778
u7,u7,1,,,100,arms.vector.roles.fragile.conflict_phantoms,5.0
u7,u7,1,,,100,arms.vector.roles.robust.mean_cost,194.91666666666666
u7,u7,1,,,100,arms.vector.roles.robust.phantom_rate,0.2777777777777778
u7,u7,1,,,100,arms.vector.roles.robust.conflict_phantoms,5.0
u7,u7,1,,,100,arms.vector.n_items,63.0
u7,u7,1,,,100,arms.vector.bits,21180.0
u7,u7,1,,,100,arms.rir.roles.fragile.mean_cost,209.36111111111111
u7,u7,1,,,100,arms.rir.roles.fragile.phantom_rate,0.2222222222222222
u7,u7,1,,,100,arms.rir.roles.fragile.conflict_phantoms,4.0
u7,u7,1,,,100,arms.rir.roles.robust.mean_cost,191.75
u7,u7,1,,,100,arms.rir.roles.robust.phantom_rate,0.2222222222222222
u7,u7,1,,,100,arms.rir.roles.robust.conflict_phantoms,4.0
u7,u7,1,,,100,arms.rir.n_items,100.0
u7,u7,1,,,100,arms.rir.bits,33358.0
u7,u7,1,,,100,arms.snapshot.roles.fragile.mean_cost,246.83333333333334
u7,u7,1,,,100,arms.snapshot.roles.fragile.phantom_rate,0.027777777777777776
u7,u7,1,,,100,arms.snapshot.roles.fragile.conflict_phantoms,1.0
u7,u7,1,,,100,arms.snapshot.roles.robust.mean_cost,222.69444444444446
u7,u7,1,,,100,arms.snapshot.roles.robust.phantom_rate,0.027777777777777776
u7,u7,1,,,100,arms.snapshot.roles.robust.conflict_phantoms,1.0
u7,u7,1,,,100,arms.snapshot.n_items,100.0
u7,u7,1,,,100,arms.snapshot.bits,521948.0
u7,u7,1,,,100,arms.utility.roles.fragile.mean_cost,52.388888888888886
u7,u7,1,,,100,arms.utility.roles.fragile.phantom_rate,0.6944444444444444
u7,u7,1,,,100,arms.utility.roles.fragile.conflict_phantoms,15.0
u7,u7,1,,,100,arms.utility.roles.robust.mean_cost,71.02777777777777
u7,u7,1,,,100,arms.utility.roles.robust.phantom_rate,0.6944444444444444
u7,u7,1,,,100,arms.utility.roles.robust.conflict_phantoms,15.0
u7,u7,1,,,100,arms.utility.n_items,59.0
u7,u7,1,,,100,arms.utility.bits,20000.0
u7,u7,1,,,100,arms.analogy.roles.fragile.mean_cost,58.30555555555556
u7,u7,1,,,100,arms.analogy.roles.fragile.phantom_rate,0.8055555555555556
u7,u7,1,,,100,arms.analogy.roles.fragile.conflict_phantoms,13.0
u7,u7,1,,,100,arms.analogy.roles.robust.mean_cost,73.88888888888889
u7,u7,1,,,100,arms.analogy.roles.robust.phantom_rate,0.8055555555555556
u7,u7,1,,,100,arms.analogy.roles.robust.conflict_phantoms,13.0
u7,u7,1,,,100,arms.analogy.n_items,54.0
u7,u7,1,,,100,arms.analogy.bits,18204.0
u7,u7,1,,,100,arms.ucsm.roles.fragile.mean_cost,55.888888888888886
u7,u7,1,,,100,arms.ucsm.roles.fragile.phantom_rate,0.7777777777777778
u7,u7,1,,,100,arms.ucsm.roles.fragile.conflict_phantoms,12.0
u7,u7,1,,,100,arms.ucsm.roles.robust.mean_cost,72.47222222222223
u7,u7,1,,,100,arms.ucsm.roles.robust.phantom_rate,0.7777777777777778
u7,u7,1,,,100,arms.ucsm.roles.robust.conflict_phantoms,12.0
u7,u7,1,,,100,arms.ucsm.n_items,53.0
u7,u7,1,,,100,arms.ucsm.bits,18170.0
u7,u7,2,,,100,battery,36.0
u7,u7,2,,,100,arms.raw.roles.fragile.mean_cost,64.83333333333333
u7,u7,2,,,100,arms.raw.roles.fragile.phantom_rate,0.5555555555555556
u7,u7,2,,,100,arms.raw.roles.fragile.conflict_phantoms,9.0
u7,u7,2,,,100,arms.raw.roles.robust.mean_cost,74.44444444444444
u7,u7,2,,,100,arms.raw.roles.robust.phantom_rate,0.5555555555555556
u7,u7,2,,,100,arms.raw.roles.robust.conflict_phantoms,9.0
u7,u7,2,,,100,arms.raw.n_items,100.0
u7,u7,2,,,100,arms.raw.bits,35162.0
u7,u7,2,,,100,arms.vector.roles.fragile.mean_cost,238.08333333333334
u7,u7,2,,,100,arms.vector.roles.fragile.phantom_rate,0.05555555555555555
u7,u7,2,,,100,arms.vector.roles.fragile.conflict_phantoms,1.0
u7,u7,2,,,100,arms.vector.roles.robust.mean_cost,217.88888888888889
u7,u7,2,,,100,arms.vector.roles.robust.phantom_rate,0.05555555555555555
u7,u7,2,,,100,arms.vector.roles.robust.conflict_phantoms,1.0
u7,u7,2,,,100,arms.vector.n_items,60.0
u7,u7,2,,,100,arms.vector.bits,20804.0
u7,u7,2,,,100,arms.rir.roles.fragile.mean_cost,229.55555555555554
u7,u7,2,,,100,arms.rir.roles.fragile.phantom_rate,0.1111111111111111
u7,u7,2,,,100,arms.rir.roles.fragile.conflict_phantoms,3.0
u7,u7,2,,,100,arms.rir.roles.robust.mean_cost,209.86111111111111
u7,u7,2,,,100,arms.rir.roles.robust.phantom_rate,0.1111111111111111
u7,u7,2,,,100,arms.rir.roles.robust.conflict_phantoms,3.0
u7,u7,2,,,100,arms.rir.n_items,100.0
u7,u7,2,,,100,arms.rir.bits,35162.0
u7,u7,2,,,100,arms.snapshot.roles.fragile.mean_cost,235.58333333333334
u7,u7,2,,,100,arms.snapshot.roles.fragile.phantom_rate,0.0
u7,u7,2,,,100,arms.snapshot.roles.fragile.conflict_phantoms,0.0
u7,u7,2,,,100,arms.snapshot.roles.robust.mean_cost,212.33333333333334
u7,u7,2,,,100,arms.snapshot.roles.robust.phantom_rate,0.0
u7,u7,2,,,100,arms.snapshot.roles.robust.conflict_phantoms,0.0
u7,u7,2,,,100,arms.snapshot.n_items,100.0
u7,u7,2,,,100,arms.snapshot.bits,519926.0
u7,u7,2,,,100,arms.utility.roles.fragile.mean_cost,69.77777777777777
u7,u7,2,,,100,arms.utility.roles.fragile.phantom_rate,0.6111111111111112
u7,u7,2,,,100,arms.utility.roles.fragile.conflict_phantoms,9.0
u7,u7,2,,,100,arms.utility.roles.robust.mean_cost,78.36111111111111
u7,u7,2,,,100,arms.utility.roles.robust.phantom_rate,0.6111111111111112
u7,u7,2,,,100,arms.utility.roles.robust.conflict_phantoms,9.0
u7,u7,2,,,100,arms.utility.n_items,53.0
u7,u7,2,,,100,arms.utility.bits,18394.0
u7,u7,2,,,100,arms.analogy.roles.fragile.mean_cost,70.83333333333333
u7,u7,2,,,100,arms.analogy.roles.fragile.phantom_rate,0.7222222222222222
u7,u7,2,,,100,arms.analogy.roles.fragile.conflict_phantoms,14.0
u7,u7,2,,,100,arms.analogy.roles.robust.mean_cost,82.11111111111111
u7,u7,2,,,100,arms.analogy.roles.robust.phantom_rate,0.7222222222222222
u7,u7,2,,,100,arms.analogy.roles.robust.conflict_phantoms,14.0
u7,u7,2,,,100,arms.analogy.n_items,52.0
u7,u7,2,,,100,arms.analogy.bits,17696.0
u7,u7,2,,,100,arms.ucsm.roles.fragile.mean_cost,84.69444444444444
u7,u7,2,,,100,arms.ucsm.roles.fragile.phantom_rate,0.6666666666666666
u7,u7,2,,,100,arms.ucsm.roles.fragile.conflict_phantoms,13.0
u7,u7,2,,,100,arms.ucsm.roles.robust.mean_cost,94.5
u7,u7,2,,,100,arms.ucsm.roles.robust.phantom_rate,0.6666666666666666
u7,u7,2,,,100,arms.ucsm.roles.robust.conflict_phantoms,13.0
u7,u7,2,,,100,arms.ucsm.n_items,47.0
u7,u7,2,,,100,arms.ucsm.bits,16346.0
u7,u7,3,,,100,battery,36.0
u7,u7,3,,,100,arms.raw.roles.fragile.mean_cost,43.666666666666664
u7,u7,3,,,100,arms.raw.roles.fragile.phantom_rate,0.6111111111111112
u7,u7,3,,,100,arms.raw.roles.fragile.conflict_phantoms,13.0
u7,u7,3,,,100,arms.raw.roles.robust.mean_cost,60.833333333333336
u7,u7,3,,,100,arms.raw.roles.robust.phantom_rate,0.6111111111111112
u7,u7,3,,,100,arms.raw.roles.robust.conflict_phantoms,13.0
u7,u7,3,,,100,arms.raw.n_items,100.0
u7,u7,3,,,100,arms.raw.bits,34942.0
u7,u7,3,,,100,arms.vector.roles.fragile.mean_cost,215.08333333333334
u7,u7,3,,,100,arms.vector.roles.fragile.phantom_rate,0.1111111111111111
u7,u7,3,,,100,arms.vector.roles.fragile.conflict_phantoms,2.0
u7,u7,3,,,100,arms.vector.roles.robust.mean_cost,196.02777777777777
u7,u7,3,,,100,arms.vector.roles.robust.phantom_rate,0.1111111111111111
u7,u7,3,,,100,arms.vector.roles.robust.conflict_phantoms,2.0
u7,u7,3,,,100,arms.vector.n_items,57.0
u7,u7,3,,,100,arms.vector.bits,19516.0
u7,u7,3,,,100,arms.rir.roles.fragile.mean_cost,216.66666666666666
u7,u7,3,,,100,arms.rir.roles.fragile.phantom_rate,0.19444444444444445
u7,u7,3,,,100,arms.rir.roles.fragile.conflict_phantoms,2.0
u7,u7,3,,,100,arms.rir.roles.robust.mean_cost,196.77777777777777
u7,u7,3,,,100,arms.rir.roles.robust.phantom_rate,0.19444444444444445
u7,u7,3,,,100,arms.rir.roles.robust.conflict_phantoms,2.0
u7,u7,3,,,100,arms.rir.n_items,100.0
u7,u7,3,,,100,arms.rir.bits,34942.0
u7,u7,3,,,100,arms.snapshot.roles.fragile.mean_cost,240.55555555555554
u7,u7,3,,,100,arms.snapshot.roles.fragile.phantom_rate,0.05555555555555555
u7,u7,3,,,100,arms.snapshot.roles.fragile.conflict_phantoms,1.0
u7,u7,3,,,100,arms.snapshot.roles.robust.mean_cost,220.22222222222223
u7,u7,3,,,100,arms.snapshot.roles.robust.phantom_rate,0.05555555555555555
u7,u7,3,,,100,arms.snapshot.roles.robust.conflict_phantoms,1.0
u7,u7,3,,,100,arms.snapshot.n_items,100.0
u7,u7,3,,,100,arms.snapshot.bits,519710.0
u7,u7,3,,,100,arms.utility.roles.fragile.mean_cost,45.55555555555556
u7,u7,3,,,100,arms.utility.roles.fragile.phantom_rate,0.7777777777777778
u7,u7,3,,,100,arms.utility.roles.fragile.conflict_phantoms,17.0
u7,u7,3,,,100,arms.utility.roles.robust.mean_cost,61.611111111111114
u7,u7,3,,,100,arms.utility.roles.robust.phantom_rate,0.7777777777777778
u7,u7,3,,,100,arms.utility.roles.robust.conflict_phantoms,17.0
u7,u7,3,,,100,arms.utility.n_items,56.0
u7,u7,3,,,100,arms.utility.bits,19240.0
u7,u7,3,,,100,arms.analogy.roles.fragile.mean_cost,54.72222222222222
u7,u7,3,,,100,arms.analogy.roles.fragile.phantom_rate,0.8611111111111112
u7,u7,3,,,100,arms.analogy.roles.fragile.conflict_phantoms,16.0
u7,u7,3,,,100,arms.analogy.roles.robust.mean_cost,73.22222222222223
u7,u7,3,,,100,arms.analogy.roles.robust.phantom_rate,0.8611111111111112
u7,u7,3,,,100,arms.analogy.roles.robust.conflict_phantoms,16.0
u7,u7,3,,,100,arms.analogy.n_items,50.0
u7,u7,3,,,100,arms.analogy.bits,17206.0
u7,u7,3,,,100,arms.ucsm.roles.fragile.mean_cost,50.47222222222222
u7,u7,3,,,100,arms.ucsm.roles.fragile.phantom_rate,0.7777777777777778
u7,u7,3,,,100,arms.ucsm.roles.fragile.conflict_phantoms,13.0
u7,u7,3,,,100,arms.ucsm.roles.robust.mean_cost,68.52777777777777
u7,u7,3,,,100,arms.ucsm.roles.robust.phantom_rate,0.7777777777777778
u7,u7,3,,,100,arms.ucsm.roles.robust.conflict_phantoms,13.0
u7,u7,3,,,100,arms.ucsm.n_items,54.0
u7,u7,3,,,100,arms.ucsm.bits,18692.0
u7,u7,4,,,100,battery,36.0
u7,u7,4,,,100,arms.raw.roles.fragile.mean_cost,50.80555555555556
u7,u7,4,,,100,arms.raw.roles.fragile.phantom_rate,0.5277777777777778
u7,u7,4,,,100,arms.raw.roles.fragile.conflict_phantoms,10.0
u7,u7,4,,,100,arms.raw.roles.robust.mean_cost,62.638888888888886
u7,u7,4,,,100,arms.raw.roles.robust.phantom_rate,0.5277777777777778
u7,u7,4,,,100,arms.raw.roles.robust.conflict_phantoms,10.0
u7,u7,4,,,100,arms.raw.n_items,100.0
u7,u7,4,,,100,arms.raw.bits,34666.0
u7,u7,4,,,100,arms.vector.roles.fragile.mean_cost,241.27777777777777
u7,u7,4,,,100,arms.vector.roles.fragile.phantom_rate,0.16666666666666666
u7,u7,4,,,100,arms.vector.roles.fragile.conflict_phantoms,4.0
u7,u7,4,,,100,arms.vector.roles.robust.mean_cost,224.36111111111111
u7,u7,4,,,100,arms.vector.roles.robust.phantom_rate,0.16666666666666666
u7,u7,4,,,100,arms.vector.roles.robust.conflict_phantoms,4.0
u7,u7,4,,,100,arms.vector.n_items,67.0
u7,u7,4,,,100,arms.vector.bits,22954.0
u7,u7,4,,,100,arms.rir.roles.fragile.mean_cost,257.3333333333333
u7,u7,4,,,100,arms.rir.roles.fragile.phantom_rate,0.05555555555555555
u7,u7,4,,,100,arms.rir.roles.fragile.conflict_phantoms,1.0
u7,u7,4,,,100,arms.rir.roles.robust.mean_cost,236.63888888888889
u7,u7,4,,,100,arms.rir.roles.robust.phantom_rate,0.05555555555555555
u7,u7,4,,,100,arms.rir.roles.robust.conflict_phantoms,1.0
u7,u7,4,,,100,arms.rir.n_items,100.0
u7,u7,4,,,100,arms.rir.bits,34666.0
u7,u7,4,,,100,arms.snapshot.roles.fragile.mean_cost,272.27777777777777
u7,u7,4,,,100,arms.snapshot.roles.fragile.phantom_rate,0.0
u7,u7,4,,,100,arms.snapshot.roles.fragile.conflict_phantoms,0.0
u7,u7,4,,,100,arms.snapshot.roles.robust.mean_cost,248.11111111111111
u7,u7,4,,,100,arms.snapshot.roles.robust.phantom_rate,0.0
u7,u7,4,,,100,arms.snapshot.roles.robust.conflict_phantoms,0.0
u7,u7,4,,,100,arms.snapshot.n_items,100.0
u7,u7,4,,,100,arms.snapshot.bits,517598.0
u7,u7,4,,,100,arms.utility.roles.fragile.mean_cost,58.416666666666664
u7,u7,4,,,100,arms.utility.roles.fragile.phantom_rate,0.6388888888888888
u7,u7,4,,,100,arms.utility.roles.fragile.conflict_phantoms,12.0
u7,u7,4,,,100,arms.utility.roles.robust.mean_cost,70.30555555555556
u7,u7,4,,,100,arms.utility.roles.robust.phantom_rate,0.6388888888888888
u7,u7,4,,,100,arms.utility.roles.robust.conflict_phantoms,12.0
u7,u7,4,,,100,arms.utility.n_items,56.0
u7,u7,4,,,100,arms.utility.bits,19310.0
u7,u7,4,,,100,arms.analogy.roles.fragile.mean_cost,62.75
u7,u7,4,,,100,arms.analogy.roles.fragile.phantom_rate,0.8333333333333334
u7,u7,4,,,100,arms.analogy.roles.fragile.conflict_phantoms,15.0
u7,u7,4,,,100,arms.analogy.roles.robust.mean_cost,79.44444444444444
u7,u7,4,,,100,arms.analogy.roles.robust.phantom_rate,0.8333333333333334
u7,u7,4,,,100,arms.analogy.roles.robust.conflict_phantoms,15.0
u7,u7,4,,,100,arms.analogy.n_items,56.0
u7,u7,4,,,100,arms.analogy.bits,19682.0
u7,u7,4,,,100,arms.ucsm.roles.fragile.mean_cost,71.80555555555556
u7,u7,4,,,100,arms.ucsm.roles.fragile.phantom_rate,0.8611111111111112
u7,u7,4,,,100,arms.ucsm.roles.fragile.conflict_phantoms,16.0
u7,u7,4,,,100,arms.ucsm.roles.robust.mean_cost,88.58333333333333
u7,u7,4,,,100,arms.ucsm.roles.robust.phantom_rate,0.8611111111111112
u7,u7,4,,,100,arms.ucsm.roles.robust.conflict_phantoms,16.0
u7,u7,4,,,100,arms.ucsm.n_items,51.0
u7,u7,4,,,100,arms.ucsm.bits,17520.0
u7,u7,5,,,100,battery,36.0
u7,u7,5,,,100,arms.raw.roles.fragile.mean_cost,64.02777777777777
u7,u7,5,,,100,arms.raw.roles.fragile.phantom_rate,0.8055555555555556
u7,u7,5,,,100,arms.raw.roles.fragile.conflict_phantoms,14.0
u7,u7,5,,,100,arms.raw.roles.robust.mean_cost,81.16666666666667
u7,u7,5,,,100,arms.raw.roles.robust.phantom_rate,0.8055555555555556
u7,u7,5,,,100,arms.raw.roles.robust.conflict_phantoms,14.0
u7,u7,5,,,100,arms.raw.n_items,100.0
u7,u7,5,,,100,arms.raw.bits,32976.0
u7,u7,5,,,100,arms.vector.roles.fragile.mean_cost,226.75
u7,u7,5,,,100,arms.vector.roles.fragile.phantom_rate,0.3611111111111111
u7,u7,5,,,100,arms.vector.roles.fragile.conflict_phantoms,6.0
u7,u7,5,,,100,arms.vector.roles.robust.mean_cost,210.63888888888889
u7,u7,5,,,100,arms.vector.roles.robust.phantom_rate,0.3611111111111111
u7,u7,5,,,100,arms.vector.roles.robust.conflict_phantoms,6.0
u7,u7,5,,,100,arms.vector.n_items,67.0
u7,u7,5,,,100,arms.vector.bits,22104.0
u7,u7,5,,,100,arms.rir.roles.fragile.mean_cost,249.75
u7,u7,5,,,100,arms.rir.roles.fragile.phantom_rate,0.1388888888888889
u7,u7,5,,,100,arms.rir.roles.fragile.conflict_phantoms,2.0
u7,u7,5,,,100,arms.rir.roles.robust.mean_cost,228.52777777777777
u7,u7,5,,,100,arms.rir.roles.robust.phantom_rate,0.1388888888888889
u7,u7,5,,,100,arms.rir.roles.robust.conflict_phantoms,2.0
u7,u7,5,,,100,arms.rir.n_items,100.0
u7,u7,5,,,100,arms.rir.bits,32976.0
u7,u7,5,,,100,arms.snapshot.roles.fragile.mean_cost,272.97222222222223
u7,u7,5,,,100,arms.snapshot.roles.fragile.phantom_rate,0.0
u7,u7,5,,,100,arms.snapshot.roles.fragile.conflict_phantoms,0.0
u7,u7,5,,,100,arms.snapshot.roles.robust.mean_cost,249.5
u7,u7,5,,,100,arms.snapshot.roles.robust.phantom_rate,0.0
u7,u7,5,,,100,arms.snapshot.roles.robust.conflict_phantoms,0.0
u7,u7,5,,,100,arms.snapshot.n_items,100.0
u7,u7,5,,,100,arms.snapshot.bits,516986.0
u7,u7,5,,,100,arms.utility.roles.fragile.mean_cost,44.94444444444444
u7,u7,5,,,100,arms.utility.roles.fragile.phantom_rate,0.8055555555555556
u7,u7,5,,,100,arms.utility.roles.fragile.conflict_phantoms,13.0
u7,u7,5,,,100,arms.utility.roles.robust.mean_cost,66.16666666666667
u7,u7,5,,,100,arms.utility.roles.robust.phantom_rate,0.8055555555555556
u7,u7,5,,,100,arms.utility.roles.robust.conflict_phantoms,13.0
u7,u7,5,,,100,arms.utility.n_items,65.0
u7,u7,5,,,100,arms.utility.bits,21256.0
u7,u7,5,,,100,arms.analogy.roles.fragile.mean_cost,65.22222222222223
u7,u7,5,,,100,arms.analogy.roles.fragile.phantom_rate,0.8333333333333334
u7,u7,5,,,100,arms.analogy.roles.fragile.conflict_phantoms,13.0
u7,u7,5,,,100,arms.analogy.roles.robust.mean_cost,87.66666666666667
u7,u7,5,,,100,arms.analogy.roles.robust.phantom_rate,0.8333333333333334
u7,u7,5,,,100,arms.analogy.roles.robust.conflict_phantoms,13.0
u7,u7,5,,,100,arms.analogy.n_items,62.0
u7,u7,5,,,100,arms.analogy.bits,20480.0
u7,u7,5,,,100,arms.ucsm.roles.fragile.mean_cost,74.22222222222223
u7,u7,5,,,100,arms.ucsm.roles.fragile.phantom_rate,0.8333333333333334
u7,u7,5,,,100,arms.ucsm.roles.fragile.conflict_phantoms,12.0
u7,u7,5,,,100,arms.ucsm.roles.robust.mean_cost,99.69444444444444
u7,u7,5,,,100,arms.ucsm.roles.robust.phantom_rate,0.8333333333333334
u7,u7,5,,,100,arms.ucsm.roles.robust.conflict_phantoms,12.0
u7,u7,5,,,100,arms.ucsm.n_items,64.0
u7,u7,5,,,100,arms.ucsm.bits,20944.0
u7,u7,6,,,100,battery,36.0
u7,u7,6,,,100,arms.raw.roles.fragile.mean_cost,44.583333333333336
u7,u7,6,,,100,arms.raw.roles.fragile.phantom_rate,0.6388888888888888
u7,u7,6,,,100,arms.raw.roles.fragile.conflict_phantoms,16.0
u7,u7,6,,,100,arms.raw.roles.robust.mean_cost,57.166666666666664
u7,u7,6,,,100,arms.raw.roles.robust.phantom_rate,0.6388888888888888
u7,u7,6,,,100,arms.raw.roles.robust.conflict_phantoms,16.0
u7,u7,6,,,100,arms.raw.n_items,100.0
u7,u7,6,,,100,arms.raw.bits,33122.0
u7,u7,6,,,100,arms.vector.roles.fragile.mean_cost,207.16666666666666
u7,u7,6,,,100,arms.vector.roles.fragile.phantom_rate,0.2777777777777778
u7,u7,6,,,100,arms.vector.roles.fragile.conflict_phantoms,6.0
u7,u7,6,,,100,arms.vector.roles.robust.mean_cost,190.58333333333334
u7,u7,6,,,100,arms.vector.roles.robust.phantom_rate,0.2777777777777778
u7,u7,6,,,100,arms.vector.roles.robust.conflict_phantoms,6.0
u7,u7,6,,,100,arms.vector.n_items,63.0
u7,u7,6,,,100,arms.vector.bits,20764.0
u7,u7,6,,,100,arms.rir.roles.fragile.mean_cost,205.33333333333334
u7,u7,6,,,100,arms.rir.roles.fragile.phantom_rate,0.1388888888888889
u7,u7,6,,,100,arms.rir.roles.fragile.conflict_phantoms,4.0
u7,u7,6,,,100,arms.rir.roles.robust.mean_cost,190.19444444444446
u7,u7,6,,,100,arms.rir.roles.robust.phantom_rate,0.1388888888888889
u7,u7,6,,,100,arms.rir.roles.robust.conflict_phantoms,4.0
u7,u7,6,,,100,arms.rir.n_items,100.0
u7,u7,6,,,100,arms.rir.bits,33122.0
u7,u7,6,,,100,arms.snapshot.roles.fragile.mean_cost,230.08333333333334
u7,u7,6,,,100,arms.snapshot.roles.fragile.phantom_rate,0.027777777777777776
u7,u7,6,,,100,arms.snapshot.roles.fragile.conflict_phantoms,1.0
u7,u7,6,,,100,arms.snapshot.roles.robust.mean_cost,209.02777777777777
u7,u7,6,,,100,arms.snapshot.roles.robust.phantom_rate,0.027777777777777776
u7,u7,6,,,100,arms.snapshot.roles.robust.conflict_phantoms,1.0
u7,u7,6,,,100,arms.snapshot.n_items,100.0
u7,u7,6,,,100,arms.snapshot.bits,521066.0
u7,u7,6,,,100,arms.utility.roles.fragile.mean_cost,48.638888888888886
u7,u7,6,,,100,arms.utility.roles.fragile.phantom_rate,0.6944444444444444
u7,u7,6,,,100,arms.utility.roles.fragile.conflict_phantoms,14.0
u7,u7,6,,,100,arms.utility.roles.robust.mean_cost,62.111111111111114
u7,u7,6,,,100,arms.utility.roles.robust.phantom_rate,0.6944444444444444
u7,u7,6,,,100,arms.utility.roles.robust.conflict_phantoms,14.0
u7,u7,6,,,100,arms.utility.n_items,60.0
u7,u7,6,,,100,arms.utility.bits,19874.0
u7,u7,6,,,100,arms.analogy.roles.fragile.mean_cost,52.77777777777778
u7,u7,6,,,100,arms.analogy.roles.fragile.phantom_rate,0.6944444444444444
u7,u7,6,,,100,arms.analogy.roles.fragile.conflict_phantoms,13.0
u7,u7,6,,,100,arms.analogy.roles.robust.mean_cost,67.69444444444444
u7,u7,6,,,100,arms.analogy.roles.robust.phantom_rate,0.6944444444444444
u7,u7,6,,,100,arms.analogy.roles.robust.conflict_phantoms,13.0
u7,u7,6,,,100,arms.analogy.n_items,48.0
u7,u7,6,,,100,arms.analogy.bits,15886.0
u7,u7,6,,,100,arms.ucsm.roles.fragile.mean_cost,60.27777777777778
u7,u7,6,,,100,arms.ucsm.roles.fragile.phantom_rate,0.7222222222222222
u7,u7,6,,,100,arms.ucsm.roles.fragile.conflict_phantoms,17.0
u7,u7,6,,,100,arms.ucsm.roles.robust.mean_cost,77.25
u7,u7,6,,,100,arms.ucsm.roles.robust.phantom_rate,0.7222222222222222
u7,u7,6,,,100,arms.ucsm.roles.robust.conflict_phantoms,17.0
u7,u7,6,,,100,arms.ucsm.n_items,57.0
u7,u7,6,,,100,arms.ucsm.bits,18950.0
u7,u7,7,,,100,battery,36.0
u7,u7,7,,,100,arms.raw.roles.fragile.mean_cost,56.666666666666664
u7,u7,7,,,100,arms.raw.roles.fragile.phantom_rate,0.7222222222222222
u7,u7,7,,,100,arms.raw.roles.fragile.conflict_phantoms,14.0
u7,u7,7,,,100,arms.raw.roles.robust.mean_cost,74.77777777777777
u7,u7,7,,,100,arms.raw.roles.robust.phantom_rate,0.7222222222222222
u7,u7,7,,,100,arms.raw.roles.robust.conflict_phantoms,14.0
u7,u7,7,,,100,arms.raw.n_items,100.0
u7,u7,7,,,100,arms.raw.bits,33724.0
u7,u7,7,,,100,arms.vector.roles.fragile.mean_cost,224.27777777777777
u7,u7,7,,,100,arms.vector.roles.fragile.phantom_rate,0.2777777777777778
u7,u7,7,,,100,arms.vector.roles.fragile.conflict_phantoms,4.0
u7,u7,7,,,100,arms.vector.roles.robust.mean_cost,204.97222222222223
u7,u7,7,,,100,arms.vector.roles.robust.phantom_rate,0.2777777777777778
u7,u7,7,,,100,arms.vector.roles.robust.conflict_phantoms,4.0
u7,u7,7,,,100,arms.vector.n_items,69.0
u7,u7,7,,,100,arms.vector.bits,23178.0
u7,u7,7,,,100,arms.rir.roles.fragile.mean_cost,214.22222222222223
u7,u7,7,,,100,arms.rir.roles.fragile.phantom_rate,0.2222222222222222
u7,u7,7,,,100,arms.rir.roles.fragile.conflict_phantoms,5.0
u7,u7,7,,,100,arms.rir.roles.robust.mean_cost,199.25
u7,u7,7,,,100,arms.rir.roles.robust.phantom_rate,0.2222222222222222
u7,u7,7,,,100,arms.rir.roles.robust.conflict_phantoms,5.0
u7,u7,7,,,100,arms.rir.n_items,100.0
u7,u7,7,,,100,arms.rir.bits,33724.0
u7,u7,7,,,100,arms.snapshot.roles.fragile.mean_cost,250.19444444444446
u7,u7,7,,,100,arms.snapshot.roles.fragile.phantom_rate,0.05555555555555555
u7,u7,7,,,100,arms.snapshot.roles.fragile.conflict_phantoms,2.0
u7,u7,7,,,100,arms.snapshot.roles.robust.mean_cost,228.69444444444446
u7,u7,7,,,100,arms.snapshot.roles.robust.phantom_rate,0.05555555555555555
u7,u7,7,,,100,arms.snapshot.roles.robust.conflict_phantoms,2.0
u7,u7,7,,,100,arms.snapshot.n_items,100.0
u7,u7,7,,,100,arms.snapshot.bits,519950.0
u7,u7,7,,,100,arms.utility.roles.fragile.mean_cost,49.916666666666664
u7,u7,7,,,100,arms.utility.roles.fragile.phantom_rate,0.75
u7,u7,7,,,100,arms.utility.roles.fragile.conflict_phantoms,16.0
u7,u7,7,,,100,arms.utility.roles.robust.mean_cost,70.88888888888889
u7,u7,7,,,100,arms.utility.roles.robust.phantom_rate,0.75
u7,u7,7,,,100,arms.utility.roles.robust.conflict_phantoms,16.0
u7,u7,7,,,100,arms.utility.n_items,62.0
u7,u7,7,,,100,arms.utility.bits,21316.0
u7,u7,7,,,100,arms.analogy.roles.fragile.mean_cost,49.416666666666664
u7,u7,7,,,100,arms.analogy.roles.fragile.phantom_rate,0.8055555555555556
u7,u7,7,,,100,arms.analogy.roles.fragile.conflict_phantoms,14.0
u7,u7,7,,,100,arms.analogy.roles.robust.mean_cost,68.02777777777777
u7,u7,7,,,100,arms.analogy.roles.robust.phantom_rate,0.8055555555555556
u7,u7,7,,,100,arms.analogy.roles.robust.conflict_phantoms,14.0
u7,u7,7,,,100,arms.analogy.n_items,58.0
u7,u7,7,,,100,arms.analogy.bits,19716.0
u7,u7,7,,,100,arms.ucsm.roles.fragile.mean_cost,51.27777777777778
u7,u7,7,,,100,arms.ucsm.roles.fragile.phantom_rate,0.8055555555555556
u7,u7,7,,,100,arms.ucsm.roles.fragile.conflict_phantoms,14.0
u7,u7,7,,,100,arms.ucsm.roles.robust.mean_cost,70.72222222222223
u7,u7,7,,,100,arms.ucsm.roles.robust.phantom_rate,0.8055555555555556
u7,u7,7,,,100,arms.ucsm.roles.robust.conflict_phantoms,14.0
u7,u7,7,,,100,arms.ucsm.n_items,59.0
u7,u7,7,,,100,arms.ucsm.bits,20316.0
u7,u7,8,,,100,battery,36.0
u7,u7,8,,,100,arms.raw.roles.fragile.mean_cost,42.77777777777778
u7,u7,8,,,100,arms.raw.roles.fragile.phantom_rate,0.6944444444444444
u7,u7,8,,,100,arms.raw.roles.fragile.conflict_phantoms,13.0
u7,u7,8,,,100,arms.raw.roles.robust.mean_cost,58.69444444444444
u7,u7,8,,,100,arms.raw.roles.robust.phantom_rate,0.6944444444444444
u7,u7,8,,,100,arms.raw.roles.robust.conflict_phantoms,13.0
u7,u7,8,,,100,arms.raw.n_items,100.0
u7,u7,8,,,100,arms.raw.bits,35750.0
u7,u7,8,,,100,arms.vector.roles.fragile.mean_cost,206.19444444444446
u7,u7,8,,,100,arms.vector.roles.fragile.phantom_rate,0.25
u7,u7,8,,,100,arms.vector.roles.fragile.conflict_phantoms,4.0
u7,u7,8,,,100,arms.vector.roles.robust.mean_cost,193.69444444444446
u7,u7,8,,,100,arms.vector.roles.robust.phantom_rate,0.25
u7,u7,8,,,100,arms.vector.roles.robust.conflict_phantoms,4.0
u7,u7,8,,,100,arms.vector.n_items,57.0
u7,u7,8,,,100,arms.vector.bits,20152.0
u7,u7,8,,,100,arms.rir.roles.fragile.mean_cost,238.66666666666666
u7,u7,8,,,100,arms.rir.roles.fragile.phantom_rate,0.1388888888888889
u7,u7,8,,,100,arms.rir.roles.fragile.conflict_phantoms,4.0
u7,u7,8,,,100,arms.rir.roles.robust.mean_cost,222.22222222222223
u7,u7,8,,,100,arms.rir.roles.robust.phantom_rate,0.1388888888888889
u7,u7,8,,,100,arms.rir.roles.robust.conflict_phantoms,4.0
u7,u7,8,,,100,arms.rir.n_items,100.0
u7,u7,8,,,100,arms.rir.bits,35750.0
u7,u7,8,,,100,arms.snapshot.roles.fragile.mean_cost,244.97222222222223
u7,u7,8,,,100,arms.snapshot.roles.fragile.phantom_rate,0.0
u7,u7,8,,,100,arms.snapshot.roles.fragile.conflict_phantoms,0.0
u7,u7,8,,,100,arms.snapshot.roles.robust.mean_cost,227.63888888888889
u7,u7,8,,,100,arms.snapshot.roles.robust.phantom_rate,0.0
u7,u7,8,,,100,arms.snapshot.roles.robust.conflict_phantoms,0.0
u7,u7,8,,,100,arms.snapshot.n_items,100.0
u7,u7,8,,,100,arms.snapshot.bits,522902.0
u7,u7,8,,,100,arms.utility.roles.fragile.mean_cost,49.44444444444444
u7,u7,8,,,100,arms.utility.roles.fragile.phantom_rate,0.8055555555555556
u7,u7,8,,,100,arms.utility.roles.fragile.conflict_phantoms,15.0
u7,u7,8,,,100,arms.utility.roles.robust.mean_cost,65.33333333333333
u7,u7,8,,,100,arms.utility.roles.robust.phantom_rate,0.8055555555555556
u7,u7,8,,,100,arms.utility.roles.robust.conflict_phantoms,15.0
u7,u7,8,,,100,arms.utility.n_items,59.0
u7,u7,8,,,100,arms.utility.bits,20984.0
u7,u7,8,,,100,arms.analogy.roles.fragile.mean_cost,55.833333333333336
u7,u7,8,,,100,arms.analogy.roles.fragile.phantom_rate,0.8055555555555556
u7,u7,8,,,100,arms.analogy.roles.fragile.conflict_phantoms,14.0
u7,u7,8,,,100,arms.analogy.roles.robust.mean_cost,70.19444444444444
u7,u7,8,,,100,arms.analogy.roles.robust.phantom_rate,0.8055555555555556
u7,u7,8,,,100,arms.analogy.roles.robust.conflict_phantoms,14.0
u7,u7,8,,,100,arms.analogy.n_items,50.0
u7,u7,8,,,100,arms.analogy.bits,17854.0
u7,u7,8,,,100,arms.ucsm.roles.fragile.mean_cost,59.083333333333336
u7,u7,8,,,100,arms.ucsm.roles.fragile.phantom_rate,0.7222222222222222
u7,u7,8,,,100,arms.ucsm.roles.fragile.conflict_phantoms,13.0
u7,u7,8,,,100,arms.ucsm.roles.robust.mean_cost,73.77777777777777
u7,u7,8,,,100,arms.ucsm.roles.robust.phantom_rate,0.7222222222222222
u7,u7,8,,,100,arms.ucsm.roles.robust.conflict_phantoms,13.0
u7,u7,8,,,100,arms.ucsm.n_items,55.0
u7,u7,8,,,100,arms.ucsm.bits,19572.0
u7,u7,9,,,100,battery,36.0
u7,u7,9,,,100,arms.raw.roles.fragile.mean_cost,55.388888888888886
u7,u7,9,,,100,arms.raw.roles.fragile.phantom_rate,0.7222222222222222
u7,u7,9,,,100,arms.raw.roles.fragile.conflict_phantoms,17.0
u7,u7,9,,,100,arms.raw.roles.robust.mean_cost,73.75
u7,u7,9,,,100,arms.raw.roles.robust.phantom_rate,0.7222222222222222
u7,u7,9,,,100,arms.raw.roles.robust.conflict_phantoms,17.0
u7,u7,9,,,100,arms.raw.n_items,100.0
u7,u7,9,,,100,arms.raw.bits,32592.0
u7,u7,9,,,100,arms.vector.roles.fragile.mean_cost,197.05555555555554
u7,u7,9,,,100,arms.vector.roles.fragile.phantom_rate,0.3055555555555556
u7,u7,9,,,100,arms.vector.roles.fragile.conflict_phantoms,7.0
u7,u7,9,,,100,arms.vector.roles.robust.mean_cost,187.11111111111111
u7,u7,9,,,100,arms.vector.roles.robust.phantom_rate,0.3055555555555556
u7,u7,9,,,100,arms.vector.roles.robust.conflict_phantoms,7.0
u7,u7,9,,,100,arms.vector.n_items,67.0
u7,u7,9,,,100,arms.vector.bits,21926.0
u7,u7,9,,,100,arms.rir.roles.fragile.mean_cost,235.16666666666666
u7,u7,9,,,100,arms.rir.roles.fragile.phantom_rate,0.1111111111111111
u7,u7,9,,,100,arms.rir.roles.fragile.conflict_phantoms,3.0
u7,u7,9,,,100,arms.rir.roles.robust.mean_cost,218.52777777777777
u7,u7,9,,,100,arms.rir.roles.robust.phantom_rate,0.1111111111111111
u7,u7,9,,,100,arms.rir.roles.robust.conflict_phantoms,3.0
u7,u7,9,,,100,arms.rir.n_items,100.0
u7,u7,9,,,100,arms.rir.bits,32592.0
u7,u7,9,,,100,arms.snapshot.roles.fragile.mean_cost,251.66666666666666
u7,u7,9,,,100,arms.snapshot.roles.fragile.phantom_rate,0.0
u7,u7,9,,,100,arms.snapshot.roles.fragile.conflict_phantoms,0.0
u7,u7,9,,,100,arms.snapshot.roles.robust.mean_cost,231.72222222222223
u7,u7,9,,,100,arms.snapshot.roles.robust.phantom_rate,0.0
u7,u7,9,,,100,arms.snapshot.roles.robust.conflict_phantoms,0.0
u7,u7,9,,,100,arms.snapshot.n_items,100.0
u7,u7,9,,,100,arms.snapshot.bits,517466.0
u7,u7,9,,,100,arms.utility.roles.fragile.mean_cost,55.19444444444444
u7,u7,9,,,100,arms.utility.roles.fragile.phantom_rate,0.75
u7,u7,9,,,100,arms.utility.roles.fragile.conflict_phantoms,17.0
u7,u7,9,,,100,arms.utility.roles.robust.mean_cost,74.41666666666667
u7,u7,9,,,100,arms.utility.roles.robust.phantom_rate,0.75
u7,u7,9,,,100,arms.utility.roles.robust.conflict_phantoms,17.0
u7,u7,9,,,100,arms.utility.n_items,66.0
u7,u7,9,,,100,arms.utility.bits,21816.0
u7,u7,9,,,100,arms.analogy.roles.fragile.mean_cost,71.88888888888889
u7,u7,9,,,100,arms.analogy.roles.fragile.phantom_rate,0.8333333333333334
u7,u7,9,,,100,arms.analogy.roles.fragile.conflict_phantoms,15.0
u7,u7,9,,,100,arms.analogy.roles.robust.mean_cost,92.58333333333333
u7,u7,9,,,100,arms.analogy.roles.robust.phantom_rate,0.8333333333333334
u7,u7,9,,,100,arms.analogy.roles.robust.conflict_phantoms,15.0
u7,u7,9,,,100,arms.analogy.n_items,59.0
u7,u7,9,,,100,arms.analogy.bits,19382.0
u7,u7,9,,,100,arms.ucsm.roles.fragile.mean_cost,67.0
u7,u7,9,,,100,arms.ucsm.roles.fragile.phantom_rate,0.8888888888888888
u7,u7,9,,,100,arms.ucsm.roles.fragile.conflict_phantoms,17.0
u7,u7,9,,,100,arms.ucsm.roles.robust.mean_cost,90.05555555555556
u7,u7,9,,,100,arms.ucsm.roles.robust.phantom_rate,0.8888888888888888
u7,u7,9,,,100,arms.ucsm.roles.robust.conflict_phantoms,17.0
u7,u7,9,,,100,arms.ucsm.n_items,64.0
u7,u7,9,,,100,arms.ucsm.bits,21148.0
u7,u7,10,,,100,battery,36.0
u7,u7,10,,,100,arms.raw.roles.fragile.mean_cost,60.638888888888886
u7,u7,10,,,100,arms.raw.roles.fragile.phantom_rate,0.6944444444444444
u7,u7,10,,,100,arms.raw.roles.fragile.conflict_phantoms,5.0
u7,u7,10,,,100,arms.raw.roles.robust.mean_cost,75.58333333333333
u7,u7,10,,,100,arms.raw.roles.robust.phantom_rate,0.6944444444444444
u7,u7,10,,,100,arms.raw.roles.robust.conflict_phantoms,5.0
u7,u7,10,,,100,arms.raw.n_items,100.0
u7,u7,10,,,100,arms.raw.bits,34148.0
u7,u7,10,,,100,arms.vector.roles.fragile.mean_cost,192.75
u7,u7,10,,,100,arms.vector.roles.fragile.phantom_rate,0.3611111111111111
u7,u7,10,,,100,arms.vector.roles.fragile.conflict_phantoms,3.0
u7,u7,10,,,100,arms.vector.roles.robust.mean_cost,180.94444444444446
u7,u7,10,,,100,arms.vector.roles.robust.phantom_rate,0.3611111111111111
u7,u7,10,,,100,arms.vector.roles.robust.conflict_phantoms,3.0
u7,u7,10,,,100,arms.vector.n_items,64.0
u7,u7,10,,,100,arms.vector.bits,21622.0
u7,u7,10,,,100,arms.rir.roles.fragile.mean_cost,201.83333333333334
u7,u7,10,,,100,arms.rir.roles.fragile.phantom_rate,0.2222222222222222
u7,u7,10,,,100,arms.rir.roles.fragile.conflict_phantoms,0.0
u7,u7,10,,,100,arms.rir.roles.robust.mean_cost,189.47222222222223
u7,u7,10,,,100,arms.rir.roles.robust.phantom_rate,0.2222222222222222
u7,u7,10,,,100,arms.rir.roles.robust.conflict_phantoms,0.0
u7,u7,10,,,100,arms.rir.n_items,100.0
u7,u7,10,,,100,arms.rir.bits,34148.0
u7,u7,10,,,100,arms.snapshot.roles.fragile.mean_cost,238.38888888888889
u7,u7,10,,,100,arms.snapshot.roles.fragile.phantom_rate,0.027777777777777776
u7,u7,10,,,100,arms.snapshot.roles.fragile.conflict_phantoms,0.0
u7,u7,10,,,100,arms.snapshot.roles.robust.mean_cost,218.58333333333334
u7,u7,10,,,100,arms.snapshot.roles.robust.phantom_rate,0.027777777777777776
u7,u7,10,,,100,arms.snapshot.roles.robust.conflict_phantoms,0.0
u7,u7,10,,,100,arms.snapshot.n_items,100.0
u7,u7,10,,,100,arms.snapshot.bits,520832.0
u7,u7,10,,,100,arms.utility.roles.fragile.mean_cost,64.0
u7,u7,10,,,100,arms.utility.roles.fragile.phantom_rate,0.8055555555555556
u7,u7,10,,,100,arms.utility.roles.fragile.conflict_phantoms,6.0
u7,u7,10,,,100,arms.utility.roles.robust.mean_cost,75.25
u7,u7,10,,,100,arms.utility.roles.robust.phantom_rate,0.8055555555555556
u7,u7,10,,,100,arms.utility.roles.robust.conflict_phantoms,6.0
u7,u7,10,,,100,arms.utility.n_items,61.0
u7,u7,10,,,100,arms.utility.bits,20894.0
u7,u7,10,,,100,arms.analogy.roles.fragile.mean_cost,50.166666666666664
u7,u7,10,,,100,arms.analogy.roles.fragile.phantom_rate,0.8333333333333334
u7,u7,10,,,100,arms.analogy.roles.fragile.conflict_phantoms,7.0
u7,u7,10,,,100,arms.analogy.roles.robust.mean_cost,69.80555555555556
u7,u7,10,,,100,arms.analogy.roles.robust.phantom_rate,0.8333333333333334
u7,u7,10,,,100,arms.analogy.roles.robust.conflict_phantoms,7.0
u7,u7,10,,,100,arms.analogy.n_items,58.0
u7,u7,10,,,100,arms.analogy.bits,19726.0
u7,u7,10,,,100,arms.ucsm.roles.fragile.mean_cost,50.833333333333336
u7,u7,10,,,100,arms.ucsm.roles.fragile.phantom_rate,0.8888888888888888
u7,u7,10,,,100,arms.ucsm.roles.fragile.conflict_phantoms,7.0
u7,u7,10,,,100,arms.ucsm.roles.robust.mean_cost,70.80555555555556
u7,u7,10,,,100,arms.ucsm.roles.robust.phantom_rate,0.8888888888888888
u7,u7,10,,,100,arms.ucsm.roles.robust.conflict_phantoms,7.0
u7,u7,10,,,100,arms.ucsm.n_items,58.0
u7,u7,10,,,100,arms.ucsm.bits,20008.0
u7,u7,11,,,100,battery,36.0
u7,u7,11,,,100,arms.raw.roles.fragile.mean_cost,52.25
u7,u7,11,,,100,arms.raw.roles.fragile.phantom_rate,0.6666666666666666
u7,u7,11,,,100,arms.raw.roles.fragile.conflict_phantoms,12.0
u7,u7,11,,,100,arms.raw.roles.robust.mean_cost,68.5
u7,u7,11,,,100,arms.raw.roles.robust.phantom_rate,0.6666666666666666
u7,u7,11,,,100,arms.raw.roles.robust.conflict_phantoms,12.0
u7,u7,11,,,100,arms.raw.n_items,100.0
u7,u7,11,,,100,arms.raw.bits,36944.0
u7,u7,11,,,100,arms.vector.roles.fragile.mean_cost,216.77777777777777
u7,u7,11,,,100,arms.vector.roles.fragile.phantom_rate,0.3055555555555556
u7,u7,11,,,100,arms.vector.roles.fragile.conflict_phantoms,7.0
u7,u7,11,,,100,arms.vector.roles.robust.mean_cost,198.19444444444446
u7,u7,11,,,100,arms.vector.roles.robust.phantom_rate,0.3055555555555556
u7,u7,11,,,100,arms.vector.roles.robust.conflict_phantoms,7.0
u7,u7,11,,,100,arms.vector.n_items,56.0
u7,u7,11,,,100,arms.vector.bits,20572.0
u7,u7,11,,,100,arms.rir.roles.fragile.mean_cost,229.0
u7,u7,11,,,100,arms.rir.roles.fragile.phantom_rate,0.16666666666666666
u7,u7,11,,,100,arms.rir.roles.fragile.conflict_phantoms,2.0
u7,u7,11,,,100,arms.rir.roles.robust.mean_cost,209.30555555555554
u7,u7,11,,,100,arms.rir.roles.robust.phantom_rate,0.16666666666666666
u7,u7,11,,,100,arms.rir.roles.robust.conflict_phantoms,2.0
u7,u7,11,,,100,arms.rir.n_items,100.0
u7,u7,11,,,100,arms.rir.bits,36944.0
u7,u7,11,,,100,arms.snapshot.roles.fragile.mean_cost,230.25
u7,u7,11,,,100,arms.snapshot.roles.fragile.phantom_rate,0.0
u7,u7,11,,,100,arms.snapshot.roles.fragile.conflict_phantoms,0.0
u7,u7,11,,,100,arms.snapshot.roles.robust.mean_cost,208.69444444444446
u7,u7,11,,,100,arms.snapshot.roles.robust.phantom_rate,0.0
u7,u7,11,,,100,arms.snapshot.roles.robust.conflict_phantoms,0.0
u7,u7,11,,,100,arms.snapshot.n_items,100.0
u7,u7,11,,,100,arms.snapshot.bits,520700.0
u7,u7,11,,,100,arms.utility.roles.fragile.mean_cost,63.5
u7,u7,11,,,100,arms.utility.roles.fragile.phantom_rate,0.75
u7,u7,11,,,100,arms.utility.roles.fragile.conflict_phantoms,15.0
u7,u7,11,,,100,arms.utility.roles.robust.mean_cost,77.33333333333333
u7,u7,11,,,100,arms.utility.roles.robust.phantom_rate,0.75
u7,u7,11,,,100,arms.utility.roles.robust.conflict_phantoms,15.0
u7,u7,11,,,100,arms.utility.n_items,59.0
u7,u7,11,,,100,arms.utility.bits,21762.0
u7,u7,11,,,100,arms.analogy.roles.fragile.mean_cost,70.83333333333333
u7,u7,11,,,100,arms.analogy.roles.fragile.phantom_rate,0.6666666666666666
u7,u7,11,,,100,arms.analogy.roles.fragile.conflict_phantoms,12.0
u7,u7,11,,,100,arms.analogy.roles.robust.mean_cost,87.80555555555556
u7,u7,11,,,100,arms.analogy.roles.robust.phantom_rate,0.6666666666666666
u7,u7,11,,,100,arms.analogy.roles.robust.conflict_phantoms,12.0
u7,u7,11,,,100,arms.analogy.n_items,49.0
u7,u7,11,,,100,arms.analogy.bits,18326.0
u7,u7,11,,,100,arms.ucsm.roles.fragile.mean_cost,60.0
u7,u7,11,,,100,arms.ucsm.roles.fragile.phantom_rate,0.7777777777777778
u7,u7,11,,,100,arms.ucsm.roles.fragile.conflict_phantoms,15.0
u7,u7,11,,,100,arms.ucsm.roles.robust.mean_cost,78.83333333333333
u7,u7,11,,,100,arms.ucsm.roles.robust.phantom_rate,0.7777777777777778
u7,u7,11,,,100,arms.ucsm.roles.robust.conflict_phantoms,15.0
u7,u7,11,,,100,arms.ucsm.n_items,56.0
u7,u7,11,,,100,arms.ucsm.bits,20696.0
u7,u7,0,,,10,battery,18.0
u7,u7,0,,,10,arms.raw.roles.fragile.mean_cost,104.05555555555556
u7,u7,0,,,10,arms.raw.roles.fragile.phantom_rate,0.2777777777777778
u7,u7,0,,,10,arms.raw.roles.fragile.conflict_phantoms,0.0
u7,u7,0,,,10,arms.raw.roles.robust.mean_cost,109.33333333333333
u7,u7,0,,,10,arms.raw.roles.robust.phantom_rate,0.2777777777777778
u7,u7,0,,,10,arms.raw.roles.robust.conflict_phantoms,0.0
u7,u7,0,,,10,arms.raw.n_items,10.0
u7,u7,0,,,10,arms.raw.bits,3962.0
u7,u7,0,,,10,arms.vector.roles.fragile.mean_cost,190.27777777777777
u7,u7,0,,,10,arms.vector.roles.fragile.phantom_rate,0.1111111111111111
u7,u7,0,,,10,arms.vector.roles.fragile.conflict_phantoms,0.0
u7,u7,0,,,10,arms.vector.roles.robust.mean_cost,179.16666666666666
u7,u7,0,,,10,arms.vector.roles.robust.phantom_rate,0.1111111111111111
u7,u7,0,,,10,arms.vector.roles.robust.conflict_phantoms,0.0
u7,u7,0,,,10,arms.vector.n_items,7.0
u7,u7,0,,,10,arms.vector.bits,2704.0
u7,u7,0,,,10,arms.rir.roles.fragile.mean_cost,260.1111111111111
u7,u7,0,,,10,arms.rir.roles.fragile.phantom_rate,0.05555555555555555
u7,u7,0,,,10,arms.rir.roles.fragile.conflict_phantoms,0.0
u7,u7,0,,,10,arms.rir.roles.robust.mean_cost,236.16666666666666
u7,u7,0,,,10,arms.rir.roles.robust.phantom_rate,0.05555555555555555
u7,u7,0,,,10,arms.rir.roles.robust.conflict_phantoms,0.0
u7,u7,0,,,10,arms.rir.n_items,10.0
u7,u7,0,,,10,arms.rir.bits,3962.0
u7,u7,0,,,10,arms.snapshot.roles.fragile.mean_cost,261.22222222222223
u7,u7,0,,,10,arms.snapshot.roles.fragile.phantom_rate,0.0
u7,u7,0,,,10,arms.snapshot.roles.fragile.conflict_phantoms,0.0
u7,u7,0,,,10,arms.snapshot.roles.robust.mean_cost,237.11111111111111
u7,u7,0,,,10,arms.snapshot.roles.robust.phantom_rate,0.0
u7,u7,0,,,10,arms.snapshot.roles.robust.conflict_phantoms,0.0
u7,u7,0,,,10,arms.snapshot.n_items,10.0
u7,u7,0,,,10,arms.snapshot.bits,52538.0
u7,u7,0,,,10,arms.utility.roles.fragile.mean_cost,104.05555555555556
u7,u7,0,,,10,arms.utility.roles.fragile.phantom_rate,0.2222222222222222
u7,u7,0,,,10,arms.utility.roles.fragile.conflict_phantoms,0.0
u7,u7,0,,,10,arms.utility.roles.robust.mean_cost,109.33333333333333
u7,u7,0,,,10,arms.utility.roles.robust.phantom_rate,0.2222222222222222
u7,u7,0,,,10,arms.utility.roles.robust.conflict_phantoms,0.0
u7,u7,0,,,10,arms.utility.n_items,8.0
u7,u7,0,,,10,arms.utility.bits,3084.0
u7,u7,0,,,10,arms.analogy.roles.fragile.mean_cost,112.38888888888889
u7,u7,0,,,10,arms.analogy.roles.fragile.phantom_rate,0.2222222222222222
u7,u7,0,,,10,arms.analogy.roles.fragile.conflict_phantoms,0.0
u7,u7,0,,,10,arms.analogy.roles.robust.mean_cost,115.38888888888889
u7,u7,0,,,10,arms.analogy.roles.robust.phantom_rate,0.2222222222222222
u7,u7,0,,,10,arms.analogy.roles.robust.conflict_phantoms,0.0
u7,u7,0,,,10,arms.analogy.n_items,7.0
u7,u7,0,,,10,arms.analogy.bits,2704.0
u7,u7,0,,,10,arms.ucsm.roles.fragile.mean_cost,113.27777777777777
u7,u7,0,,,10,arms.ucsm.roles.fragile.phantom_rate,0.2222222222222222
u7,u7,0,,,10,arms.ucsm.roles.fragile.conflict_phantoms,0.0
u7,u7,0,,,10,arms.ucsm.roles.robust.mean_cost,115.88888888888889
u7,u7,0,,,10,arms.ucsm.roles.robust.phantom_rate,0.2222222222222222
u7,u7,0,,,10,arms.ucsm.roles.robust.conflict_phantoms,0.0
u7,u7,0,,,10,arms.ucsm.n_items,8.0
u7,u7,0,,,10,arms.ucsm.bits,3084.0
u7,u7,1,,,10,battery,6.0
u7,u7,1,,,10,arms.raw.roles.fragile.mean_cost,125.66666666666667
u7,u7,1,,,10,arms.raw.roles.fragile.phantom_rate,0.16666666666666666
u7,u7,1,,,10,arms.raw.roles.fragile.conflict_phantoms,1.0
u7,u7,1,,,10,arms.raw.roles.robust.mean_cost,121.0
u7,u7,1,,,10,arms.raw.roles.robust.phantom_rate,0.16666666666666666
u7,u7,1,,,10,arms.raw.roles.robust.conflict_phantoms,1.0
u7,u7,1,,,10,arms.raw.n_items,10.0
u7,u7,1,,,10,arms.raw.bits,3084.0
u7,u7,1,,,10,arms.vector.roles.fragile.mean_cost,125.66666666666667
u7,u7,1,,,10,arms.vector.roles.fragile.phantom_rate,0.16666666666666666
u7,u7,1,,,10,arms.vector.roles.fragile.conflict_phantoms,1.0
u7,u7,1,,,10,arms.vector.roles.robust.mean_cost,121.0
u7,u7,1,,,10,arms.vector.roles.robust.phantom_rate,0.16666666666666666
u7,u7,1,,,10,arms.vector.roles.robust.conflict_phantoms,1.0
u7,u7,1,,,10,arms.vector.n_items,5.0
u7,u7,1,,,10,arms.vector.bits,1494.0
u7,u7,1,,,10,arms.rir.roles.fragile.mean_cost,172.0
u7,u7,1,,,10,arms.rir.roles.fragile.phantom_rate,0.0
u7,u7,1,,,10,arms.rir.roles.fragile.conflict_phantoms,0.0
u7,u7,1,,,10,arms.rir.roles.robust.mean_cost,160.0
u7,u7,1,,,10,arms.rir.roles.robust.phantom_rate,0.0
u7,u7,1,,,10,arms.rir.roles.robust.conflict_phantoms,0.0
u7,u7,1,,,10,arms.rir.n_items,10.0
u7,u7,1,,,10,arms.rir.bits,3084.0
u7,u7,1,,,10,arms.snapshot.roles.fragile.mean_cost,217.33333333333334
u7,u7,1,,,10,arms.snapshot.roles.fragile.phantom_rate,0.0
u7,u7,1,,,10,arms.snapshot.roles.fragile.conflict_phantoms,0.0
u7,u7,1,,,10,arms.snapshot.roles.robust.mean_cost,200.83333333333334
u7,u7,1,,,10,arms.snapshot.roles.robust.phantom_rate,0.0
u7,u7,1,,,10,arms.snapshot.roles.robust.conflict_phantoms,0.0
u7,u7,1,,,10,arms.snapshot.n_items,10.0
u7,u7,1,,,10,arms.snapshot.bits,52718.0
u7,u7,1,,,10,arms.utility.roles.fragile.mean_cost,126.33333333333333
u7,u7,1,,,10,arms.utility.roles.fragile.phantom_rate,0.3333333333333333
u7,u7,1,,,10,arms.utility.roles.fragile.conflict_phantoms,2.0
u7,u7,1,,,10,arms.utility.roles.robust.mean_cost,122.33333333333333
u7,u7,1,,,10,arms.utility.roles.robust.phantom_rate,0.3333333333333333
u7,u7,1,,,10,arms.utility.roles.robust.conflict_phantoms,2.0
u7,u7,1,,,10,arms.utility.n_items,4.0
u7,u7,1,,,10,arms.utility.bits,1164.0
u7,u7,1,,,10,arms.analogy.roles.fragile.mean_cost,125.66666666666667
u7,u7,1,,,10,arms.analogy.roles.fragile.phantom_rate,0.16666666666666666
u7,u7,1,,,10,arms.analogy.roles.fragile.conflict_phantoms,1.0
u7,u7,1,,,10,arms.analogy.roles.robust.mean_cost,121.0
u7,u7,1,,,10,arms.analogy.roles.robust.phantom_rate,0.16666666666666666
u7,u7,1,,,10,arms.analogy.roles.robust.conflict_phantoms,1.0
u7,u7,1,,,10,arms.analogy.n_items,4.0
u7,u7,1,,,10,arms.analogy.bits,1176.0
u7,u7,1,,,10,arms.ucsm.roles.fragile.mean_cost,126.33333333333333
u7,u7,1,,,10,arms.ucsm.roles.fragile.phantom_rate,0.3333333333333333
u7,u7,1,,,10,arms.ucsm.roles.fragile.conflict_phantoms,2.0
u7,u7,1,,,10,arms.ucsm.roles.robust.mean_cost,122.33333333333333
u7,u7,1,,,10,arms.ucsm.roles.robust.phantom_rate,0.3333333333333333
u7,u7,1,,,10,arms.ucsm.roles.robust.conflict_phantoms,2.0
u7,u7,1,,,10,arms.ucsm.n_items,4.0
u7,u7,1,,,10,arms.ucsm.bits,1164.0
u7,u7,2,,,10,battery,12.0
u7,u7,2,,,10,arms.raw.roles.fragile.mean_cost,123.75
u7,u7,2,,,10,arms.raw.roles.fragile.phantom_rate,0.25
u7,u7,2,,,10,arms.raw.roles.fragile.conflict_phantoms,1.0
u7,u7,2,,,10,arms.raw.roles.robust.mean_cost,124.58333333333333
u7,u7,2,,,10,arms.raw.roles.robust.phantom_rate,0.25
u7,u7,2,,,10,arms.raw.roles.robust.conflict_phantoms,1.0
u7,u7,2,,,10,arms.raw.n_items,10.0
u7,u7,2,,,10,arms.raw.bits,3764.0
u7,u7,2,,,10,arms.vector.roles.fragile.mean_cost,156.0
u7,u7,2,,,10,arms.vector.roles.fragile.phantom_rate,0.16666666666666666
u7,u7,2,,,10,arms.vector.roles.fragile.conflict_phantoms,0.0
u7,u7,2,,,10,arms.vector.roles.robust.mean_cost,150.75
u7,u7,2,,,10,arms.vector.roles.robust.phantom_rate,0.16666666666666666
u7,u7,2,,,10,arms.vector.roles.robust.conflict_phantoms,0.0
u7,u7,2,,,10,arms.vector.n_items,7.0
u7,u7,2,,,10,arms.vector.bits,2636.0
u7,u7,2,,,10,arms.rir.roles.fragile.mean_cost,159.33333333333334
u7,u7,2,,,10,arms.rir.roles.fragile.phantom_rate,0.16666666666666666
u7,u7,2,,,10,arms.rir.roles.fragile.conflict_phantoms,0.0
u7,u7,2,,,10,arms.rir.roles.robust.mean_cost,155.5
u7,u7,2,,,10,arms.rir.roles.robust.phantom_rate,0.16666666666666666
u7,u7,2,,,10,arms.rir.roles.robust.conflict_phantoms,0.0
u7,u7,2,,,10,arms.rir.n_items,10.0
u7,u7,2,,,10,arms.rir.bits,3764.0
u7,u7,2,,,10,arms.snapshot.roles.fragile.mean_cost,204.5
u7,u7,2,,,10,arms.snapshot.roles.fragile.phantom_rate,0.0
u7,u7,2,,,10,arms.snapshot.roles.fragile.conflict_phantoms,0.0
u7,u7,2,,,10,arms.snapshot.roles.robust.mean_cost,190.5
u7,u7,2,,,10,arms.snapshot.roles.robust.phantom_rate,0.0
u7,u7,2,,,10,arms.snapshot.roles.robust.conflict_phantoms,0.0
u7,u7,2,,,10,arms.snapshot.n_items,10.0
u7,u7,2,,,10,arms.snapshot.bits,52490.0
u7,u7,2,,,10,arms.utility.roles.fragile.mean_cost,124.25
u7,u7,2,,,10,arms.utility.roles.fragile.phantom_rate,0.3333333333333333
u7,u7,2,,,10,arms.utility.roles.fragile.conflict_phantoms,1.0
u7,u7,2,,,10,arms.utility.roles.robust.mean_cost,125.58333333333333
u7,u7,2,,,10,arms.utility.roles.robust.phantom_rate,0.3333333333333333
u7,u7,2,,,10,arms.utility.roles.robust.conflict_phantoms,1.0
u7,u7,2,,,10,arms.utility.n_items,7.0
u7,u7,2,,,10,arms.utility.bits,2528.0
u7,u7,2,,,10,arms.analogy.roles.fragile.mean_cost,123.58333333333333
u7,u7,2,,,10,arms.analogy.roles.fragile.phantom_rate,0.25
u7,u7,2,,,10,arms.analogy.roles.fragile.conflict_phantoms,1.0
u7,u7,2,,,10,arms.analogy.roles.robust.mean_cost,124.25
u7,u7,2,,,10,arms.analogy.roles.robust.phantom_rate,0.25
u7,u7,2,,,10,arms.analogy.roles.robust.conflict_phantoms,1.0
u7,u7,2,,,10,arms.analogy.n_items,6.0
u7,u7,2,,,10,arms.analogy.bits,2298.0
u7,u7,2,,,10,arms.ucsm.roles.fragile.mean_cost,123.41666666666667
u7,u7,2,,,10,arms.ucsm.roles.fragile.phantom_rate,0.3333333333333333
u7,u7,2,,,10,arms.ucsm.roles.fragile.conflict_phantoms,2.0
u7,u7,2,,,10,arms.ucsm.roles.robust.mean_cost,124.0
u7,u7,2,,,10,arms.ucsm.roles.robust.phantom_rate,0.3333333333333333
u7,u7,2,,,10,arms.ucsm.roles.robust.conflict_phantoms,2.0
u7,u7,2,,,10,arms.ucsm.n_items,7.0
u7,u7,2,,,10,arms.ucsm.bits,2528.0
u7,u7,3,,,10,battery,15.0
u7,u7,3,,,10,arms.raw.roles.fragile.mean_cost,147.73333333333332
u7,u7,3,,,10,arms.raw.roles.fragile.phantom_rate,0.2
u7,u7,3,,,10,arms.raw.roles.fragile.conflict_phantoms,0.0
u7,u7,3,,,10,arms.raw.roles.robust.mean_cost,132.06666666666666
u7,u7,3,,,10,arms.raw.roles.robust.phantom_rate,0.2
u7,u7,3,,,10,arms.raw.roles.robust.conflict_phantoms,0.0
u7,u7,3,,,10,arms.raw.n_items,10.0
u7,u7,3,,,10,arms.raw.bits,3520.0
u7,u7,3,,,10,arms.vector.roles.fragile.mean_cost,178.8
u7,u7,3,,,10,arms.vector.roles.fragile.phantom_rate,0.3333333333333333
u7,u7,3,,,10,arms.vector.roles.fragile.conflict_phantoms,0.0
u7,u7,3,,,10,arms.vector.roles.robust.mean_cost,156.73333333333332
u7,u7,3,,,10,arms.vector.roles.robust.phantom_rate,0.3333333333333333
u7,u7,3,,,10,arms.vector.roles.robust.conflict_phantoms,0.0
u7,u7,3,,,10,arms.vector.n_items,7.0
u7,u7,3,,,10,arms.vector.bits,2448.0
u7,u7,3,,,10,arms.rir.roles.fragile.mean_cost,206.73333333333332
u7,u7,3,,,10,arms.rir.roles.fragile.phantom_rate,0.06666666666666667
u7,u7,3,,,10,arms.rir.roles.fragile.conflict_phantoms,0.0
u7,u7,3,,,10,arms.rir.roles.robust.mean_cost,177.13333333333333
u7,u7,3,,,10,arms.rir.roles.robust.phantom_rate,0.06666666666666667
u7,u7,3,,,10,arms.rir.roles.robust.conflict_phantoms,0.0
u7,u7,3,,,10,arms.rir.n_items,10.0
u7,u7,3,,,10,arms.rir.bits,3520.0
u7,u7,3,,,10,arms.snapshot.roles.fragile.mean_cost,198.73333333333332
u7,u7,3,,,10,arms.snapshot.roles.fragile.phantom_rate,0.0
u7,u7,3,,,10,arms.snapshot.roles.fragile.conflict_phantoms,0.0
u7,u7,3,,,10,arms.snapshot.roles.robust.mean_cost,173.13333333333333
u7,u7,3,,,10,arms.snapshot.roles.robust.phantom_rate,0.0
u7,u7,3,,,10,arms.snapshot.roles.robust.conflict_phantoms,0.0
u7,u7,3,,,10,arms.snapshot.n_items,10.0
u7,u7,3,,,10,arms.snapshot.bits,52076.0
u7,u7,3,,,10,arms.utility.roles.fragile.mean_cost,147.73333333333332
u7,u7,3,,,10,arms.utility.roles.fragile.phantom_rate,0.2
u7,u7,3,,,10,arms.utility.roles.fragile.conflict_phantoms,0.0
u7,u7,3,,,10,arms.utility.roles.robust.mean_cost,132.06666666666666
u7,u7,3,,,10,arms.utility.roles.robust.phantom_rate,0.2
u7,u7,3,,,10,arms.utility.roles.robust.conflict_phantoms,0.0
u7,u7,3,,,10,arms.utility.n_items,7.0
u7,u7,3,,,10,arms.utility.bits,2448.0
u7,u7,3,,,10,arms.analogy.roles.fragile.mean_cost,152.26666666666668
u7,u7,3,,,10,arms.analogy.roles.fragile.phantom_rate,0.3333333333333333
u7,u7,3,,,10,arms.analogy.roles.fragile.conflict_phantoms,0.0
u7,u7,3,,,10,arms.analogy.roles.robust.mean_cost,134.13333333333333
u7,u7,3,,,10,arms.analogy.roles.robust.phantom_rate,0.3333333333333333
u7,u7,3,,,10,arms.analogy.roles.robust.conflict_phantoms,0.0
u7,u7,3,,,10,arms.analogy.n_items,7.0
u7,u7,3,,,10,arms.analogy.bits,2448.0
u7,u7,3,,,10,arms.ucsm.roles.fragile.mean_cost,152.26666666666668
u7,u7,3,,,10,arms.ucsm.roles.fragile.phantom_rate,0.3333333333333333
u7,u7,3,,,10,arms.ucsm.roles.fragile.conflict_phantoms,0.0
u7,u7,3,,,10,arms.ucsm.roles.robust.mean_cost,134.13333333333333
u7,u7,3,,,10,arms.ucsm.roles.robust.phantom_rate,0.3333333333333333
u7,u7,3,,,10,arms.ucsm.roles.robust.conflict_phantoms,0.0
u7,u7,3,,,10,arms.ucsm.n_items,7.0
u7,u7,3,,,10,arms.ucsm.bits,2448.0
u7,u7,4,,,10,battery,6.0
u7,u7,4,,,10,arms.raw.roles.fragile.mean_cost,190.5
u7,u7,4,,,10,arms.raw.roles.fragile.phantom_rate,0.0
u7,u7,4,,,10,arms.raw.roles.fragile.conflict_phantoms,0.0
u7,u7,4,,,10,arms.raw.roles.robust.mean_cost,177.83333333333334
u7,u7,4,,,10,arms.raw.roles.robust.phantom_rate,0.0
u7,u7,4,,,10,arms.raw.roles.robust.conflict_phantoms,0.0
u7,u7,4,,,10,arms.raw.n_items,10.0
u7,u7,4,,,10,arms.raw.bits,3372.0
u7,u7,4,,,10,arms.vector.roles.fragile.mean_cost,190.83333333333334
u7,u7,4,,,10,arms.vector.roles.fragile.phantom_rate,0.16666666666666666
u7,u7,4,,,10,arms.vector.roles.fragile.conflict_phantoms,1.0
u7,u7,4,,,10,arms.vector.roles.robust.mean_cost,178.0
u7,u7,4,,,10,arms.vector.roles.robust.phantom_rate,0.16666666666666666
u7,u7,4,,,10,arms.vector.roles.robust.conflict_phantoms,1.0
u7,u7,4,,,10,arms.vector.n_items,6.0
u7,u7,4,,,10,arms.vector.bits,1910.0
u7,u7,4,,,10,arms.rir.roles.fragile.mean_cost,236.33333333333334
u7,u7,4,,,10,arms.rir.roles.fragile.phantom_rate,0.16666666666666666
u7,u7,4,,,10,arms.rir.roles.fragile.conflict_phantoms,1.0
u7,u7,4,,,10,arms.rir.roles.robust.mean_cost,219.66666666666666
u7,u7,4,,,10,arms.rir.roles.robust.phantom_rate,0.16666666666666666
u7,u7,4,,,10,arms.rir.roles.robust.conflict_phantoms,1.0
u7,u7,4,,,10,arms.rir.n_items,10.0
u7,u7,4,,,10,arms.rir.bits,3372.0
u7,u7,4,,,10,arms.snapshot.roles.fragile.mean_cost,226.83333333333334
u7,u7,4,,,10,arms.snapshot.roles.fragile.phantom_rate,0.0
u7,u7,4,,,10,arms.snapshot.roles.fragile.conflict_phantoms,0.0
u7,u7,4,,,10,arms.snapshot.roles.robust.mean_cost,208.33333333333334
u7,u7,4,,,10,arms.snapshot.roles.robust.phantom_rate,0.0
u7,u7,4,,,10,arms.snapshot.roles.robust.conflict_phantoms,0.0
u7,u7,4,,,10,arms.snapshot.n_items,10.0
u7,u7,4,,,10,arms.snapshot.bits,51302.0
u7,u7,4,,,10,arms.utility.roles.fragile.mean_cost,190.5
u7,u7,4,,,10,arms.utility.roles.fragile.phantom_rate,0.0
u7,u7,4,,,10,arms.utility.roles.fragile.conflict_phantoms,0.0
u7,u7,4,,,10,arms.utility.roles.robust.mean_cost,177.83333333333334
u7,u7,4,,,10,arms.utility.roles.robust.phantom_rate,0.0
u7,u7,4,,,10,arms.utility.roles.robust.conflict_phantoms,0.0
u7,u7,4,,,10,arms.utility.n_items,5.0
u7,u7,4,,,10,arms.utility.bits,1552.0
u7,u7,4,,,10,arms.analogy.roles.fragile.mean_cost,190.83333333333334
u7,u7,4,,,10,arms.analogy.roles.fragile.phantom_rate,0.16666666666666666
u7,u7,4,,,10,arms.analogy.roles.fragile.conflict_phantoms,1.0
u7,u7,4,,,10,arms.analogy.roles.robust.mean_cost,178.0
u7,u7,4,,,10,arms.analogy.roles.robust.phantom_rate,0.16666666666666666
u7,u7,4,,,10,arms.analogy.roles.robust.conflict_phantoms,1.0
u7,u7,4,,,10,arms.analogy.n_items,4.0
u7,u7,4,,,10,arms.analogy.bits,1320.0
u7,u7,4,,,10,arms.ucsm.roles.fragile.mean_cost,190.83333333333334
u7,u7,4,,,10,arms.ucsm.roles.fragile.phantom_rate,0.16666666666666666
u7,u7,4,,,10,arms.ucsm.roles.fragile.conflict_phantoms,1.0
u7,u7,4,,,10,arms.ucsm.roles.robust.mean_cost,178.0
u7,u7,4,,,10,arms.ucsm.roles.robust.phantom_rate,0.16666666666666666
u7,u7,4,,,10,arms.ucsm.roles.robust.conflict_phantoms,1.0
u7,u7,4,,,10,arms.ucsm.n_items,5.0
u7,u7,4,,,10,arms.ucsm.bits,1552.0
u7,u7,5,,,10,battery,12.0
u7,u7,5,,,10,arms.raw.roles.fragile.mean_cost,167.08333333333334
u7,u7,5,,,10,arms.raw.roles.fragile.phantom_rate,0.25
u7,u7,5,,,10,arms.raw.roles.fragile.conflict_phantoms,0.0
u7,u7,5,,,10,arms.raw.roles.robust.mean_cost,163.33333333333334
u7,u7,5,,,10,arms.raw.roles.robust.phantom_rate,0.25
u7,u7,5,,,10,arms.raw.roles.robust.conflict_phantoms,0.0
u7,u7,5,,,10,arms.raw.n_items,10.0
u7,u7,5,,,10,arms.raw.bits,3228.0
u7,u7,5,,,10,arms.vector.roles.fragile.mean_cost,186.5
u7,u7,5,,,10,arms.vector.roles.fragile.phantom_rate,0.25
u7,u7,5,,,10,arms.vector.roles.fragile.conflict_phantoms,0.0
u7,u7,5,,,10,arms.vector.roles.robust.mean_cost,183.0
u7,u7,5,,,10,arms.vector.roles.robust.phantom_rate,0.25
u7,u7,5,,,10,arms.vector.roles.robust.conflict_phantoms,0.0
u7,u7,5,,,10,arms.vector.n_items,6.0
u7,u7,5,,,10,arms.vector.bits,1982.0
u7,u7,5,,,10,arms.rir.roles.fragile.mean_cost,186.5
u7,u7,5,,,10,arms.rir.roles.fragile.phantom_rate,0.25
u7,u7,5,,,10,arms.rir.roles.fragile.conflict_phantoms,0.0
u7,u7,5,,,10,arms.rir.roles.robust.mean_cost,183.0
u7,u7,5,,,10,arms.rir.roles.robust.phantom_rate,0.25
u7,u7,5,,,10,arms.rir.roles.robust.conflict_phantoms,0.0
u7,u7,5,,,10,arms.rir.n_items,10.0
u7,u7,5,,,10,arms.rir.bits,3228.0
u7,u7,5,,,10,arms.snapshot.roles.fragile.mean_cost,271.0
u7,u7,5,,,10,arms.snapshot.roles.fragile.phantom_rate,0.0
u7,u7,5,,,10,arms.snapshot.roles.fragile.conflict_phantoms,0.0
u7,u7,5,,,10,arms.snapshot.roles.robust.mean_cost,250.66666666666666
u7,u7,5,,,10,arms.snapshot.roles.robust.phantom_rate,0.0
u7,u7,5,,,10,arms.snapshot.roles.robust.conflict_phantoms,0.0
u7,u7,5,,,10,arms.snapshot.n_items,10.0
u7,u7,5,,,10,arms.snapshot.bits,51362.0
u7,u7,5,,,10,arms.utility.roles.fragile.mean_cost,168.08333333333334
u7,u7,5,,,10,arms.utility.roles.fragile.phantom_rate,0.3333333333333333
u7,u7,5,,,10,arms.utility.roles.fragile.conflict_phantoms,1.0
u7,u7,5,,,10,arms.utility.roles.robust.mean_cost,163.41666666666666
u7,u7,5,,,10,arms.utility.roles.robust.phantom_rate,0.3333333333333333
u7,u7,5,,,10,arms.utility.roles.robust.conflict_phantoms,1.0
u7,u7,5,,,10,arms.utility.n_items,6.0
u7,u7,5,,,10,arms.utility.bits,1932.0
u7,u7,5,,,10,arms.analogy.roles.fragile.mean_cost,167.41666666666666
u7,u7,5,,,10,arms.analogy.roles.fragile.phantom_rate,0.3333333333333333
u7,u7,5,,,10,arms.analogy.roles.fragile.conflict_phantoms,0.0
u7,u7,5,,,10,arms.analogy.roles.robust.mean_cost,164.0
u7,u7,5,,,10,arms.analogy.roles.robust.phantom_rate,0.3333333333333333
u7,u7,5,,,10,arms.analogy.roles.robust.conflict_phantoms,0.0
u7,u7,5,,,10,arms.analogy.n_items,6.0
u7,u7,5,,,10,arms.analogy.bits,1982.0
u7,u7,5,,,10,arms.ucsm.roles.fragile.mean_cost,167.08333333333334
u7,u7,5,,,10,arms.ucsm.roles.fragile.phantom_rate,0.25
u7,u7,5,,,10,arms.ucsm.roles.fragile.conflict_phantoms,0.0
u7,u7,5,,,10,arms.ucsm.roles.robust.mean_cost,163.33333333333334
u7,u7,5,,,10,arms.ucsm.roles.robust.phantom_rate,0.25
u7,u7,5,,,10,arms.ucsm.roles.robust.conflict_phantoms,0.0
u7,u7,5,,,10,arms.ucsm.n_items,5.0
u7,u7,5,,,10,arms.ucsm.bits,1620.0
u7,u7,6,,,10,battery,6.0
u7,u7,6,,,10,arms.raw.roles.fragile.mean_cost,138.66666666666666
u7,u7,6,,,10,arms.raw.roles.fragile.phantom_rate,0.16666666666666666
u7,u7,6,,,10,arms.raw.roles.fragile.conflict_phantoms,1.0
u7,u7,6,,,10,arms.raw.roles.robust.mean_cost,126.83333333333333
u7,u7,6,,,10,arms.raw.roles.robust.phantom_rate,0.16666666666666666
u7,u7,6,,,10,arms.raw.roles.robust.conflict_phantoms,1.0
u7,u7,6,,,10,arms.raw.n_items,10.0
u7,u7,6,,,10,arms.raw.bits,3170.0
u7,u7,6,,,10,arms.vector.roles.fragile.mean_cost,139.66666666666666
u7,u7,6,,,10,arms.vector.roles.fragile.phantom_rate,0.3333333333333333
u7,u7,6,,,10,arms.vector.roles.fragile.conflict_phantoms,2.0
u7,u7,6,,,10,arms.vector.roles.robust.mean_cost,128.83333333333334
u7,u7,6,,,10,arms.vector.roles.robust.phantom_rate,0.3333333333333333
u7,u7,6,,,10,arms.vector.roles.robust.conflict_phantoms,2.0
u7,u7,6,,,10,arms.vector.n_items,5.0
u7,u7,6,,,10,arms.vector.bits,1588.0
u7,u7,6,,,10,arms.rir.roles.fragile.mean_cost,194.66666666666666
u7,u7,6,,,10,arms.rir.roles.fragile.phantom_rate,0.0
u7,u7,6,,,10,arms.rir.roles.fragile.conflict_phantoms,0.0
u7,u7,6,,,10,arms.rir.roles.robust.mean_cost,178.0
u7,u7,6,,,10,arms.rir.roles.robust.phantom_rate,0.0
u7,u7,6,,,10,arms.rir.roles.robust.conflict_phantoms,0.0
u7,u7,6,,,10,arms.rir.n_items,10.0
u7,u7,6,,,10,arms.rir.bits,3170.0
u7,u7,6,,,10,arms.snapshot.roles.fragile.mean_cost,176.16666666666666
u7,u7,6,,,10,arms.snapshot.roles.fragile.phantom_rate,0.0
u7,u7,6,,,10,arms.snapshot.roles.fragile.conflict_phantoms,0.0
u7,u7,6,,,10,arms.snapshot.roles.robust.mean_cost,152.5
u7,u7,6,,,10,arms.snapshot.roles.robust.phantom_rate,0.0
u7,u7,6,,,10,arms.snapshot.roles.robust.conflict_phantoms,0.0
u7,u7,6,,,10,arms.snapshot.n_items,10.0
u7,u7,6,,,10,arms.snapshot.bits,51896.0
u7,u7,6,,,10,arms.utility.roles.fragile.mean_cost,140.33333333333334
u7,u7,6,,,10,arms.utility.roles.fragile.phantom_rate,0.3333333333333333
u7,u7,6,,,10,arms.utility.roles.fragile.conflict_phantoms,2.0
u7,u7,6,,,10,arms.utility.roles.robust.mean_cost,130.16666666666666
u7,u7,6,,,10,arms.utility.roles.robust.phantom_rate,0.3333333333333333
u7,u7,6,,,10,arms.utility.roles.robust.conflict_phantoms,2.0
u7,u7,6,,,10,arms.utility.n_items,6.0
u7,u7,6,,,10,arms.utility.bits,2058.0
u7,u7,6,,,10,arms.analogy.roles.fragile.mean_cost,138.66666666666666
u7,u7,6,,,10,arms.analogy.roles.fragile.phantom_rate,0.16666666666666666
u7,u7,6,,,10,arms.analogy.roles.fragile.conflict_phantoms,1.0
u7,u7,6,,,10,arms.analogy.roles.robust.mean_cost,126.83333333333333
u7,u7,6,,,10,arms.analogy.roles.robust.phantom_rate,0.16666666666666666
u7,u7,6,,,10,arms.analogy.roles.robust.conflict_phantoms,1.0
u7,u7,6,,,10,arms.analogy.n_items,4.0
u7,u7,6,,,10,arms.analogy.bits,1382.0
u7,u7,6,,,10,arms.ucsm.roles.fragile.mean_cost,140.0
u7,u7,6,,,10,arms.ucsm.roles.fragile.phantom_rate,0.3333333333333333
u7,u7,6,,,10,arms.ucsm.roles.fragile.conflict_phantoms,2.0
u7,u7,6,,,10,arms.ucsm.roles.robust.mean_cost,130.0
u7,u7,6,,,10,arms.ucsm.roles.robust.phantom_rate,0.3333333333333333
u7,u7,6,,,10,arms.ucsm.roles.robust.conflict_phantoms,2.0
u7,u7,6,,,10,arms.ucsm.n_items,6.0
u7,u7,6,,,10,arms.ucsm.bits,2058.0
u7,u7,7,,,10,battery,12.0
u7,u7,7,,,10,arms.raw.roles.fragile.mean_cost,74.66666666666667
u7,u7,7,,,10,arms.raw.roles.fragile.phantom_rate,0.5
u7,u7,7,,,10,arms.raw.roles.fragile.conflict_phantoms,2.0
u7,u7,7,,,10,arms.raw.roles.robust.mean_cost,78.0
u7,u7,7,,,10,arms.raw.roles.robust.phantom_rate,0.5
u7,u7,7,,,10,arms.raw.roles.robust.conflict_phantoms,2.0
u7,u7,7,,,10,arms.raw.n_items,10.0
u7,u7,7,,,10,arms.raw.bits,3580.0
u7,u7,7,,,10,arms.vector.roles.fragile.mean_cost,158.83333333333334
u7,u7,7,,,10,arms.vector.roles.fragile.phantom_rate,0.3333333333333333
u7,u7,7,,,10,arms.vector.roles.fragile.conflict_phantoms,1.0
u7,u7,7,,,10,arms.vector.roles.robust.mean_cost,148.75
u7,u7,7,,,10,arms.vector.roles.robust.phantom_rate,0.3333333333333333
u7,u7,7,,,10,arms.vector.roles.robust.conflict_phantoms,1.0
u7,u7,7,,,10,arms.vector.n_items,8.0
u7,u7,7,,,10,arms.vector.bits,2898.0
u7,u7,7,,,10,arms.rir.roles.fragile.mean_cost,144.58333333333334
u7,u7,7,,,10,arms.rir.roles.fragile.phantom_rate,0.3333333333333333
u7,u7,7,,,10,arms.rir.roles.fragile.conflict_phantoms,1.0
u7,u7,7,,,10,arms.rir.roles.robust.mean_cost,139.41666666666666
u7,u7,7,,,10,arms.rir.roles.robust.phantom_rate,0.3333333333333333
u7,u7,7,,,10,arms.rir.roles.robust.conflict_phantoms,1.0
u7,u7,7,,,10,arms.rir.n_items,10.0
u7,u7,7,,,10,arms.rir.bits,3580.0
u7,u7,7,,,10,arms.snapshot.roles.fragile.mean_cost,204.91666666666666
u7,u7,7,,,10,arms.snapshot.roles.fragile.phantom_rate,0.0
u7,u7,7,,,10,arms.snapshot.roles.fragile.conflict_phantoms,0.0
u7,u7,7,,,10,arms.snapshot.roles.robust.mean_cost,187.5
u7,u7,7,,,10,arms.snapshot.roles.robust.phantom_rate,0.0
u7,u7,7,,,10,arms.snapshot.roles.robust.conflict_phantoms,0.0
u7,u7,7,,,10,arms.snapshot.n_items,10.0
u7,u7,7,,,10,arms.snapshot.bits,51326.0
u7,u7,7,,,10,arms.utility.roles.fragile.mean_cost,74.66666666666667
u7,u7,7,,,10,arms.utility.roles.fragile.phantom_rate,0.5
u7,u7,7,,,10,arms.utility.roles.fragile.conflict_phantoms,2.0
u7,u7,7,,,10,arms.utility.roles.robust.mean_cost,78.0
u7,u7,7,,,10,arms.utility.roles.robust.phantom_rate,0.5
u7,u7,7,,,10,arms.utility.roles.robust.conflict_phantoms,2.0
u7,u7,7,,,10,arms.utility.n_items,8.0
u7,u7,7,,,10,arms.utility.bits,2898.0
u7,u7,7,,,10,arms.analogy.roles.fragile.mean_cost,90.41666666666667
u7,u7,7,,,10,arms.analogy.roles.fragile.phantom_rate,0.5
u7,u7,7,,,10,arms.analogy.roles.fragile.conflict_phantoms,2.0
u7,u7,7,,,10,arms.analogy.roles.robust.mean_cost,89.75
u7,u7,7,,,10,arms.analogy.roles.robust.phantom_rate,0.5
u7,u7,7,,,10,arms.analogy.roles.robust.conflict_phantoms,2.0
u7,u7,7,,,10,arms.analogy.n_items,8.0
u7,u7,7,,,10,arms.analogy.bits,2898.0
u7,u7,7,,,10,arms.ucsm.roles.fragile.mean_cost,90.41666666666667
u7,u7,7,,,10,arms.ucsm.roles.fragile.phantom_rate,0.5
u7,u7,7,,,10,arms.ucsm.roles.fragile.conflict_phantoms,2.0
u7,u7,7,,,10,arms.ucsm.roles.robust.mean_cost,89.75
u7,u7,7,,,10,arms.ucsm.roles.robust.phantom_rate,0.5
u7,u7,7,,,10,arms.ucsm.roles.robust.conflict_phantoms,2.0
u7,u7,7,,,10,arms.ucsm.n_items,8.0
u7,u7,7,,,10,arms.ucsm.bits,2898.0
u7,u7,8,,,10,battery,15.0
u7,u7,8,,,10,arms.raw.roles.fragile.mean_cost,131.06666666666666
u7,u7,8,,,10,arms.raw.roles.fragile.phantom_rate,0.26666666666666666
u7,u7,8,,,10,arms.raw.roles.fragile.conflict_phantoms,0.0
u7,u7,8,,,10,arms.raw.roles.robust.mean_cost,131.2
u7,u7,8,,,10,arms.raw.roles.robust.phantom_rate,0.26666666666666666
u7,u7,8,,,10,arms.raw.roles.robust.conflict_phantoms,0.0
u7,u7,8,,,10,arms.raw.n_items,10.0
u7,u7,8,,,10,arms.raw.bits,3834.0
u7,u7,8,,,10,arms.vector.roles.fragile.mean_cost,171.8
u7,u7,8,,,10,arms.vector.roles.fragile.phantom_rate,0.13333333333333333
u7,u7,8,,,10,arms.vector.roles.fragile.conflict_phantoms,0.0
u7,u7,8,,,10,arms.vector.roles.robust.mean_cost,165.53333333333333
u7,u7,8,,,10,arms.vector.roles.robust.phantom_rate,0.13333333333333333
u7,u7,8,,,10,arms.vector.roles.robust.conflict_phantoms,0.0
u7,u7,8,,,10,arms.vector.n_items,8.0
u7,u7,8,,,10,arms.vector.bits,3152.0
u7,u7,8,,,10,arms.rir.roles.fragile.mean_cost,201.0
u7,u7,8,,,10,arms.rir.roles.fragile.phantom_rate,0.13333333333333333
u7,u7,8,,,10,arms.rir.roles.fragile.conflict_phantoms,0.0
u7,u7,8,,,10,arms.rir.roles.robust.mean_cost,190.4
u7,u7,8,,,10,arms.rir.roles.robust.phantom_rate,0.13333333333333333
u7,u7,8,,,10,arms.rir.roles.robust.conflict_phantoms,0.0
u7,u7,8,,,10,arms.rir.n_items,10.0
u7,u7,8,,,10,arms.rir.bits,3834.0
u7,u7,8,,,10,arms.snapshot.roles.fragile.mean_cost,197.86666666666667
u7,u7,8,,,10,arms.snapshot.roles.fragile.phantom_rate,0.0
u7,u7,8,,,10,arms.snapshot.roles.fragile.conflict_phantoms,0.0
u7,u7,8,,,10,arms.snapshot.roles.robust.mean_cost,186.8
u7,u7,8,,,10,arms.snapshot.roles.robust.phantom_rate,0.0
u7,u7,8,,,10,arms.snapshot.roles.robust.conflict_phantoms,0.0
u7,u7,8,,,10,arms.snapshot.n_items,10.0
u7,u7,8,,,10,arms.snapshot.bits,52400.0
u7,u7,8,,,10,arms.utility.roles.fragile.mean_cost,132.13333333333333
u7,u7,8,,,10,arms.utility.roles.fragile.phantom_rate,0.3333333333333333
u7,u7,8,,,10,arms.utility.roles.fragile.conflict_phantoms,0.0
u7,u7,8,,,10,arms.utility.roles.robust.mean_cost,131.8
u7,u7,8,,,10,arms.utility.roles.robust.phantom_rate,0.3333333333333333
u7,u7,8,,,10,arms.utility.roles.robust.conflict_phantoms,0.0
u7,u7,8,,,10,arms.utility.n_items,6.0
u7,u7,8,,,10,arms.utility.bits,2278.0
u7,u7,8,,,10,arms.analogy.roles.fragile.mean_cost,131.46666666666667
u7,u7,8,,,10,arms.analogy.roles.fragile.phantom_rate,0.2
u7,u7,8,,,10,arms.analogy.roles.fragile.conflict_phantoms,0.0
u7,u7,8,,,10,arms.analogy.roles.robust.mean_cost,132.0
u7,u7,8,,,10,arms.analogy.roles.robust.phantom_rate,0.2
u7,u7,8,,,10,arms.analogy.roles.robust.conflict_phantoms,0.0
u7,u7,8,,,10,arms.analogy.n_items,7.0
u7,u7,8,,,10,arms.analogy.bits,2740.0
u7,u7,8,,,10,arms.ucsm.roles.fragile.mean_cost,131.46666666666667
u7,u7,8,,,10,arms.ucsm.roles.fragile.phantom_rate,0.2
u7,u7,8,,,10,arms.ucsm.roles.fragile.conflict_phantoms,0.0
u7,u7,8,,,10,arms.ucsm.roles.robust.mean_cost,132.0
u7,u7,8,,,10,arms.ucsm.roles.robust.phantom_rate,0.2
u7,u7,8,,,10,arms.ucsm.roles.robust.conflict_phantoms,0.0
u7,u7,8,,,10,arms.ucsm.n_items,6.0
u7,u7,8,,,10,arms.ucsm.bits,2278.0
u7,u7,9,,,10,battery,12.0
u7,u7,9,,,10,arms.raw.roles.fragile.mean_cost,120.08333333333333
u7,u7,9,,,10,arms.raw.roles.fragile.phantom_rate,0.3333333333333333
u7,u7,9,,,10,arms.raw.roles.fragile.conflict_phantoms,2.0
u7,u7,9,,,10,arms.raw.roles.robust.mean_cost,121.08333333333333
u7,u7,9,,,10,arms.raw.roles.robust.phantom_rate,0.3333333333333333
u7,u7,9,,,10,arms.raw.roles.robust.conflict_phantoms,2.0
u7,u7,9,,,10,arms.raw.n_items,10.0
u7,u7,9,,,10,arms.raw.bits,3028.0
u7,u7,9,,,10,arms.vector.roles.fragile.mean_cost,166.25
u7,u7,9,,,10,arms.vector.roles.fragile.phantom_rate,0.25
u7,u7,9,,,10,arms.vector.roles.fragile.conflict_phantoms,2.0
u7,u7,9,,,10,arms.vector.roles.robust.mean_cost,157.33333333333334
u7,u7,9,,,10,arms.vector.roles.robust.phantom_rate,0.25
u7,u7,9,,,10,arms.vector.roles.robust.conflict_phantoms,2.0
u7,u7,9,,,10,arms.vector.n_items,8.0
u7,u7,9,,,10,arms.vector.bits,2450.0
u7,u7,9,,,10,arms.rir.roles.fragile.mean_cost,211.75
u7,u7,9,,,10,arms.rir.roles.fragile.phantom_rate,0.08333333333333333
u7,u7,9,,,10,arms.rir.roles.fragile.conflict_phantoms,0.0
u7,u7,9,,,10,arms.rir.roles.robust.mean_cost,200.91666666666666
u7,u7,9,,,10,arms.rir.roles.robust.phantom_rate,0.08333333333333333
u7,u7,9,,,10,arms.rir.roles.robust.conflict_phantoms,0.0
u7,u7,9,,,10,arms.rir.n_items,10.0
u7,u7,9,,,10,arms.rir.bits,3028.0
u7,u7,9,,,10,arms.snapshot.roles.fragile.mean_cost,239.0
u7,u7,9,,,10,arms.snapshot.roles.fragile.phantom_rate,0.0
u7,u7,9,,,10,arms.snapshot.roles.fragile.conflict_phantoms,0.0
u7,u7,9,,,10,arms.snapshot.roles.robust.mean_cost,222.83333333333334
u7,u7,9,,,10,arms.snapshot.roles.robust.phantom_rate,0.0
u7,u7,9,,,10,arms.snapshot.roles.robust.conflict_phantoms,0.0
u7,u7,9,,,10,arms.snapshot.n_items,10.0
u7,u7,9,,,10,arms.snapshot.bits,51962.0
u7,u7,9,,,10,arms.utility.roles.fragile.mean_cost,134.5
u7,u7,9,,,10,arms.utility.roles.fragile.phantom_rate,0.25
u7,u7,9,,,10,arms.utility.roles.fragile.conflict_phantoms,2.0
u7,u7,9,,,10,arms.utility.roles.robust.mean_cost,132.66666666666666
u7,u7,9,,,10,arms.utility.roles.robust.phantom_rate,0.25
u7,u7,9,,,10,arms.utility.roles.robust.conflict_phantoms,2.0
u7,u7,9,,,10,arms.utility.n_items,7.0
u7,u7,9,,,10,arms.utility.bits,2094.0
u7,u7,9,,,10,arms.analogy.roles.fragile.mean_cost,128.66666666666666
u7,u7,9,,,10,arms.analogy.roles.fragile.phantom_rate,0.3333333333333333
u7,u7,9,,,10,arms.analogy.roles.fragile.conflict_phantoms,1.0
u7,u7,9,,,10,arms.analogy.roles.robust.mean_cost,130.83333333333334
u7,u7,9,,,10,arms.analogy.roles.robust.phantom_rate,0.3333333333333333
u7,u7,9,,,10,arms.analogy.roles.robust.conflict_phantoms,1.0
u7,u7,9,,,10,arms.analogy.n_items,6.0
u7,u7,9,,,10,arms.analogy.bits,1814.0
u7,u7,9,,,10,arms.ucsm.roles.fragile.mean_cost,135.66666666666666
u7,u7,9,,,10,arms.ucsm.roles.fragile.phantom_rate,0.3333333333333333
u7,u7,9,,,10,arms.ucsm.roles.fragile.conflict_phantoms,2.0
u7,u7,9,,,10,arms.ucsm.roles.robust.mean_cost,134.16666666666666
u7,u7,9,,,10,arms.ucsm.roles.robust.phantom_rate,0.3333333333333333
u7,u7,9,,,10,arms.ucsm.roles.robust.conflict_phantoms,2.0
u7,u7,9,,,10,arms.ucsm.n_items,7.0
u7,u7,9,,,10,arms.ucsm.bits,2094.0
u7,u7,10,,,10,battery,15.0
u7,u7,10,,,10,arms.raw.roles.fragile.mean_cost,112.13333333333334
u7,u7,10,,,10,arms.raw.roles.fragile.phantom_rate,0.4
u7,u7,10,,,10,arms.raw.roles.fragile.conflict_phantoms,2.0
u7,u7,10,,,10,arms.raw.roles.robust.mean_cost,111.6
u7,u7,10,,,10,arms.raw.roles.robust.phantom_rate,0.4
u7,u7,10,,,10,arms.raw.roles.robust.conflict_phantoms,2.0
u7,u7,10,,,10,arms.raw.n_items,10.0
u7,u7,10,,,10,arms.raw.bits,3410.0
u7,u7,10,,,10,arms.vector.roles.fragile.mean_cost,157.4
u7,u7,10,,,10,arms.vector.roles.fragile.phantom_rate,0.3333333333333333
u7,u7,10,,,10,arms.vector.roles.fragile.conflict_phantoms,2.0
u7,u7,10,,,10,arms.vector.roles.robust.mean_cost,153.06666666666666
u7,u7,10,,,10,arms.vector.roles.robust.phantom_rate,0.3333333333333333
u7,u7,10,,,10,arms.vector.roles.robust.conflict_phantoms,2.0
u7,u7,10,,,10,arms.vector.n_items,8.0
u7,u7,10,,,10,arms.vector.bits,2734.0
u7,u7,10,,,10,arms.rir.roles.fragile.mean_cost,204.13333333333333
u7,u7,10,,,10,arms.rir.roles.fragile.phantom_rate,0.13333333333333333
u7,u7,10,,,10,arms.rir.roles.fragile.conflict_phantoms,2.0
u7,u7,10,,,10,arms.rir.roles.robust.mean_cost,197.66666666666666
u7,u7,10,,,10,arms.rir.roles.robust.phantom_rate,0.13333333333333333
u7,u7,10,,,10,arms.rir.roles.robust.conflict_phantoms,2.0
u7,u7,10,,,10,arms.rir.n_items,10.0
u7,u7,10,,,10,arms.rir.bits,3410.0
u7,u7,10,,,10,arms.snapshot.roles.fragile.mean_cost,203.66666666666666
u7,u7,10,,,10,arms.snapshot.roles.fragile.phantom_rate,0.0
u7,u7,10,,,10,arms.snapshot.roles.fragile.conflict_phantoms,0.0
u7,u7,10,,,10,arms.snapshot.roles.robust.mean_cost,192.46666666666667
u7,u7,10,,,10,arms.snapshot.roles.robust.phantom_rate,0.0
u7,u7,10,,,10,arms.snapshot.roles.robust.conflict_phantoms,0.0
u7,u7,10,,,10,arms.snapshot.n_items,10.0
u7,u7,10,,,10,arms.snapshot.bits,52160.0
u7,u7,10,,,10,arms.utility.roles.fragile.mean_cost,112.4
u7,u7,10,,,10,arms.utility.roles.fragile.phantom_rate,0.3333333333333333
u7,u7,10,,,10,arms.utility.roles.fragile.conflict_phantoms,2.0
u7,u7,10,,,10,arms.utility.roles.robust.mean_cost,112.13333333333334
u7,u7,10,,,10,arms.utility.roles.robust.phantom_rate,0.3333333333333333
u7,u7,10,,,10,arms.utility.roles.robust.conflict_phantoms,2.0
u7,u7,10,,,10,arms.utility.n_items,8.0
u7,u7,10,,,10,arms.utility.bits,2734.0
u7,u7,10,,,10,arms.analogy.roles.fragile.mean_cost,111.86666666666666
u7,u7,10,,,10,arms.analogy.roles.fragile.phantom_rate,0.3333333333333333
u7,u7,10,,,10,arms.analogy.roles.fragile.conflict_phantoms,2.0
u7,u7,10,,,10,arms.analogy.roles.robust.mean_cost,111.06666666666666
u7,u7,10,,,10,arms.analogy.roles.robust.phantom_rate,0.3333333333333333
u7,u7,10,,,10,arms.analogy.roles.robust.conflict_phantoms,2.0
u7,u7,10,,,10,arms.analogy.n_items,7.0
u7,u7,10,,,10,arms.analogy.bits,2410.0
u7,u7,10,,,10,arms.ucsm.roles.fragile.mean_cost,111.86666666666666
u7,u7,10,,,10,arms.ucsm.roles.fragile.phantom_rate,0.3333333333333333
u7,u7,10,,,10,arms.ucsm.roles.fragile.conflict_phantoms,2.0
u7,u7,10,,,10,arms.ucsm.roles.robust.mean_cost,111.06666666666666
u7,u7,10,,,10,arms.ucsm.roles.robust.phantom_rate,0.3333333333333333
u7,u7,10,,,10,arms.ucsm.roles.robust.conflict_phantoms,2.0
u7,u7,10,,,10,arms.ucsm.n_items,8.0
u7,u7,10,,,10,arms.ucsm.bits,2734.0
u7,u7,11,,,10,battery,3.0
u7,u7,11,,,10,arms.raw.roles.fragile.mean_cost,111.0
u7,u7,11,,,10,arms.raw.roles.fragile.phantom_rate,0.0
u7,u7,11,,,10,arms.raw.roles.fragile.conflict_phantoms,0.0
u7,u7,11,,,10,arms.raw.roles.robust.mean_cost,106.0
u7,u7,11,,,10,arms.raw.roles.robust.phantom_rate,0.0
u7,u7,11,,,10,arms.raw.roles.robust.conflict_phantoms,0.0
u7,u7,11,,,10,arms.raw.n_items,10.0
u7,u7,11,,,10,arms.raw.bits,3926.0
u7,u7,11,,,10,arms.vector.roles.fragile.mean_cost,111.0
u7,u7,11,,,10,arms.vector.roles.fragile.phantom_rate,0.0
u7,u7,11,,,10,arms.vector.roles.fragile.conflict_phantoms,0.0
u7,u7,11,,,10,arms.vector.roles.robust.mean_cost,106.0
u7,u7,11,,,10,arms.vector.roles.robust.phantom_rate,0.0
u7,u7,11,,,10,arms.vector.roles.robust.conflict_phantoms,0.0
u7,u7,11,,,10,arms.vector.n_items,5.0
u7,u7,11,,,10,arms.vector.bits,1980.0
u7,u7,11,,,10,arms.rir.roles.fragile.mean_cost,111.0
u7,u7,11,,,10,arms.rir.roles.fragile.phantom_rate,0.0
u7,u7,11,,,10,arms.rir.roles.fragile.conflict_phantoms,0.0
u7,u7,11,,,10,arms.rir.roles.robust.mean_cost,106.0
u7,u7,11,,,10,arms.rir.roles.robust.phantom_rate,0.0
u7,u7,11,,,10,arms.rir.roles.robust.conflict_phantoms,0.0
u7,u7,11,,,10,arms.rir.n_items,10.0
u7,u7,11,,,10,arms.rir.bits,3926.0
u7,u7,11,,,10,arms.snapshot.roles.fragile.mean_cost,111.0
u7,u7,11,,,10,arms.snapshot.roles.fragile.phantom_rate,0.0
u7,u7,11,,,10,arms.snapshot.roles.fragile.conflict_phantoms,0.0
u7,u7,11,,,10,arms.snapshot.roles.robust.mean_cost,106.0
u7,u7,11,,,10,arms.snapshot.roles.robust.phantom_rate,0.0
u7,u7,11,,,10,arms.snapshot.roles.robust.conflict_phantoms,0.0
u7,u7,11,,,10,arms.snapshot.n_items,10.0
u7,u7,11,,,10,arms.snapshot.bits,52178.0
u7,u7,11,,,10,arms.utility.roles.fragile.mean_cost,111.0
u7,u7,11,,,10,arms.utility.roles.fragile.phantom_rate,0.0
u7,u7,11,,,10,arms.utility.roles.fragile.conflict_phantoms,0.0
u7,u7,11,,,10,arms.utility.roles.robust.mean_cost,106.0
u7,u7,11,,,10,arms.utility.roles.robust.phantom_rate,0.0
u7,u7,11,,,10,arms.utility.roles.robust.conflict_phantoms,0.0
u7,u7,11,,,10,arms.utility.n_items,5.0
u7,u7,11,,,10,arms.utility.bits,1974.0
u7,u7,11,,,10,arms.analogy.roles.fragile.mean_cost,111.0
u7,u7,11,,,10,arms.analogy.roles.fragile.phantom_rate,0.0
u7,u7,11,,,10,arms.analogy.roles.fragile.conflict_phantoms,0.0
u7,u7,11,,,10,arms.analogy.roles.robust.mean_cost,106.0
u7,u7,11,,,10,arms.analogy.roles.robust.phantom_rate,0.0
u7,u7,11,,,10,arms.analogy.roles.robust.conflict_phantoms,0.0
u7,u7,11,,,10,arms.analogy.n_items,5.0
u7,u7,11,,,10,arms.analogy.bits,1974.0
u7,u7,11,,,10,arms.ucsm.roles.fragile.mean_cost,111.0
u7,u7,11,,,10,arms.ucsm.roles.fragile.phantom_rate,0.0
u7,u7,11,,,10,arms.ucsm.roles.fragile.conflict_phantoms,0.0
u7,u7,11,,,10,arms.ucsm.roles.robust.mean_cost,106.0
u7,u7,11,,,10,arms.ucsm.roles.robust.phantom_rate,0.0
u7,u7,11,,,10,arms.ucsm.roles.robust.conflict_phantoms,0.0
u7,u7,11,,,10,arms.ucsm.n_items,5.0
u7,u7,11,,,10,arms.ucsm.bits,1974.0
u7,u7,0,,,10,battery,18.0
u7,u7,0,,,10,arms.raw.roles.fragile.mean_cost,104.05555555555556
u7,u7,0,,,10,arms.raw.roles.fragile.phantom_rate,0.2777777777777778
u7,u7,0,,,10,arms.raw.roles.fragile.conflict_phantoms,0.0
u7,u7,0,,,10,arms.raw.roles.robust.mean_cost,109.33333333333333
u7,u7,0,,,10,arms.raw.roles.robust.phantom_rate,0.2777777777777778
u7,u7,0,,,10,arms.raw.roles.robust.conflict_phantoms,0.0
u7,u7,0,,,10,arms.raw.n_items,10.0
u7,u7,0,,,10,arms.raw.bits,3962.0
u7,u7,0,,,10,arms.vector.roles.fragile.mean_cost,190.27777777777777
u7,u7,0,,,10,arms.vector.roles.fragile.phantom_rate,0.1111111111111111
u7,u7,0,,,10,arms.vector.roles.fragile.conflict_phantoms,0.0
u7,u7,0,,,10,arms.vector.roles.robust.mean_cost,179.16666666666666
u7,u7,0,,,10,arms.vector.roles.robust.phantom_rate,0.1111111111111111
u7,u7,0,,,10,arms.vector.roles.robust.conflict_phantoms,0.0
u7,u7,0,,,10,arms.vector.n_items,7.0
u7,u7,0,,,10,arms.vector.bits,2704.0
u7,u7,0,,,10,arms.rir.roles.fragile.mean_cost,260.1111111111111
u7,u7,0,,,10,arms.rir.roles.fragile.phantom_rate,0.05555555555555555
u7,u7,0,,,10,arms.rir.roles.fragile.conflict_phantoms,0.0
u7,u7,0,,,10,arms.rir.roles.robust.mean_cost,236.16666666666666
u7,u7,0,,,10,arms.rir.roles.robust.phantom_rate,0.05555555555555555
u7,u7,0,,,10,arms.rir.roles.robust.conflict_phantoms,0.0
u7,u7,0,,,10,arms.rir.n_items,10.0
u7,u7,0,,,10,arms.rir.bits,3962.0
u7,u7,0,,,10,arms.snapshot.roles.fragile.mean_cost,261.22222222222223
u7,u7,0,,,10,arms.snapshot.roles.fragile.phantom_rate,0.0
u7,u7,0,,,10,arms.snapshot.roles.fragile.conflict_phantoms,0.0
u7,u7,0,,,10,arms.snapshot.roles.robust.mean_cost,237.11111111111111
u7,u7,0,,,10,arms.snapshot.roles.robust.phantom_rate,0.0
u7,u7,0,,,10,arms.snapshot.roles.robust.conflict_phantoms,0.0
u7,u7,0,,,10,arms.snapshot.n_items,10.0
u7,u7,0,,,10,arms.snapshot.bits,52538.0
u7,u7,0,,,10,arms.utility.roles.fragile.mean_cost,104.05555555555556
u7,u7,0,,,10,arms.utility.roles.fragile.phantom_rate,0.2222222222222222
u7,u7,0,,,10,arms.utility.roles.fragile.conflict_phantoms,0.0
u7,u7,0,,,10,arms.utility.roles.robust.mean_cost,109.33333333333333
u7,u7,0,,,10,arms.utility.roles.robust.phantom_rate,0.2222222222222222
u7,u7,0,,,10,arms.utility.roles.robust.conflict_phantoms,0.0
u7,u7,0,,,10,arms.utility.n_items,8.0
u7,u7,0,,,10,arms.utility.bits,3084.0
u7,u7,0,,,10,arms.analogy.roles.fragile.mean_cost,112.38888888888889
u7,u7,0,,,10,arms.analogy.roles.fragile.phantom_rate,0.2222222222222222
u7,u7,0,,,10,arms.analogy.roles.fragile.conflict_phantoms,0.0
u7,u7,0,,,10,arms.analogy.roles.robust.mean_cost,115.38888888888889
u7,u7,0,,,10,arms.analogy.roles.robust.phantom_rate,0.2222222222222222
u7,u7,0,,,10,arms.analogy.roles.robust.conflict_phantoms,0.0
u7,u7,0,,,10,arms.analogy.n_items,7.0
u7,u7,0,,,10,arms.analogy.bits,2704.0
u7,u7,0,,,10,arms.ucsm.roles.fragile.mean_cost,113.27777777777777
u7,u7,0,,,10,arms.ucsm.roles.fragile.phantom_rate,0.2222222222222222
u7,u7,0,,,10,arms.ucsm.roles.fragile.conflict_phantoms,0.0
u7,u7,0,,,10,arms.ucsm.roles.robust.mean_cost,115.88888888888889
u7,u7,0,,,10,arms.ucsm.roles.robust.phantom_rate,0.2222222222222222
u7,u7,0,,,10,arms.ucsm.roles.robust.conflict_phantoms,0.0
u7,u7,0,,,10,arms.ucsm.n_items,8.0
u7,u7,0,,,10,arms.ucsm.bits,3084.0
u7,u7,1,,,10,battery,6.0
u7,u7,1,,,10,arms.raw.roles.fragile.mean_cost,129.33333333333334
u7,u7,1,,,10,arms.raw.roles.fragile.phantom_rate,0.3333333333333333
u7,u7,1,,,10,arms.raw.roles.fragile.conflict_phantoms,2.0
u7,u7,1,,,10,arms.raw.roles.robust.mean_cost,124.5
u7,u7,1,,,10,arms.raw.roles.robust.phantom_rate,0.3333333333333333
u7,u7,1,,,10,arms.raw.roles.robust.conflict_phantoms,2.0
u7,u7,1,,,10,arms.raw.n_items,10.0
u7,u7,1,,,10,arms.raw.bits,3084.0
u7,u7,1,,,10,arms.vector.roles.fragile.mean_cost,129.33333333333334
u7,u7,1,,,10,arms.vector.roles.fragile.phantom_rate,0.3333333333333333
u7,u7,1,,,10,arms.vector.roles.fragile.conflict_phantoms,2.0
u7,u7,1,,,10,arms.vector.roles.robust.mean_cost,124.5
u7,u7,1,,,10,arms.vector.roles.robust.phantom_rate,0.3333333333333333
u7,u7,1,,,10,arms.vector.roles.robust.conflict_phantoms,2.0
u7,u7,1,,,10,arms.vector.n_items,5.0
u7,u7,1,,,10,arms.vector.bits,1494.0
u7,u7,1,,,10,arms.rir.roles.fragile.mean_cost,167.33333333333334
u7,u7,1,,,10,arms.rir.roles.fragile.phantom_rate,0.16666666666666666
u7,u7,1,,,10,arms.rir.roles.fragile.conflict_phantoms,1.0
u7,u7,1,,,10,arms.rir.roles.robust.mean_cost,158.33333333333334
u7,u7,1,,,10,arms.rir.roles.robust.phantom_rate,0.16666666666666666
u7,u7,1,,,10,arms.rir.roles.robust.conflict_phantoms,1.0
u7,u7,1,,,10,arms.rir.n_items,10.0
u7,u7,1,,,10,arms.rir.bits,3084.0
u7,u7,1,,,10,arms.snapshot.roles.fragile.mean_cost,211.0
u7,u7,1,,,10,arms.snapshot.roles.fragile.phantom_rate,0.0
u7,u7,1,,,10,arms.snapshot.roles.fragile.conflict_phantoms,0.0
u7,u7,1,,,10,arms.snapshot.roles.robust.mean_cost,195.83333333333334
u7,u7,1,,,10,arms.snapshot.roles.robust.phantom_rate,0.0
u7,u7,1,,,10,arms.snapshot.roles.robust.conflict_phantoms,0.0
u7,u7,1,,,10,arms.snapshot.n_items,10.0
u7,u7,1,,,10,arms.snapshot.bits,52718.0
u7,u7,1,,,10,arms.utility.roles.fragile.mean_cost,130.0
u7,u7,1,,,10,arms.utility.roles.fragile.phantom_rate,0.5
u7,u7,1,,,10,arms.utility.roles.fragile.conflict_phantoms,3.0
u7,u7,1,,,10,arms.utility.roles.robust.mean_cost,125.83333333333333
u7,u7,1,,,10,arms.utility.roles.robust.phantom_rate,0.5
u7,u7,1,,,10,arms.utility.roles.robust.conflict_phantoms,3.0
u7,u7,1,,,10,arms.utility.n_items,4.0
u7,u7,1,,,10,arms.utility.bits,1164.0
u7,u7,1,,,10,arms.analogy.roles.fragile.mean_cost,129.33333333333334
u7,u7,1,,,10,arms.analogy.roles.fragile.phantom_rate,0.3333333333333333
u7,u7,1,,,10,arms.analogy.roles.fragile.conflict_phantoms,2.0
u7,u7,1,,,10,arms.analogy.roles.robust.mean_cost,124.5
u7,u7,1,,,10,arms.analogy.roles.robust.phantom_rate,0.3333333333333333
u7,u7,1,,,10,arms.analogy.roles.robust.conflict_phantoms,2.0
u7,u7,1,,,10,arms.analogy.n_items,4.0
u7,u7,1,,,10,arms.analogy.bits,1176.0
u7,u7,1,,,10,arms.ucsm.roles.fragile.mean_cost,130.0
u7,u7,1,,,10,arms.ucsm.roles.fragile.phantom_rate,0.5
u7,u7,1,,,10,arms.ucsm.roles.fragile.conflict_phantoms,3.0
u7,u7,1,,,10,arms.ucsm.roles.robust.mean_cost,125.83333333333333
u7,u7,1,,,10,arms.ucsm.roles.robust.phantom_rate,0.5
u7,u7,1,,,10,arms.ucsm.roles.robust.conflict_phantoms,3.0
u7,u7,1,,,10,arms.ucsm.n_items,4.0
u7,u7,1,,,10,arms.ucsm.bits,1164.0
u7,u7,0,,,1000,battery,36.0
u7,u7,0,,,1000,arms.raw.roles.fragile.mean_cost,126.91666666666667
u7,u7,0,,,1000,arms.raw.roles.fragile.phantom_rate,1.0
u7,u7,0,,,1000,arms.raw.roles.fragile.conflict_phantoms,22.0
u7,u7,0,,,1000,arms.raw.roles.robust.mean_cost,207.44444444444446
u7,u7,0,,,1000,arms.raw.roles.robust.phantom_rate,1.0
u7,u7,0,,,1000,arms.raw.roles.robust.conflict_phantoms,22.0
u7,u7,0,,,1000,arms.raw.n_items,1000.0
u7,u7,0,,,1000,arms.raw.bits,336744.0
u7,u7,0,,,1000,arms.vector.roles.fragile.mean_cost,277.1111111111111
u7,u7,0,,,1000,arms.vector.roles.fragile.phantom_rate,0.08333333333333333
u7,u7,0,,,1000,arms.vector.roles.fragile.conflict_phantoms,2.0
u7,u7,0,,,1000,arms.vector.roles.robust.mean_cost,254.58333333333334
u7,u7,0,,,1000,arms.vector.roles.robust.phantom_rate,0.08333333333333333
u7,u7,0,,,1000,arms.vector.roles.robust.conflict_phantoms,2.0
u7,u7,0,,,1000,arms.vector.n_items,530.0
u7,u7,0,,,1000,arms.vector.bits,175382.0
u7,u7,0,,,1000,arms.rir.roles.fragile.mean_cost,269.47222222222223
u7,u7,0,,,1000,arms.rir.roles.fragile.phantom_rate,0.16666666666666666
u7,u7,0,,,1000,arms.rir.roles.fragile.conflict_phantoms,2.0
u7,u7,0,,,1000,arms.rir.roles.robust.mean_cost,248.25
u7,u7,0,,,1000,arms.rir.roles.robust.phantom_rate,0.16666666666666666
u7,u7,0,,,1000,arms.rir.roles.robust.conflict_phantoms,2.0
u7,u7,0,,,1000,arms.rir.n_items,1000.0
u7,u7,0,,,1000,arms.rir.bits,336744.0
u7,u7,0,,,1000,arms.snapshot.roles.fragile.mean_cost,289.02777777777777
u7,u7,0,,,1000,arms.snapshot.roles.fragile.phantom_rate,0.0
u7,u7,0,,,1000,arms.snapshot.roles.fragile.conflict_phantoms,0.0
u7,u7,0,,,1000,arms.snapshot.roles.robust.mean_cost,263.0833333333333
u7,u7,0,,,1000,arms.snapshot.roles.robust.phantom_rate,0.0
u7,u7,0,,,1000,arms.snapshot.roles.robust.conflict_phantoms,0.0
u7,u7,0,,,1000,arms.snapshot.n_items,1000.0
u7,u7,0,,,1000,arms.snapshot.bits,5188418.0
u7,u7,0,,,1000,arms.utility.roles.fragile.mean_cost,129.66666666666666
u7,u7,0,,,1000,arms.utility.roles.fragile.phantom_rate,0.9722222222222222
u7,u7,0,,,1000,arms.utility.roles.fragile.conflict_phantoms,22.0
u7,u7,0,,,1000,arms.utility.roles.robust.mean_cost,201.83333333333334
u7,u7,0,,,1000,arms.utility.roles.robust.phantom_rate,0.9722222222222222
u7,u7,0,,,1000,arms.utility.roles.robust.conflict_phantoms,22.0
u7,u7,0,,,1000,arms.utility.n_items,445.0
u7,u7,0,,,1000,arms.utility.bits,150862.0
u7,u7,0,,,1000,arms.analogy.roles.fragile.mean_cost,91.72222222222223
u7,u7,0,,,1000,arms.analogy.roles.fragile.phantom_rate,0.8611111111111112
u7,u7,0,,,1000,arms.analogy.roles.fragile.conflict_phantoms,17.0
u7,u7,0,,,1000,arms.analogy.roles.robust.mean_cost,145.91666666666666
u7,u7,0,,,1000,arms.analogy.roles.robust.phantom_rate,0.8611111111111112
u7,u7,0,,,1000,arms.analogy.roles.robust.conflict_phantoms,17.0
u7,u7,0,,,1000,arms.analogy.n_items,488.0
u7,u7,0,,,1000,arms.analogy.bits,165260.0
u7,u7,0,,,1000,arms.ucsm.roles.fragile.mean_cost,103.91666666666667
u7,u7,0,,,1000,arms.ucsm.roles.fragile.phantom_rate,0.9444444444444444
u7,u7,0,,,1000,arms.ucsm.roles.fragile.conflict_phantoms,20.0
u7,u7,0,,,1000,arms.ucsm.roles.robust.mean_cost,164.41666666666666
u7,u7,0,,,1000,arms.ucsm.roles.robust.phantom_rate,0.9444444444444444
u7,u7,0,,,1000,arms.ucsm.roles.robust.conflict_phantoms,20.0
u7,u7,0,,,1000,arms.ucsm.n_items,420.0
u7,u7,0,,,1000,arms.ucsm.bits,142296.0
u7,u7,0,,,1000,arms.ucsm_recent.roles.fragile.mean_cost,133.19444444444446
u7,u7,0,,,1000,arms.ucsm_recent.roles.fragile.phantom_rate,0.9722222222222222
u7,u7,0,,,1000,arms.ucsm_recent.roles.fragile.conflict_phantoms,22.0
u7,u7,0,,,1000,arms.ucsm_recent.roles.robust.mean_cost,205.05555555555554
u7,u7,0,,,1000,arms.ucsm_recent.roles.robust.phantom_rate,0.9722222222222222
u7,u7,0,,,1000,arms.ucsm_recent.roles.robust.conflict_phantoms,22.0
u7,u7,0,,,1000,arms.ucsm_recent.n_items,420.0
u7,u7,0,,,1000,arms.ucsm_recent.bits,142296.0
u7,u7,1,,,1000,battery,36.0
u7,u7,1,,,1000,arms.raw.roles.fragile.mean_cost,140.19444444444446
u7,u7,1,,,1000,arms.raw.roles.fragile.phantom_rate,0.9444444444444444
u7,u7,1,,,1000,arms.raw.roles.fragile.conflict_phantoms,15.0
u7,u7,1,,,1000,arms.raw.roles.robust.mean_cost,208.13888888888889
u7,u7,1,,,1000,arms.raw.roles.robust.phantom_rate,0.9444444444444444
u7,u7,1,,,1000,arms.raw.roles.robust.conflict_phantoms,15.0
u7,u7,1,,,1000,arms.raw.n_items,1000.0
u7,u7,1,,,1000,arms.raw.bits,339476.0
u7,u7,1,,,1000,arms.vector.roles.fragile.mean_cost,211.16666666666666
u7,u7,1,,,1000,arms.vector.roles.fragile.phantom_rate,0.2777777777777778
u7,u7,1,,,1000,arms.vector.roles.fragile.conflict_phantoms,6.0
u7,u7,1,,,1000,arms.vector.roles.robust.mean_cost,199.83333333333334
u7,u7,1,,,1000,arms.vector.roles.robust.phantom_rate,0.2777777777777778
u7,u7,1,,,1000,arms.vector.roles.robust.conflict_phantoms,6.0
u7,u7,1,,,1000,arms.vector.n_items,557.0
u7,u7,1,,,1000,arms.vector.bits,187106.0
u7,u7,1,,,1000,arms.rir.roles.fragile.mean_cost,238.33333333333334
u7,u7,1,,,1000,arms.rir.roles.fragile.phantom_rate,0.19444444444444445
u7,u7,1,,,1000,arms.rir.roles.fragile.conflict_phantoms,5.0
u7,u7,1,,,1000,arms.rir.roles.robust.mean_cost,220.36111111111111
u7,u7,1,,,1000,arms.rir.roles.robust.phantom_rate,0.19444444444444445
u7,u7,1,,,1000,arms.rir.roles.robust.conflict_phantoms,5.0
u7,u7,1,,,1000,arms.rir.n_items,1000.0
u7,u7,1,,,1000,arms.rir.bits,339476.0
u7,u7,1,,,1000,arms.snapshot.roles.fragile.mean_cost,247.38888888888889
u7,u7,1,,,1000,arms.snapshot.roles.fragile.phantom_rate,0.0
u7,u7,1,,,1000,arms.snapshot.roles.fragile.conflict_phantoms,0.0
u7,u7,1,,,1000,arms.snapshot.roles.robust.mean_cost,227.72222222222223
u7,u7,1,,,1000,arms.snapshot.roles.robust.phantom_rate,0.0
u7,u7,1,,,1000,arms.snapshot.roles.robust.conflict_phantoms,0.0
u7,u7,1,,,1000,arms.snapshot.n_items,1000.0
u7,u7,1,,,1000,arms.snapshot.bits,5212898.0
u7,u7,1,,,1000,arms.utility.roles.fragile.mean_cost,140.22222222222223
u7,u7,1,,,1000,arms.utility.roles.fragile.phantom_rate,0.9722222222222222
u7,u7,1,,,1000,arms.utility.roles.fragile.conflict_phantoms,15.0
u7,u7,1,,,1000,arms.utility.roles.robust.mean_cost,204.41666666666666
u7,u7,1,,,1000,arms.utility.roles.robust.phantom_rate,0.9722222222222222
u7,u7,1,,,1000,arms.utility.roles.robust.conflict_phantoms,15.0
u7,u7,1,,,1000,arms.utility.n_items,476.0
u7,u7,1,,,1000,arms.utility.bits,162166.0
u7,u7,1,,,1000,arms.analogy.roles.fragile.mean_cost,172.25
u7,u7,1,,,1000,arms.analogy.roles.fragile.phantom_rate,0.9722222222222222
u7,u7,1,,,1000,arms.analogy.roles.fragile.conflict_phantoms,15.0
u7,u7,1,,,1000,arms.analogy.roles.robust.mean_cost,250.52777777777777
u7,u7,1,,,1000,arms.analogy.roles.robust.phantom_rate,0.9722222222222222
u7,u7,1,,,1000,arms.analogy.roles.robust.conflict_phantoms,15.0
u7,u7,1,,,1000,arms.analogy.n_items,535.0
u7,u7,1,,,1000,arms.analogy.bits,182406.0
u7,u7,1,,,1000,arms.ucsm.roles.fragile.mean_cost,157.94444444444446
u7,u7,1,,,1000,arms.ucsm.roles.fragile.phantom_rate,0.9444444444444444
u7,u7,1,,,1000,arms.ucsm.roles.fragile.conflict_phantoms,15.0
u7,u7,1,,,1000,arms.ucsm.roles.robust.mean_cost,231.83333333333334
u7,u7,1,,,1000,arms.ucsm.roles.robust.phantom_rate,0.9444444444444444
u7,u7,1,,,1000,arms.ucsm.roles.robust.conflict_phantoms,15.0
u7,u7,1,,,1000,arms.ucsm.n_items,449.0
u7,u7,1,,,1000,arms.ucsm.bits,153816.0
u7,u7,1,,,1000,arms.ucsm_recent.roles.fragile.mean_cost,143.58333333333334
u7,u7,1,,,1000,arms.ucsm_recent.roles.fragile.phantom_rate,0.9722222222222222
u7,u7,1,,,1000,arms.ucsm_recent.roles.fragile.conflict_phantoms,15.0
u7,u7,1,,,1000,arms.ucsm_recent.roles.robust.mean_cost,209.97222222222223
u7,u7,1,,,1000,arms.ucsm_recent.roles.robust.phantom_rate,0.9722222222222222
u7,u7,1,,,1000,arms.ucsm_recent.roles.robust.conflict_phantoms,15.0
u7,u7,1,,,1000,arms.ucsm_recent.n_items,449.0
u7,u7,1,,,1000,arms.ucsm_recent.bits,153816.0
u7,u7,2,,,1000,battery,36.0
u7,u7,2,,,1000,arms.raw.roles.fragile.mean_cost,158.0
u7,u7,2,,,1000,arms.raw.roles.fragile.phantom_rate,0.9722222222222222
u7,u7,2,,,1000,arms.raw.roles.fragile.conflict_phantoms,23.0
u7,u7,2,,,1000,arms.raw.roles.robust.mean_cost,228.16666666666666
u7,u7,2,,,1000,arms.raw.roles.robust.phantom_rate,0.9722222222222222
u7,u7,2,,,1000,arms.raw.roles.robust.conflict_phantoms,23.0
u7,u7,2,,,1000,arms.raw.n_items,1000.0
u7,u7,2,,,1000,arms.raw.bits,341258.0
u7,u7,2,,,1000,arms.vector.roles.fragile.mean_cost,245.66666666666666
u7,u7,2,,,1000,arms.vector.roles.fragile.phantom_rate,0.19444444444444445
u7,u7,2,,,1000,arms.vector.roles.fragile.conflict_phantoms,5.0
u7,u7,2,,,1000,arms.vector.roles.robust.mean_cost,224.11111111111111
u7,u7,2,,,1000,arms.vector.roles.robust.phantom_rate,0.19444444444444445
u7,u7,2,,,1000,arms.vector.roles.robust.conflict_phantoms,5.0
u7,u7,2,,,1000,arms.vector.n_items,541.0
u7,u7,2,,,1000,arms.vector.bits,181400.0
u7,u7,2,,,1000,arms.rir.roles.fragile.mean_cost,278.69444444444446
u7,u7,2,,,1000,arms.rir.roles.fragile.phantom_rate,0.027777777777777776
u7,u7,2,,,1000,arms.rir.roles.fragile.conflict_phantoms,1.0
u7,u7,2,,,1000,arms.rir.roles.robust.mean_cost,250.72222222222223
u7,u7,2,,,1000,arms.rir.roles.robust.phantom_rate,0.027777777777777776
u7,u7,2,,,1000,arms.rir.roles.robust.conflict_phantoms,1.0
u7,u7,2,,,1000,arms.rir.n_items,1000.0
u7,u7,2,,,1000,arms.rir.bits,341258.0
u7,u7,2,,,1000,arms.snapshot.roles.fragile.mean_cost,279.8888888888889
u7,u7,2,,,1000,arms.snapshot.roles.fragile.phantom_rate,0.0
u7,u7,2,,,1000,arms.snapshot.roles.fragile.conflict_phantoms,0.0
u7,u7,2,,,1000,arms.snapshot.roles.robust.mean_cost,251.19444444444446
u7,u7,2,,,1000,arms.snapshot.roles.robust.phantom_rate,0.0
u7,u7,2,,,1000,arms.snapshot.roles.robust.conflict_phantoms,0.0
u7,u7,2,,,1000,arms.snapshot.n_items,1000.0
u7,u7,2,,,1000,arms.snapshot.bits,5214596.0
u7,u7,2,,,1000,arms.utility.roles.fragile.mean_cost,135.66666666666666
u7,u7,2,,,1000,arms.utility.roles.fragile.phantom_rate,0.9444444444444444
u7,u7,2,,,1000,arms.utility.roles.fragile.conflict_phantoms,23.0
u7,u7,2,,,1000,arms.utility.roles.robust.mean_cost,200.08333333333334
u7,u7,2,,,1000,arms.utility.roles.robust.phantom_rate,0.9444444444444444
u7,u7,2,,,1000,arms.utility.roles.robust.conflict_phantoms,23.0
u7,u7,2,,,1000,arms.utility.n_items,467.0
u7,u7,2,,,1000,arms.utility.bits,160956.0
u7,u7,2,,,1000,arms.analogy.roles.fragile.mean_cost,151.08333333333334
u7,u7,2,,,1000,arms.analogy.roles.fragile.phantom_rate,1.0
u7,u7,2,,,1000,arms.analogy.roles.fragile.conflict_phantoms,24.0
u7,u7,2,,,1000,arms.analogy.roles.robust.mean_cost,226.05555555555554
u7,u7,2,,,1000,arms.analogy.roles.robust.phantom_rate,1.0
u7,u7,2,,,1000,arms.analogy.roles.robust.conflict_phantoms,24.0
u7,u7,2,,,1000,arms.analogy.n_items,505.0
u7,u7,2,,,1000,arms.analogy.bits,172940.0
u7,u7,2,,,1000,arms.ucsm.roles.fragile.mean_cost,145.80555555555554
u7,u7,2,,,1000,arms.ucsm.roles.fragile.phantom_rate,1.0
u7,u7,2,,,1000,arms.ucsm.roles.fragile.conflict_phantoms,24.0
u7,u7,2,,,1000,arms.ucsm.roles.robust.mean_cost,217.47222222222223
u7,u7,2,,,1000,arms.ucsm.roles.robust.phantom_rate,1.0
u7,u7,2,,,1000,arms.ucsm.roles.robust.conflict_phantoms,24.0
u7,u7,2,,,1000,arms.ucsm.n_items,434.0
u7,u7,2,,,1000,arms.ucsm.bits,149500.0
u7,u7,2,,,1000,arms.ucsm_recent.roles.fragile.mean_cost,133.72222222222223
u7,u7,2,,,1000,arms.ucsm_recent.roles.fragile.phantom_rate,0.9444444444444444
u7,u7,2,,,1000,arms.ucsm_recent.roles.fragile.conflict_phantoms,23.0
u7,u7,2,,,1000,arms.ucsm_recent.roles.robust.mean_cost,192.33333333333334
u7,u7,2,,,1000,arms.ucsm_recent.roles.robust.phantom_rate,0.9444444444444444
u7,u7,2,,,1000,arms.ucsm_recent.roles.robust.conflict_phantoms,23.0
u7,u7,2,,,1000,arms.ucsm_recent.n_items,434.0
u7,u7,2,,,1000,arms.ucsm_recent.bits,149500.0
u7,u7,3,,,1000,battery,36.0
u7,u7,3,,,1000,arms.raw.roles.fragile.mean_cost,144.13888888888889
u7,u7,3,,,1000,arms.raw.roles.fragile.phantom_rate,1.0
u7,u7,3,,,1000,arms.raw.roles.fragile.conflict_phantoms,14.0
u7,u7,3,,,1000,arms.raw.roles.robust.mean_cost,218.36111111111111
u7,u7,3,,,1000,arms.raw.roles.robust.phantom_rate,1.0
u7,u7,3,,,1000,arms.raw.roles.robust.conflict_phantoms,14.0
u7,u7,3,,,1000,arms.raw.n_items,1000.0
u7,u7,3,,,1000,arms.raw.bits,339172.0
u7,u7,3,,,1000,arms.vector.roles.fragile.mean_cost,221.88888888888889
u7,u7,3,,,1000,arms.vector.roles.fragile.phantom_rate,0.25
u7,u7,3,,,1000,arms.vector.roles.fragile.conflict_phantoms,4.0
u7,u7,3,,,1000,arms.vector.roles.robust.mean_cost,206.69444444444446
u7,u7,3,,,1000,arms.vector.roles.robust.phantom_rate,0.25
u7,u7,3,,,1000,arms.vector.roles.robust.conflict_phantoms,4.0
u7,u7,3,,,1000,arms.vector.n_items,566.0
u7,u7,3,,,1000,arms.vector.bits,188492.0
u7,u7,3,,,1000,arms.rir.roles.fragile.mean_cost,264.47222222222223
u7,u7,3,,,1000,arms.rir.roles.fragile.phantom_rate,0.08333333333333333
u7,u7,3,,,1000,arms.rir.roles.fragile.conflict_phantoms,3.0
u7,u7,3,,,1000,arms.rir.roles.robust.mean_cost,238.88888888888889
u7,u7,3,,,1000,arms.rir.roles.robust.phantom_rate,0.08333333333333333
u7,u7,3,,,1000,arms.rir.roles.robust.conflict_phantoms,3.0
u7,u7,3,,,1000,arms.rir.n_items,1000.0
u7,u7,3,,,1000,arms.rir.bits,339172.0
u7,u7,3,,,1000,arms.snapshot.roles.fragile.mean_cost,261.27777777777777
u7,u7,3,,,1000,arms.snapshot.roles.fragile.phantom_rate,0.05555555555555555
u7,u7,3,,,1000,arms.snapshot.roles.fragile.conflict_phantoms,0.0
u7,u7,3,,,1000,arms.snapshot.roles.robust.mean_cost,237.61111111111111
u7,u7,3,,,1000,arms.snapshot.roles.robust.phantom_rate,0.05555555555555555
u7,u7,3,,,1000,arms.snapshot.roles.robust.conflict_phantoms,0.0
u7,u7,3,,,1000,arms.snapshot.n_items,1000.0
u7,u7,3,,,1000,arms.snapshot.bits,5199116.0
u7,u7,3,,,1000,arms.utility.roles.fragile.mean_cost,139.97222222222223
u7,u7,3,,,1000,arms.utility.roles.fragile.phantom_rate,0.9722222222222222
u7,u7,3,,,1000,arms.utility.roles.fragile.conflict_phantoms,14.0
u7,u7,3,,,1000,arms.utility.roles.robust.mean_cost,209.91666666666666
u7,u7,3,,,1000,arms.utility.roles.robust.phantom_rate,0.9722222222222222
u7,u7,3,,,1000,arms.utility.roles.robust.conflict_phantoms,14.0
u7,u7,3,,,1000,arms.utility.n_items,483.0
u7,u7,3,,,1000,arms.utility.bits,164210.0
u7,u7,3,,,1000,arms.analogy.roles.fragile.mean_cost,153.63888888888889
u7,u7,3,,,1000,arms.analogy.roles.fragile.phantom_rate,0.9166666666666666
u7,u7,3,,,1000,arms.analogy.roles.fragile.conflict_phantoms,12.0
u7,u7,3,,,1000,arms.analogy.roles.robust.mean_cost,223.02777777777777
u7,u7,3,,,1000,arms.analogy.roles.robust.phantom_rate,0.9166666666666666
u7,u7,3,,,1000,arms.analogy.roles.robust.conflict_phantoms,12.0
u7,u7,3,,,1000,arms.analogy.n_items,526.0
u7,u7,3,,,1000,arms.analogy.bits,179710.0
u7,u7,3,,,1000,arms.ucsm.roles.fragile.mean_cost,150.91666666666666
u7,u7,3,,,1000,arms.ucsm.roles.fragile.phantom_rate,0.9444444444444444
u7,u7,3,,,1000,arms.ucsm.roles.fragile.conflict_phantoms,12.0
u7,u7,3,,,1000,arms.ucsm.roles.robust.mean_cost,219.44444444444446
u7,u7,3,,,1000,arms.ucsm.roles.robust.phantom_rate,0.9444444444444444
u7,u7,3,,,1000,arms.ucsm.roles.robust.conflict_phantoms,12.0
u7,u7,3,,,1000,arms.ucsm.n_items,456.0
u7,u7,3,,,1000,arms.ucsm.bits,155380.0
u7,u7,3,,,1000,arms.ucsm_recent.roles.fragile.mean_cost,142.33333333333334
u7,u7,3,,,1000,arms.ucsm_recent.roles.fragile.phantom_rate,0.9722222222222222
u7,u7,3,,,1000,arms.ucsm_recent.roles.fragile.conflict_phantoms,14.0
u7,u7,3,,,1000,arms.ucsm_recent.roles.robust.mean_cost,212.63888888888889
u7,u7,3,,,1000,arms.ucsm_recent.roles.robust.phantom_rate,0.9722222222222222
u7,u7,3,,,1000,arms.ucsm_recent.roles.robust.conflict_phantoms,14.0
u7,u7,3,,,1000,arms.ucsm_recent.n_items,456.0
u7,u7,3,,,1000,arms.ucsm_recent.bits,155380.0
u7,u7,4,,,1000,battery,36.0
u7,u7,4,,,1000,arms.raw.roles.fragile.mean_cost,147.05555555555554
u7,u7,4,,,1000,arms.raw.roles.fragile.phantom_rate,0.9444444444444444
u7,u7,4,,,1000,arms.raw.roles.fragile.conflict_phantoms,12.0
u7,u7,4,,,1000,arms.raw.roles.robust.mean_cost,221.36111111111111
u7,u7,4,,,1000,arms.raw.roles.robust.phantom_rate,0.9444444444444444
u7,u7,4,,,1000,arms.raw.roles.robust.conflict_phantoms,12.0
u7,u7,4,,,1000,arms.raw.n_items,1000.0
u7,u7,4,,,1000,arms.raw.bits,345328.0
u7,u7,4,,,1000,arms.vector.roles.fragile.mean_cost,244.91666666666666
u7,u7,4,,,1000,arms.vector.roles.fragile.phantom_rate,0.2222222222222222
u7,u7,4,,,1000,arms.vector.roles.fragile.conflict_phantoms,2.0
u7,u7,4,,,1000,arms.vector.roles.robust.mean_cost,221.41666666666666
u7,u7,4,,,1000,arms.vector.roles.robust.phantom_rate,0.2222222222222222
u7,u7,4,,,1000,arms.vector.roles.robust.conflict_phantoms,2.0
u7,u7,4,,,1000,arms.vector.n_items,549.0
u7,u7,4,,,1000,arms.vector.bits,185794.0
u7,u7,4,,,1000,arms.rir.roles.fragile.mean_cost,248.30555555555554
u7,u7,4,,,1000,arms.rir.roles.fragile.phantom_rate,0.19444444444444445
u7,u7,4,,,1000,arms.rir.roles.fragile.conflict_phantoms,1.0
u7,u7,4,,,1000,arms.rir.roles.robust.mean_cost,225.0
u7,u7,4,,,1000,arms.rir.roles.robust.phantom_rate,0.19444444444444445
u7,u7,4,,,1000,arms.rir.roles.robust.conflict_phantoms,1.0
u7,u7,4,,,1000,arms.rir.n_items,1000.0
u7,u7,4,,,1000,arms.rir.bits,345328.0
u7,u7,4,,,1000,arms.snapshot.roles.fragile.mean_cost,284.30555555555554
u7,u7,4,,,1000,arms.snapshot.roles.fragile.phantom_rate,0.0
u7,u7,4,,,1000,arms.snapshot.roles.fragile.conflict_phantoms,0.0
u7,u7,4,,,1000,arms.snapshot.roles.robust.mean_cost,256.19444444444446
u7,u7,4,,,1000,arms.snapshot.roles.robust.phantom_rate,0.0
u7,u7,4,,,1000,arms.snapshot.roles.robust.conflict_phantoms,0.0
u7,u7,4,,,1000,arms.snapshot.n_items,1000.0
u7,u7,4,,,1000,arms.snapshot.bits,5203400.0
u7,u7,4,,,1000,arms.utility.roles.fragile.mean_cost,165.33333333333334
u7,u7,4,,,1000,arms.utility.roles.fragile.phantom_rate,0.9444444444444444
u7,u7,4,,,1000,arms.utility.roles.fragile.conflict_phantoms,10.0
u7,u7,4,,,1000,arms.utility.roles.robust.mean_cost,232.52777777777777
u7,u7,4,,,1000,arms.utility.roles.robust.phantom_rate,0.9444444444444444
u7,u7,4,,,1000,arms.utility.roles.robust.conflict_phantoms,10.0
u7,u7,4,,,1000,arms.utility.n_items,484.0
u7,u7,4,,,1000,arms.utility.bits,167618.0
u7,u7,4,,,1000,arms.analogy.roles.fragile.mean_cost,170.61111111111111
u7,u7,4,,,1000,arms.analogy.roles.fragile.phantom_rate,0.9722222222222222
u7,u7,4,,,1000,arms.analogy.roles.fragile.conflict_phantoms,12.0
u7,u7,4,,,1000,arms.analogy.roles.robust.mean_cost,254.58333333333334
u7,u7,4,,,1000,arms.analogy.roles.robust.phantom_rate,0.9722222222222222
u7,u7,4,,,1000,arms.analogy.roles.robust.conflict_phantoms,12.0
u7,u7,4,,,1000,arms.analogy.n_items,527.0
u7,u7,4,,,1000,arms.analogy.bits,181638.0
u7,u7,4,,,1000,arms.ucsm.roles.fragile.mean_cost,172.80555555555554
u7,u7,4,,,1000,arms.ucsm.roles.fragile.phantom_rate,0.9444444444444444
u7,u7,4,,,1000,arms.ucsm.roles.fragile.conflict_phantoms,12.0
u7,u7,4,,,1000,arms.ucsm.roles.robust.mean_cost,256.3333333333333
u7,u7,4,,,1000,arms.ucsm.roles.robust.phantom_rate,0.9444444444444444
u7,u7,4,,,1000,arms.ucsm.roles.robust.conflict_phantoms,12.0
u7,u7,4,,,1000,arms.ucsm.n_items,461.0
u7,u7,4,,,1000,arms.ucsm.bits,159678.0
u7,u7,4,,,1000,arms.ucsm_recent.roles.fragile.mean_cost,168.97222222222223
u7,u7,4,,,1000,arms.ucsm_recent.roles.fragile.phantom_rate,0.9722222222222222
u7,u7,4,,,1000,arms.ucsm_recent.roles.fragile.conflict_phantoms,11.0
u7,u7,4,,,1000,arms.ucsm_recent.roles.robust.mean_cost,237.58333333333334
u7,u7,4,,,1000,arms.ucsm_recent.roles.robust.phantom_rate,0.9722222222222222
u7,u7,4,,,1000,arms.ucsm_recent.roles.robust.conflict_phantoms,11.0
u7,u7,4,,,1000,arms.ucsm_recent.n_items,461.0
u7,u7,4,,,1000,arms.ucsm_recent.bits,159678.0
u7,u7,5,,,1000,battery,36.0
u7,u7,5,,,1000,arms.raw.roles.fragile.mean_cost,155.22222222222223
u7,u7,5,,,1000,arms.raw.roles.fragile.phantom_rate,0.9166666666666666
u7,u7,5,,,1000,arms.raw.roles.fragile.conflict_phantoms,19.0
u7,u7,5,,,1000,arms.raw.roles.robust.mean_cost,233.11111111111111
u7,u7,5,,,1000,arms.raw.roles.robust.phantom_rate,0.9166666666666666
u7,u7,5,,,1000,arms.raw.roles.robust.conflict_phantoms,19.0
u7,u7,5,,,1000,arms.raw.n_items,1000.0
u7,u7,5,,,1000,arms.raw.bits,335186.0
u7,u7,5,,,1000,arms.vector.roles.fragile.mean_cost,210.08333333333334
u7,u7,5,,,1000,arms.vector.roles.fragile.phantom_rate,0.3611111111111111
u7,u7,5,,,1000,arms.vector.roles.fragile.conflict_phantoms,9.0
u7,u7,5,,,1000,arms.vector.roles.robust.mean_cost,195.72222222222223
u7,u7,5,,,1000,arms.vector.roles.robust.phantom_rate,0.3611111111111111
u7,u7,5,,,1000,arms.vector.roles.robust.conflict_phantoms,9.0
u7,u7,5,,,1000,arms.vector.n_items,578.0
u7,u7,5,,,1000,arms.vector.bits,190668.0
u7,u7,5,,,1000,arms.rir.roles.fragile.mean_cost,243.80555555555554
u7,u7,5,,,1000,arms.rir.roles.fragile.phantom_rate,0.16666666666666666
u7,u7,5,,,1000,arms.rir.roles.fragile.conflict_phantoms,4.0
u7,u7,5,,,1000,arms.rir.roles.robust.mean_cost,225.38888888888889
u7,u7,5,,,1000,arms.rir.roles.robust.phantom_rate,0.16666666666666666
u7,u7,5,,,1000,arms.rir.roles.robust.conflict_phantoms,4.0
u7,u7,5,,,1000,arms.rir.n_items,1000.0
u7,u7,5,,,1000,arms.rir.bits,335186.0
u7,u7,5,,,1000,arms.snapshot.roles.fragile.mean_cost,271.44444444444446
u7,u7,5,,,1000,arms.snapshot.roles.fragile.phantom_rate,0.027777777777777776
u7,u7,5,,,1000,arms.snapshot.roles.fragile.conflict_phantoms,0.0
u7,u7,5,,,1000,arms.snapshot.roles.robust.mean_cost,246.44444444444446
u7,u7,5,,,1000,arms.snapshot.roles.robust.phantom_rate,0.027777777777777776
u7,u7,5,,,1000,arms.snapshot.roles.robust.conflict_phantoms,0.0
u7,u7,5,,,1000,arms.snapshot.n_items,1000.0
u7,u7,5,,,1000,arms.snapshot.bits,5186972.0
u7,u7,5,,,1000,arms.utility.roles.fragile.mean_cost,168.11111111111111
u7,u7,5,,,1000,arms.utility.roles.fragile.phantom_rate,0.9722222222222222
u7,u7,5,,,1000,arms.utility.roles.fragile.conflict_phantoms,18.0
u7,u7,5,,,1000,arms.utility.roles.robust.mean_cost,263.5833333333333
u7,u7,5,,,1000,arms.utility.roles.robust.phantom_rate,0.9722222222222222
u7,u7,5,,,1000,arms.utility.roles.robust.conflict_phantoms,18.0
u7,u7,5,,,1000,arms.utility.n_items,503.0
u7,u7,5,,,1000,arms.utility.bits,168742.0
u7,u7,5,,,1000,arms.analogy.roles.fragile.mean_cost,125.38888888888889
u7,u7,5,,,1000,arms.analogy.roles.fragile.phantom_rate,0.9444444444444444
u7,u7,5,,,1000,arms.analogy.roles.fragile.conflict_phantoms,18.0
u7,u7,5,,,1000,arms.analogy.roles.robust.mean_cost,192.63888888888889
u7,u7,5,,,1000,arms.analogy.roles.robust.phantom_rate,0.9444444444444444
u7,u7,5,,,1000,arms.analogy.roles.robust.conflict_phantoms,18.0
u7,u7,5,,,1000,arms.analogy.n_items,541.0
u7,u7,5,,,1000,arms.analogy.bits,183512.0
u7,u7,5,,,1000,arms.ucsm.roles.fragile.mean_cost,141.94444444444446
u7,u7,5,,,1000,arms.ucsm.roles.fragile.phantom_rate,0.9166666666666666
u7,u7,5,,,1000,arms.ucsm.roles.fragile.conflict_phantoms,17.0
u7,u7,5,,,1000,arms.ucsm.roles.robust.mean_cost,216.86111111111111
u7,u7,5,,,1000,arms.ucsm.roles.robust.phantom_rate,0.9166666666666666
u7,u7,5,,,1000,arms.ucsm.roles.robust.conflict_phantoms,17.0
u7,u7,5,,,1000,arms.ucsm.n_items,480.0
u7,u7,5,,,1000,arms.ucsm.bits,161510.0
u7,u7,5,,,1000,arms.ucsm_recent.roles.fragile.mean_cost,152.33333333333334
u7,u7,5,,,1000,arms.ucsm_recent.roles.fragile.phantom_rate,0.9444444444444444
u7,u7,5,,,1000,arms.ucsm_recent.roles.fragile.conflict_phantoms,17.0
u7,u7,5,,,1000,arms.ucsm_recent.roles.robust.mean_cost,242.44444444444446
u7,u7,5,,,1000,arms.ucsm_recent.roles.robust.phantom_rate,0.9444444444444444
u7,u7,5,,,1000,arms.ucsm_recent.roles.robust.conflict_phantoms,17.0
u7,u7,5,,,1000,arms.ucsm_recent.n_items,480.0
u7,u7,5,,,1000,arms.ucsm_recent.bits,161510.0
u7,u7,6,,,1000,battery,36.0
u7,u7,6,,,1000,arms.raw.roles.fragile.mean_cost,111.75
u7,u7,6,,,1000,arms.raw.roles.fragile.phantom_rate,0.9444444444444444
u7,u7,6,,,1000,arms.raw.roles.fragile.conflict_phantoms,13.0
u7,u7,6,,,1000,arms.raw.roles.robust.mean_cost,172.41666666666666
u7,u7,6,,,1000,arms.raw.roles.robust.phantom_rate,0.9444444444444444
u7,u7,6,,,1000,arms.raw.roles.robust.conflict_phantoms,13.0
u7,u7,6,,,1000,arms.raw.n_items,1000.0
u7,u7,6,,,1000,arms.raw.bits,338470.0
u7,u7,6,,,1000,arms.vector.roles.fragile.mean_cost,236.0
u7,u7,6,,,1000,arms.vector.roles.fragile.phantom_rate,0.3055555555555556
u7,u7,6,,,1000,arms.vector.roles.fragile.conflict_phantoms,3.0
u7,u7,6,,,1000,arms.vector.roles.robust.mean_cost,217.63888888888889
u7,u7,6,,,1000,arms.vector.roles.robust.phantom_rate,0.3055555555555556
u7,u7,6,,,1000,arms.vector.roles.robust.conflict_phantoms,3.0
u7,u7,6,,,1000,arms.vector.n_items,563.0
u7,u7,6,,,1000,arms.vector.bits,188078.0
u7,u7,6,,,1000,arms.rir.roles.fragile.mean_cost,265.44444444444446
u7,u7,6,,,1000,arms.rir.roles.fragile.phantom_rate,0.08333333333333333
u7,u7,6,,,1000,arms.rir.roles.fragile.conflict_phantoms,0.0
u7,u7,6,,,1000,arms.rir.roles.robust.mean_cost,240.11111111111111
u7,u7,6,,,1000,arms.rir.roles.robust.phantom_rate,0.08333333333333333
u7,u7,6,,,1000,arms.rir.roles.robust.conflict_phantoms,0.0
u7,u7,6,,,1000,arms.rir.n_items,1000.0
u7,u7,6,,,1000,arms.rir.bits,338470.0
u7,u7,6,,,1000,arms.snapshot.roles.fragile.mean_cost,277.6388888888889
u7,u7,6,,,1000,arms.snapshot.roles.fragile.phantom_rate,0.05555555555555555
u7,u7,6,,,1000,arms.snapshot.roles.fragile.conflict_phantoms,1.0
u7,u7,6,,,1000,arms.snapshot.roles.robust.mean_cost,251.52777777777777
u7,u7,6,,,1000,arms.snapshot.roles.robust.phantom_rate,0.05555555555555555
u7,u7,6,,,1000,arms.snapshot.roles.robust.conflict_phantoms,1.0
u7,u7,6,,,1000,arms.snapshot.n_items,1000.0
u7,u7,6,,,1000,arms.snapshot.bits,5199758.0
u7,u7,6,,,1000,arms.utility.roles.fragile.mean_cost,135.33333333333334
u7,u7,6,,,1000,arms.utility.roles.fragile.phantom_rate,0.9166666666666666
u7,u7,6,,,1000,arms.utility.roles.fragile.conflict_phantoms,12.0
u7,u7,6,,,1000,arms.utility.roles.robust.mean_cost,205.55555555555554
u7,u7,6,,,1000,arms.utility.roles.robust.phantom_rate,0.9166666666666666
u7,u7,6,,,1000,arms.utility.roles.robust.conflict_phantoms,12.0
u7,u7,6,,,1000,arms.utility.n_items,471.0
u7,u7,6,,,1000,arms.utility.bits,159738.0
u7,u7,6,,,1000,arms.analogy.roles.fragile.mean_cost,137.05555555555554
u7,u7,6,,,1000,arms.analogy.roles.fragile.phantom_rate,0.8888888888888888
u7,u7,6,,,1000,arms.analogy.roles.fragile.conflict_phantoms,12.0
u7,u7,6,,,1000,arms.analogy.roles.robust.mean_cost,203.36111111111111
u7,u7,6,,,1000,arms.analogy.roles.robust.phantom_rate,0.8888888888888888
u7,u7,6,,,1000,arms.analogy.roles.robust.conflict_phantoms,12.0
u7,u7,6,,,1000,arms.analogy.n_items,512.0
u7,u7,6,,,1000,arms.analogy.bits,175064.0
u7,u7,6,,,1000,arms.ucsm.roles.fragile.mean_cost,153.25
u7,u7,6,,,1000,arms.ucsm.roles.fragile.phantom_rate,0.9166666666666666
u7,u7,6,,,1000,arms.ucsm.roles.fragile.conflict_phantoms,12.0
u7,u7,6,,,1000,arms.ucsm.roles.robust.mean_cost,223.0
u7,u7,6,,,1000,arms.ucsm.roles.robust.phantom_rate,0.9166666666666666
u7,u7,6,,,1000,arms.ucsm.roles.robust.conflict_phantoms,12.0
u7,u7,6,,,1000,arms.ucsm.n_items,454.0
u7,u7,6,,,1000,arms.ucsm.bits,153918.0
u7,u7,6,,,1000,arms.ucsm_recent.roles.fragile.mean_cost,131.27777777777777
u7,u7,6,,,1000,arms.ucsm_recent.roles.fragile.phantom_rate,0.9166666666666666
u7,u7,6,,,1000,arms.ucsm_recent.roles.fragile.conflict_phantoms,12.0
u7,u7,6,,,1000,arms.ucsm_recent.roles.robust.mean_cost,199.08333333333334
u7,u7,6,,,1000,arms.ucsm_recent.roles.robust.phantom_rate,0.9166666666666666
u7,u7,6,,,1000,arms.ucsm_recent.roles.robust.conflict_phantoms,12.0
u7,u7,6,,,1000,arms.ucsm_recent.n_items,454.0
u7,u7,6,,,1000,arms.ucsm_recent.bits,153918.0
u7,u7,7,,,1000,battery,36.0
u7,u7,7,,,1000,arms.raw.roles.fragile.mean_cost,144.0
u7,u7,7,,,1000,arms.raw.roles.fragile.phantom_rate,1.0
u7,u7,7,,,1000,arms.raw.roles.fragile.conflict_phantoms,27.0
u7,u7,7,,,1000,arms.raw.roles.robust.mean_cost,225.19444444444446
u7,u7,7,,,1000,arms.raw.roles.robust.phantom_rate,1.0
u7,u7,7,,,1000,arms.raw.roles.robust.conflict_phantoms,27.0
u7,u7,7,,,1000,arms.raw.n_items,1000.0
u7,u7,7,,,1000,arms.raw.bits,343804.0
u7,u7,7,,,1000,arms.vector.roles.fragile.mean_cost,217.61111111111111
u7,u7,7,,,1000,arms.vector.roles.fragile.phantom_rate,0.16666666666666666
u7,u7,7,,,1000,arms.vector.roles.fragile.conflict_phantoms,5.0
u7,u7,7,,,1000,arms.vector.roles.robust.mean_cost,203.72222222222223
u7,u7,7,,,1000,arms.vector.roles.robust.phantom_rate,0.16666666666666666
u7,u7,7,,,1000,arms.vector.roles.robust.conflict_phantoms,5.0
u7,u7,7,,,1000,arms.vector.n_items,599.0
u7,u7,7,,,1000,arms.vector.bits,200874.0
u7,u7,7,,,1000,arms.rir.roles.fragile.mean_cost,240.55555555555554
u7,u7,7,,,1000,arms.rir.roles.fragile.phantom_rate,0.16666666666666666
u7,u7,7,,,1000,arms.rir.roles.fragile.conflict_phantoms,5.0
u7,u7,7,,,1000,arms.rir.roles.robust.mean_cost,220.27777777777777
u7,u7,7,,,1000,arms.rir.roles.robust.phantom_rate,0.16666666666666666
u7,u7,7,,,1000,arms.rir.roles.robust.conflict_phantoms,5.0
u7,u7,7,,,1000,arms.rir.n_items,1000.0
u7,u7,7,,,1000,arms.rir.bits,343804.0
u7,u7,7,,,1000,arms.snapshot.roles.fragile.mean_cost,241.13888888888889
u7,u7,7,,,1000,arms.snapshot.roles.fragile.phantom_rate,0.027777777777777776
u7,u7,7,,,1000,arms.snapshot.roles.fragile.conflict_phantoms,1.0
u7,u7,7,,,1000,arms.snapshot.roles.robust.mean_cost,219.69444444444446
u7,u7,7,,,1000,arms.snapshot.roles.robust.phantom_rate,0.027777777777777776
u7,u7,7,,,1000,arms.snapshot.roles.robust.conflict_phantoms,1.0
u7,u7,7,,,1000,arms.snapshot.n_items,1000.0
u7,u7,7,,,1000,arms.snapshot.bits,5199428.0
u7,u7,7,,,1000,arms.utility.roles.fragile.mean_cost,161.27777777777777
u7,u7,7,,,1000,arms.utility.roles.fragile.phantom_rate,0.9722222222222222
u7,u7,7,,,1000,arms.utility.roles.fragile.conflict_phantoms,26.0
u7,u7,7,,,1000,arms.utility.roles.robust.mean_cost,241.33333333333334
u7,u7,7,,,1000,arms.utility.roles.robust.phantom_rate,0.9722222222222222
u7,u7,7,,,1000,arms.utility.roles.robust.conflict_phantoms,26.0
u7,u7,7,,,1000,arms.utility.n_items,484.0
u7,u7,7,,,1000,arms.utility.bits,165592.0
u7,u7,7,,,1000,arms.analogy.roles.fragile.mean_cost,166.22222222222223
u7,u7,7,,,1000,arms.analogy.roles.fragile.phantom_rate,1.0
u7,u7,7,,,1000,arms.analogy.roles.fragile.conflict_phantoms,27.0
u7,u7,7,,,1000,arms.analogy.roles.robust.mean_cost,245.61111111111111
u7,u7,7,,,1000,arms.analogy.roles.robust.phantom_rate,1.0
u7,u7,7,,,1000,arms.analogy.roles.robust.conflict_phantoms,27.0
u7,u7,7,,,1000,arms.analogy.n_items,536.0
u7,u7,7,,,1000,arms.analogy.bits,184332.0
u7,u7,7,,,1000,arms.ucsm.roles.fragile.mean_cost,137.36111111111111
u7,u7,7,,,1000,arms.ucsm.roles.fragile.phantom_rate,0.9722222222222222
u7,u7,7,,,1000,arms.ucsm.roles.fragile.conflict_phantoms,26.0
u7,u7,7,,,1000,arms.ucsm.roles.robust.mean_cost,206.58333333333334
u7,u7,7,,,1000,arms.ucsm.roles.robust.phantom_rate,0.9722222222222222
u7,u7,7,,,1000,arms.ucsm.roles.robust.conflict_phantoms,26.0
u7,u7,7,,,1000,arms.ucsm.n_items,455.0
u7,u7,7,,,1000,arms.ucsm.bits,155968.0
u7,u7,7,,,1000,arms.ucsm_recent.roles.fragile.mean_cost,157.5
u7,u7,7,,,1000,arms.ucsm_recent.roles.fragile.phantom_rate,0.9722222222222222
u7,u7,7,,,1000,arms.ucsm_recent.roles.fragile.conflict_phantoms,26.0
u7,u7,7,,,1000,arms.ucsm_recent.roles.robust.mean_cost,236.97222222222223
u7,u7,7,,,1000,arms.ucsm_recent.roles.robust.phantom_rate,0.9722222222222222
u7,u7,7,,,1000,arms.ucsm_recent.roles.robust.conflict_phantoms,26.0
u7,u7,7,,,1000,arms.ucsm_recent.n_items,455.0
u7,u7,7,,,1000,arms.ucsm_recent.bits,155968.0
u7,u7,0,,,100,battery,32.0
u7,u7,0,,,100,arms.raw.roles.fragile.mean_cost,45.5625
u7,u7,0,,,100,arms.raw.roles.fragile.phantom_rate,0.65625
u7,u7,0,,,100,arms.raw.roles.fragile.conflict_phantoms,14.0
u7,u7,0,,,100,arms.raw.roles.robust.mean_cost,63.5
u7,u7,0,,,100,arms.raw.roles.robust.phantom_rate,0.65625
u7,u7,0,,,100,arms.raw.roles.robust.conflict_phantoms,14.0
u7,u7,0,,,100,arms.raw.n_items,100.0
u7,u7,0,,,100,arms.raw.bits,33654.0
u7,u7,0,,,100,arms.vector.roles.fragile.mean_cost,200.40625
u7,u7,0,,,100,arms.vector.roles.fragile.phantom_rate,0.3125
u7,u7,0,,,100,arms.vector.roles.fragile.conflict_phantoms,5.0
u7,u7,0,,,100,arms.vector.roles.robust.mean_cost,190.65625
u7,u7,0,,,100,arms.vector.roles.robust.phantom_rate,0.3125
u7,u7,0,,,100,arms.vector.roles.robust.conflict_phantoms,5.0
u7,u7,0,,,100,arms.vector.n_items,56.0
u7,u7,0,,,100,arms.vector.bits,18316.0
u7,u7,0,,,100,arms.rir.roles.fragile.mean_cost,217.65625
u7,u7,0,,,100,arms.rir.roles.fragile.phantom_rate,0.09375
u7,u7,0,,,100,arms.rir.roles.fragile.conflict_phantoms,2.0
u7,u7,0,,,100,arms.rir.roles.robust.mean_cost,204.3125
u7,u7,0,,,100,arms.rir.roles.robust.phantom_rate,0.09375
u7,u7,0,,,100,arms.rir.roles.robust.conflict_phantoms,2.0
u7,u7,0,,,100,arms.rir.n_items,100.0
u7,u7,0,,,100,arms.rir.bits,33654.0
u7,u7,0,,,100,arms.snapshot.roles.fragile.mean_cost,246.0
u7,u7,0,,,100,arms.snapshot.roles.fragile.phantom_rate,0.0625
u7,u7,0,,,100,arms.snapshot.roles.fragile.conflict_phantoms,2.0
u7,u7,0,,,100,arms.snapshot.roles.robust.mean_cost,228.65625
u7,u7,0,,,100,arms.snapshot.roles.robust.phantom_rate,0.0625
u7,u7,0,,,100,arms.snapshot.roles.robust.conflict_phantoms,2.0
u7,u7,0,,,100,arms.snapshot.n_items,100.0
u7,u7,0,,,100,arms.snapshot.bits,520190.0
u7,u7,0,,,100,arms.utility.roles.fragile.mean_cost,42.0
u7,u7,0,,,100,arms.utility.roles.fragile.phantom_rate,0.8125
u7,u7,0,,,100,arms.utility.roles.fragile.conflict_phantoms,18.0
u7,u7,0,,,100,arms.utility.roles.robust.mean_cost,61.78125
u7,u7,0,,,100,arms.utility.roles.robust.phantom_rate,0.8125
u7,u7,0,,,100,arms.utility.roles.robust.conflict_phantoms,18.0
u7,u7,0,,,100,arms.utility.n_items,50.0
u7,u7,0,,,100,arms.utility.bits,16350.0
u7,u7,0,,,100,arms.analogy.roles.fragile.mean_cost,52.96875
u7,u7,0,,,100,arms.analogy.roles.fragile.phantom_rate,0.65625
u7,u7,0,,,100,arms.analogy.roles.fragile.conflict_phantoms,14.0
u7,u7,0,,,100,arms.analogy.roles.robust.mean_cost,70.03125
u7,u7,0,,,100,arms.analogy.roles.robust.phantom_rate,0.65625
u7,u7,0,,,100,arms.analogy.roles.robust.conflict_phantoms,14.0
u7,u7,0,,,100,arms.analogy.n_items,44.0
u7,u7,0,,,100,arms.analogy.bits,14430.0
u7,u7,0,,,100,arms.ucsm.roles.fragile.mean_cost,43.84375
u7,u7,0,,,100,arms.ucsm.roles.fragile.phantom_rate,0.6875
u7,u7,0,,,100,arms.ucsm.roles.fragile.conflict_phantoms,14.0
u7,u7,0,,,100,arms.ucsm.roles.robust.mean_cost,61.84375
u7,u7,0,,,100,arms.ucsm.roles.robust.phantom_rate,0.6875
u7,u7,0,,,100,arms.ucsm.roles.robust.conflict_phantoms,14.0
u7,u7,0,,,100,arms.ucsm.n_items,47.0
u7,u7,0,,,100,arms.ucsm.bits,15376.0
u7,u7,0,,,100,arms.ucsm_recent.roles.fragile.mean_cost,41.875
u7,u7,0,,,100,arms.ucsm_recent.roles.fragile.phantom_rate,0.8125
u7,u7,0,,,100,arms.ucsm_recent.roles.fragile.conflict_phantoms,18.0
u7,u7,0,,,100,arms.ucsm_recent.roles.robust.mean_cost,61.65625
u7,u7,0,,,100,arms.ucsm_recent.roles.robust.phantom_rate,0.8125
u7,u7,0,,,100,arms.ucsm_recent.roles.robust.conflict_phantoms,18.0
u7,u7,0,,,100,arms.ucsm_recent.n_items,47.0
u7,u7,0,,,100,arms.ucsm_recent.bits,15376.0
u7,u7,1,,,100,battery,36.0
u7,u7,1,,,100,arms.raw.roles.fragile.mean_cost,58.583333333333336
u7,u7,1,,,100,arms.raw.roles.fragile.phantom_rate,0.75
u7,u7,1,,,100,arms.raw.roles.fragile.conflict_phantoms,15.0
u7,u7,1,,,100,arms.raw.roles.robust.mean_cost,76.83333333333333
u7,u7,1,,,100,arms.raw.roles.robust.phantom_rate,0.75
u7,u7,1,,,100,arms.raw.roles.robust.conflict_phantoms,15.0
u7,u7,1,,,100,arms.raw.n_items,100.0
u7,u7,1,,,100,arms.raw.bits,33358.0
u7,u7,1,,,100,arms.vector.roles.fragile.mean_cost,210.94444444444446
u7,u7,1,,,100,arms.vector.roles.fragile.phantom_rate,0.2777777777777778
u7,u7,1,,,100,arms.vector.roles.fragile.conflict_phantoms,5.0
u7,u7,1,,,100,arms.vector.roles.robust.mean_cost,194.91666666666666
u7,u7,1,,,100,arms.vector.roles.robust.phantom_rate,0.2777777777777778
u7,u7,1,,,100,arms.vector.roles.robust.conflict_phantoms,5.0
u7,u7,1,,,100,arms.vector.n_items,63.0
u7,u7,1,,,100,arms.vector.bits,21180.0
u7,u7,1,,,100,arms.rir.roles.fragile.mean_cost,209.36111111111111
u7,u7,1,,,100,arms.rir.roles.fragile.phantom_rate,0.2222222222222222
u7,u7,1,,,100,arms.rir.roles.fragile.conflict_phantoms,4.0
u7,u7,1,,,100,arms.rir.roles.robust.mean_cost,191.75
u7,u7,1,,,100,arms.rir.roles.robust.phantom_rate,0.2222222222222222
u7,u7,1,,,100,arms.rir.roles.robust.conflict_phantoms,4.0
u7,u7,1,,,100,arms.rir.n_items,100.0
u7,u7,1,,,100,arms.rir.bits,33358.0
u7,u7,1,,,100,arms.snapshot.roles.fragile.mean_cost,246.83333333333334
u7,u7,1,,,100,arms.snapshot.roles.fragile.phantom_rate,0.027777777777777776
u7,u7,1,,,100,arms.snapshot.roles.fragile.conflict_phantoms,1.0
u7,u7,1,,,100,arms.snapshot.roles.robust.mean_cost,222.69444444444446
u7,u7,1,,,100,arms.snapshot.roles.robust.phantom_rate,0.027777777777777776
u7,u7,1,,,100,arms.snapshot.roles.robust.conflict_phantoms,1.0
u7,u7,1,,,100,arms.snapshot.n_items,100.0
u7,u7,1,,,100,arms.snapshot.bits,521948.0
u7,u7,1,,,100,arms.utility.roles.fragile.mean_cost,52.388888888888886
u7,u7,1,,,100,arms.utility.roles.fragile.phantom_rate,0.6944444444444444
u7,u7,1,,,100,arms.utility.roles.fragile.conflict_phantoms,15.0
u7,u7,1,,,100,arms.utility.roles.robust.mean_cost,71.02777777777777
u7,u7,1,,,100,arms.utility.roles.robust.phantom_rate,0.6944444444444444
u7,u7,1,,,100,arms.utility.roles.robust.conflict_phantoms,15.0
u7,u7,1,,,100,arms.utility.n_items,59.0
u7,u7,1,,,100,arms.utility.bits,20000.0
u7,u7,1,,,100,arms.analogy.roles.fragile.mean_cost,58.30555555555556
u7,u7,1,,,100,arms.analogy.roles.fragile.phantom_rate,0.8055555555555556
u7,u7,1,,,100,arms.analogy.roles.fragile.conflict_phantoms,13.0
u7,u7,1,,,100,arms.analogy.roles.robust.mean_cost,73.88888888888889
u7,u7,1,,,100,arms.analogy.roles.robust.phantom_rate,0.8055555555555556
u7,u7,1,,,100,arms.analogy.roles.robust.conflict_phantoms,13.0
u7,u7,1,,,100,arms.analogy.n_items,54.0
u7,u7,1,,,100,arms.analogy.bits,18204.0
u7,u7,1,,,100,arms.ucsm.roles.fragile.mean_cost,55.888888888888886
u7,u7,1,,,100,arms.ucsm.roles.fragile.phantom_rate,0.7777777777777778
u7,u7,1,,,100,arms.ucsm.roles.fragile.conflict_phantoms,12.0
u7,u7,1,,,100,arms.ucsm.roles.robust.mean_cost,72.47222222222223
u7,u7,1,,,100,arms.ucsm.roles.robust.phantom_rate,0.7777777777777778
u7,u7,1,,,100,arms.ucsm.roles.robust.conflict_phantoms,12.0
u7,u7,1,,,100,arms.ucsm.n_items,53.0
u7,u7,1,,,100,arms.ucsm.bits,18170.0
u7,u7,1,,,100,arms.ucsm_recent.roles.fragile.mean_cost,51.05555555555556
u7,u7,1,,,100,arms.ucsm_recent.roles.fragile.phantom_rate,0.6944444444444444
u7,u7,1,,,100,arms.ucsm_recent.roles.fragile.conflict_phantoms,15.0
u7,u7,1,,,100,arms.ucsm_recent.roles.robust.mean_cost,68.47222222222223
u7,u7,1,,,100,arms.ucsm_recent.roles.robust.phantom_rate,0.6944444444444444
u7,u7,1,,,100,arms.ucsm_recent.roles.robust.conflict_phantoms,15.0
u7,u7,1,,,100,arms.ucsm_recent.n_items,53.0
u7,u7,1,,,100,arms.ucsm_recent.bits,18170.0
u7,u7,2,,,100,battery,36.0
u7,u7,2,,,100,arms.raw.roles.fragile.mean_cost,64.83333333333333
u7,u7,2,,,100,arms.raw.roles.fragile.phantom_rate,0.5555555555555556
u7,u7,2,,,100,arms.raw.roles.fragile.conflict_phantoms,9.0
u7,u7,2,,,100,arms.raw.roles.robust.mean_cost,74.44444444444444
u7,u7,2,,,100,arms.raw.roles.robust.phantom_rate,0.5555555555555556
u7,u7,2,,,100,arms.raw.roles.robust.conflict_phantoms,9.0
u7,u7,2,,,100,arms.raw.n_items,100.0
u7,u7,2,,,100,arms.raw.bits,35162.0
u7,u7,2,,,100,arms.vector.roles.fragile.mean_cost,238.08333333333334
u7,u7,2,,,100,arms.vector.roles.fragile.phantom_rate,0.05555555555555555
u7,u7,2,,,100,arms.vector.roles.fragile.conflict_phantoms,1.0
u7,u7,2,,,100,arms.vector.roles.robust.mean_cost,217.88888888888889
u7,u7,2,,,100,arms.vector.roles.robust.phantom_rate,0.05555555555555555
u7,u7,2,,,100,arms.vector.roles.robust.conflict_phantoms,1.0
u7,u7,2,,,100,arms.vector.n_items,60.0
u7,u7,2,,,100,arms.vector.bits,20804.0
u7,u7,2,,,100,arms.rir.roles.fragile.mean_cost,229.55555555555554
u7,u7,2,,,100,arms.rir.roles.fragile.phantom_rate,0.1111111111111111
u7,u7,2,,,100,arms.rir.roles.fragile.conflict_phantoms,3.0
u7,u7,2,,,100,arms.rir.roles.robust.mean_cost,209.86111111111111
u7,u7,2,,,100,arms.rir.roles.robust.phantom_rate,0.1111111111111111
u7,u7,2,,,100,arms.rir.roles.robust.conflict_phantoms,3.0
u7,u7,2,,,100,arms.rir.n_items,100.0
u7,u7,2,,,100,arms.rir.bits,35162.0
u7,u7,2,,,100,arms.snapshot.roles.fragile.mean_cost,235.58333333333334
u7,u7,2,,,100,arms.snapshot.roles.fragile.phantom_rate,0.0
u7,u7,2,,,100,arms.snapshot.roles.fragile.conflict_phantoms,0.0
u7,u7,2,,,100,arms.snapshot.roles.robust.mean_cost,212.33333333333334
u7,u7,2,,,100,arms.snapshot.roles.robust.phantom_rate,0.0
u7,u7,2,,,100,arms.snapshot.roles.robust.conflict_phantoms,0.0
u7,u7,2,,,100,arms.snapshot.n_items,100.0
u7,u7,2,,,100,arms.snapshot.bits,519926.0
u7,u7,2,,,100,arms.utility.roles.fragile.mean_cost,69.77777777777777
u7,u7,2,,,100,arms.utility.roles.fragile.phantom_rate,0.6111111111111112
u7,u7,2,,,100,arms.utility.roles.fragile.conflict_phantoms,9.0
u7,u7,2,,,100,arms.utility.roles.robust.mean_cost,78.36111111111111
u7,u7,2,,,100,arms.utility.roles.robust.phantom_rate,0.6111111111111112
u7,u7,2,,,100,arms.utility.roles.robust.conflict_phantoms,9.0
u7,u7,2,,,100,arms.utility.n_items,53.0
u7,u7,2,,,100,arms.utility.bits,18394.0
u7,u7,2,,,100,arms.analogy.roles.fragile.mean_cost,70.83333333333333
u7,u7,2,,,100,arms.analogy.roles.fragile.phantom_rate,0.7222222222222222
u7,u7,2,,,100,arms.analogy.roles.fragile.conflict_phantoms,14.0
u7,u7,2,,,100,arms.analogy.roles.robust.mean_cost,82.11111111111111
u7,u7,2,,,100,arms.analogy.roles.robust.phantom_rate,0.7222222222222222
u7,u7,2,,,100,arms.analogy.roles.robust.conflict_phantoms,14.0
u7,u7,2,,,100,arms.analogy.n_items,52.0
u7,u7,2,,,100,arms.analogy.bits,17696.0
u7,u7,2,,,100,arms.ucsm.roles.fragile.mean_cost,84.69444444444444
u7,u7,2,,,100,arms.ucsm.roles.fragile.phantom_rate,0.6666666666666666
u7,u7,2,,,100,arms.ucsm.roles.fragile.conflict_phantoms,13.0
u7,u7,2,,,100,arms.ucsm.roles.robust.mean_cost,94.5
u7,u7,2,,,100,arms.ucsm.roles.robust.phantom_rate,0.6666666666666666
u7,u7,2,,,100,arms.ucsm.roles.robust.conflict_phantoms,13.0
u7,u7,2,,,100,arms.ucsm.n_items,47.0
u7,u7,2,,,100,arms.ucsm.bits,16346.0
u7,u7,2,,,100,arms.ucsm_recent.roles.fragile.mean_cost,75.27777777777777
u7,u7,2,,,100,arms.ucsm_recent.roles.fragile.phantom_rate,0.6111111111111112
u7,u7,2,,,100,arms.ucsm_recent.roles.fragile.conflict_phantoms,9.0
u7,u7,2,,,100,arms.ucsm_recent.roles.robust.mean_cost,82.27777777777777
u7,u7,2,,,100,arms.ucsm_recent.roles.robust.phantom_rate,0.6111111111111112
u7,u7,2,,,100,arms.ucsm_recent.roles.robust.conflict_phantoms,9.0
u7,u7,2,,,100,arms.ucsm_recent.n_items,47.0
u7,u7,2,,,100,arms.ucsm_recent.bits,16346.0
u7,u7,3,,,100,battery,36.0
u7,u7,3,,,100,arms.raw.roles.fragile.mean_cost,43.666666666666664
u7,u7,3,,,100,arms.raw.roles.fragile.phantom_rate,0.6111111111111112
u7,u7,3,,,100,arms.raw.roles.fragile.conflict_phantoms,13.0
u7,u7,3,,,100,arms.raw.roles.robust.mean_cost,60.833333333333336
u7,u7,3,,,100,arms.raw.roles.robust.phantom_rate,0.6111111111111112
u7,u7,3,,,100,arms.raw.roles.robust.conflict_phantoms,13.0
u7,u7,3,,,100,arms.raw.n_items,100.0
u7,u7,3,,,100,arms.raw.bits,34942.0
u7,u7,3,,,100,arms.vector.roles.fragile.mean_cost,215.08333333333334
u7,u7,3,,,100,arms.vector.roles.fragile.phantom_rate,0.1111111111111111
u7,u7,3,,,100,arms.vector.roles.fragile.conflict_phantoms,2.0
u7,u7,3,,,100,arms.vector.roles.robust.mean_cost,196.02777777777777
u7,u7,3,,,100,arms.vector.roles.robust.phantom_rate,0.1111111111111111
u7,u7,3,,,100,arms.vector.roles.robust.conflict_phantoms,2.0
u7,u7,3,,,100,arms.vector.n_items,57.0
u7,u7,3,,,100,arms.vector.bits,19516.0
u7,u7,3,,,100,arms.rir.roles.fragile.mean_cost,216.66666666666666
u7,u7,3,,,100,arms.rir.roles.fragile.phantom_rate,0.19444444444444445
u7,u7,3,,,100,arms.rir.roles.fragile.conflict_phantoms,2.0
u7,u7,3,,,100,arms.rir.roles.robust.mean_cost,196.77777777777777
u7,u7,3,,,100,arms.rir.roles.robust.phantom_rate,0.19444444444444445
u7,u7,3,,,100,arms.rir.roles.robust.conflict_phantoms,2.0
u7,u7,3,,,100,arms.rir.n_items,100.0
u7,u7,3,,,100,arms.rir.bits,34942.0
u7,u7,3,,,100,arms.snapshot.roles.fragile.mean_cost,240.55555555555554
u7,u7,3,,,100,arms.snapshot.roles.fragile.phantom_rate,0.05555555555555555
u7,u7,3,,,100,arms.snapshot.roles.fragile.conflict_phantoms,1.0
u7,u7,3,,,100,arms.snapshot.roles.robust.mean_cost,220.22222222222223
u7,u7,3,,,100,arms.snapshot.roles.robust.phantom_rate,0.05555555555555555
u7,u7,3,,,100,arms.snapshot.roles.robust.conflict_phantoms,1.0
u7,u7,3,,,100,arms.snapshot.n_items,100.0
u7,u7,3,,,100,arms.snapshot.bits,519710.0
u7,u7,3,,,100,arms.utility.roles.fragile.mean_cost,45.55555555555556
u7,u7,3,,,100,arms.utility.roles.fragile.phantom_rate,0.7777777777777778
u7,u7,3,,,100,arms.utility.roles.fragile.conflict_phantoms,17.0
u7,u7,3,,,100,arms.utility.roles.robust.mean_cost,61.611111111111114
u7,u7,3,,,100,arms.utility.roles.robust.phantom_rate,0.7777777777777778
u7,u7,3,,,100,arms.utility.roles.robust.conflict_phantoms,17.0
u7,u7,3,,,100,arms.utility.n_items,56.0
u7,u7,3,,,100,arms.utility.bits,19240.0
u7,u7,3,,,100,arms.analogy.roles.fragile.mean_cost,54.72222222222222
u7,u7,3,,,100,arms.analogy.roles.fragile.phantom_rate,0.8611111111111112
u7,u7,3,,,100,arms.analogy.roles.fragile.conflict_phantoms,16.0
u7,u7,3,,,100,arms.analogy.roles.robust.mean_cost,73.22222222222223
u7,u7,3,,,100,arms.analogy.roles.robust.phantom_rate,0.8611111111111112
u7,u7,3,,,100,arms.analogy.roles.robust.conflict_phantoms,16.0
u7,u7,3,,,100,arms.analogy.n_items,50.0
u7,u7,3,,,100,arms.analogy.bits,17206.0
u7,u7,3,,,100,arms.ucsm.roles.fragile.mean_cost,50.47222222222222
u7,u7,3,,,100,arms.ucsm.roles.fragile.phantom_rate,0.7777777777777778
u7,u7,3,,,100,arms.ucsm.roles.fragile.conflict_phantoms,13.0
u7,u7,3,,,100,arms.ucsm.roles.robust.mean_cost,68.52777777777777
u7,u7,3,,,100,arms.ucsm.roles.robust.phantom_rate,0.7777777777777778
u7,u7,3,,,100,arms.ucsm.roles.robust.conflict_phantoms,13.0
u7,u7,3,,,100,arms.ucsm.n_items,54.0
u7,u7,3,,,100,arms.ucsm.bits,18692.0
u7,u7,3,,,100,arms.ucsm_recent.roles.fragile.mean_cost,43.55555555555556
u7,u7,3,,,100,arms.ucsm_recent.roles.fragile.phantom_rate,0.7777777777777778
u7,u7,3,,,100,arms.ucsm_recent.roles.fragile.conflict_phantoms,17.0
u7,u7,3,,,100,arms.ucsm_recent.roles.robust.mean_cost,60.166666666666664
u7,u7,3,,,100,arms.ucsm_recent.roles.robust.phantom_rate,0.7777777777777778
u7,u7,3,,,100,arms.ucsm_recent.roles.robust.conflict_phantoms,17.0
u7,u7,3,,,100,arms.ucsm_recent.n_items,54.0
u7,u7,3,,,100,arms.ucsm_recent.bits,18692.0
u7,u7,4,,,100,battery,36.0
u7,u7,4,,,100,arms.raw.roles.fragile.mean_cost,50.80555555555556
u7,u7,4,,,100,arms.raw.roles.fragile.phantom_rate,0.5277777777777778
u7,u7,4,,,100,arms.raw.roles.fragile.conflict_phantoms,10.0
u7,u7,4,,,100,arms.raw.roles.robust.mean_cost,62.638888888888886
u7,u7,4,,,100,arms.raw.roles.robust.phantom_rate,0.5277777777777778
u7,u7,4,,,100,arms.raw.roles.robust.conflict_phantoms,10.0
u7,u7,4,,,100,arms.raw.n_items,100.0
u7,u7,4,,,100,arms.raw.bits,34666.0
u7,u7,4,,,100,arms.vector.roles.fragile.mean_cost,241.27777777777777
u7,u7,4,,,100,arms.vector.roles.fragile.phantom_rate,0.16666666666666666
u7,u7,4,,,100,arms.vector.roles.fragile.conflict_phantoms,4.0
u7,u7,4,,,100,arms.vector.roles.robust.mean_cost,224.36111111111111
u7,u7,4,,,100,arms.vector.roles.robust.phantom_rate,0.16666666666666666
u7,u7,4,,,100,arms.vector.roles.robust.conflict_phantoms,4.0
u7,u7,4,,,100,arms.vector.n_items,67.0
u7,u7,4,,,100,arms.vector.bits,22954.0
u7,u7,4,,,100,arms.rir.roles.fragile.mean_cost,257.3333333333333
u7,u7,4,,,100,arms.rir.roles.fragile.phantom_rate,0.05555555555555555
u7,u7,4,,,100,arms.rir.roles.fragile.conflict_phantoms,1.0
u7,u7,4,,,100,arms.rir.roles.robust.mean_cost,236.63888888888889
u7,u7,4,,,100,arms.rir.roles.robust.phantom_rate,0.05555555555555555
u7,u7,4,,,100,arms.rir.roles.robust.conflict_phantoms,1.0
u7,u7,4,,,100,arms.rir.n_items,100.0
u7,u7,4,,,100,arms.rir.bits,34666.0
u7,u7,4,,,100,arms.snapshot.roles.fragile.mean_cost,272.27777777777777
u7,u7,4,,,100,arms.snapshot.roles.fragile.phantom_rate,0.0
u7,u7,4,,,100,arms.snapshot.roles.fragile.conflict_phantoms,0.0
u7,u7,4,,,100,arms.snapshot.roles.robust.mean_cost,248.11111111111111
u7,u7,4,,,100,arms.snapshot.roles.robust.phantom_rate,0.0
u7,u7,4,,,100,arms.snapshot.roles.robust.conflict_phantoms,0.0
u7,u7,4,,,100,arms.snapshot.n_items,100.0
u7,u7,4,,,100,arms.snapshot.bits,517598.0
u7,u7,4,,,100,arms.utility.roles.fragile.mean_cost,58.416666666666664
u7,u7,4,,,100,arms.utility.roles.fragile.phantom_rate,0.6388888888888888
u7,u7,4,,,100,arms.utility.roles.fragile.conflict_phantoms,12.0
u7,u7,4,,,100,arms.utility.roles.robust.mean_cost,70.30555555555556
u7,u7,4,,,100,arms.utility.roles.robust.phantom_rate,0.6388888888888888
u7,u7,4,,,100,arms.utility.roles.robust.conflict_phantoms,12.0
u7,u7,4,,,100,arms.utility.n_items,56.0
u7,u7,4,,,100,arms.utility.bits,19310.0
u7,u7,4,,,100,arms.analogy.roles.fragile.mean_cost,62.75
u7,u7,4,,,100,arms.analogy.roles.fragile.phantom_rate,0.8333333333333334
u7,u7,4,,,100,arms.analogy.roles.fragile.conflict_phantoms,15.0
u7,u7,4,,,100,arms.analogy.roles.robust.mean_cost,79.44444444444444
u7,u7,4,,,100,arms.analogy.roles.robust.phantom_rate,0.8333333333333334
u7,u7,4,,,100,arms.analogy.roles.robust.conflict_phantoms,15.0
u7,u7,4,,,100,arms.analogy.n_items,56.0
u7,u7,4,,,100,arms.analogy.bits,19682.0
u7,u7,4,,,100,arms.ucsm.roles.fragile.mean_cost,71.80555555555556
u7,u7,4,,,100,arms.ucsm.roles.fragile.phantom_rate,0.8611111111111112
u7,u7,4,,,100,arms.ucsm.roles.fragile.conflict_phantoms,16.0
u7,u7,4,,,100,arms.ucsm.roles.robust.mean_cost,88.58333333333333
u7,u7,4,,,100,arms.ucsm.roles.robust.phantom_rate,0.8611111111111112
u7,u7,4,,,100,arms.ucsm.roles.robust.conflict_phantoms,16.0
u7,u7,4,,,100,arms.ucsm.n_items,51.0
u7,u7,4,,,100,arms.ucsm.bits,17520.0
u7,u7,4,,,100,arms.ucsm_recent.roles.fragile.mean_cost,59.27777777777778
u7,u7,4,,,100,arms.ucsm_recent.roles.fragile.phantom_rate,0.6388888888888888
u7,u7,4,,,100,arms.ucsm_recent.roles.fragile.conflict_phantoms,12.0
u7,u7,4,,,100,arms.ucsm_recent.roles.robust.mean_cost,70.58333333333333
u7,u7,4,,,100,arms.ucsm_recent.roles.robust.phantom_rate,0.6388888888888888
u7,u7,4,,,100,arms.ucsm_recent.roles.robust.conflict_phantoms,12.0
u7,u7,4,,,100,arms.ucsm_recent.n_items,51.0
u7,u7,4,,,100,arms.ucsm_recent.bits,17520.0
u7,u7,5,,,100,battery,36.0
u7,u7,5,,,100,arms.raw.roles.fragile.mean_cost,64.02777777777777
u7,u7,5,,,100,arms.raw.roles.fragile.phantom_rate,0.8055555555555556
u7,u7,5,,,100,arms.raw.roles.fragile.conflict_phantoms,14.0
u7,u7,5,,,100,arms.raw.roles.robust.mean_cost,81.16666666666667
u7,u7,5,,,100,arms.raw.roles.robust.phantom_rate,0.8055555555555556
u7,u7,5,,,100,arms.raw.roles.robust.conflict_phantoms,14.0
u7,u7,5,,,100,arms.raw.n_items,100.0
u7,u7,5,,,100,arms.raw.bits,32976.0
u7,u7,5,,,100,arms.vector.roles.fragile.mean_cost,226.75
u7,u7,5,,,100,arms.vector.roles.fragile.phantom_rate,0.3611111111111111
u7,u7,5,,,100,arms.vector.roles.fragile.conflict_phantoms,6.0
u7,u7,5,,,100,arms.vector.roles.robust.mean_cost,210.63888888888889
u7,u7,5,,,100,arms.vector.roles.robust.phantom_rate,0.3611111111111111
u7,u7,5,,,100,arms.vector.roles.robust.conflict_phantoms,6.0
u7,u7,5,,,100,arms.vector.n_items,67.0
u7,u7,5,,,100,arms.vector.bits,22104.0
u7,u7,5,,,100,arms.rir.roles.fragile.mean_cost,249.75
u7,u7,5,,,100,arms.rir.roles.fragile.phantom_rate,0.1388888888888889
u7,u7,5,,,100,arms.rir.roles.fragile.conflict_phantoms,2.0
u7,u7,5,,,100,arms.rir.roles.robust.mean_cost,228.52777777777777
u7,u7,5,,,100,arms.rir.roles.robust.phantom_rate,0.1388888888888889
u7,u7,5,,,100,arms.rir.roles.robust.conflict_phantoms,2.0
u7,u7,5,,,100,arms.rir.n_items,100.0
u7,u7,5,,,100,arms.rir.bits,32976.0
u7,u7,5,,,100,arms.snapshot.roles.fragile.mean_cost,272.97222222222223
u7,u7,5,,,100,arms.snapshot.roles.fragile.phantom_rate,0.0
u7,u7,5,,,100,arms.snapshot.roles.fragile.conflict_phantoms,0.0
u7,u7,5,,,100,arms.snapshot.roles.robust.mean_cost,249.5
u7,u7,5,,,100,arms.snapshot.roles.robust.phantom_rate,0.0
u7,u7,5,,,100,arms.snapshot.roles.robust.conflict_phantoms,0.0
u7,u7,5,,,100,arms.snapshot.n_items,100.0
u7,u7,5,,,100,arms.snapshot.bits,516986.0
u7,u7,5,,,100,arms.utility.roles.fragile.mean_cost,44.94444444444444
u7,u7,5,,,100,arms.utility.roles.fragile.phantom_rate,0.8055555555555556
u7,u7,5,,,100,arms.utility.roles.fragile.conflict_phantoms,13.0
u7,u7,5,,,100,arms.utility.roles.robust.mean_cost,66.16666666666667
u7,u7,5,,,100,arms.utility.roles.robust.phantom_rate,0.8055555555555556
u7,u7,5,,,100,arms.utility.roles.robust.conflict_phantoms,13.0
u7,u7,5,,,100,arms.utility.n_items,65.0
u7,u7,5,,,100,arms.utility.bits,21256.0
u7,u7,5,,,100,arms.analogy.roles.fragile.mean_cost,65.22222222222223
u7,u7,5,,,100,arms.analogy.roles.fragile.phantom_rate,0.8333333333333334
u7,u7,5,,,100,arms.analogy.roles.fragile.conflict_phantoms,13.0
u7,u7,5,,,100,arms.analogy.roles.robust.mean_cost,87.66666666666667
u7,u7,5,,,100,arms.analogy.roles.robust.phantom_rate,0.8333333333333334
u7,u7,5,,,100,arms.analogy.roles.robust.conflict_phantoms,13.0
u7,u7,5,,,100,arms.analogy.n_items,62.0
u7,u7,5,,,100,arms.analogy.bits,20480.0
u7,u7,5,,,100,arms.ucsm.roles.fragile.mean_cost,74.22222222222223
u7,u7,5,,,100,arms.ucsm.roles.fragile.phantom_rate,0.8333333333333334
u7,u7,5,,,100,arms.ucsm.roles.fragile.conflict_phantoms,12.0
u7,u7,5,,,100,arms.ucsm.roles.robust.mean_cost,99.69444444444444
u7,u7,5,,,100,arms.ucsm.roles.robust.phantom_rate,0.8333333333333334
u7,u7,5,,,100,arms.ucsm.roles.robust.conflict_phantoms,12.0
u7,u7,5,,,100,arms.ucsm.n_items,64.0
u7,u7,5,,,100,arms.ucsm.bits,20944.0
u7,u7,5,,,100,arms.ucsm_recent.roles.fragile.mean_cost,44.94444444444444
u7,u7,5,,,100,arms.ucsm_recent.roles.fragile.phantom_rate,0.8055555555555556
u7,u7,5,,,100,arms.ucsm_recent.roles.fragile.conflict_phantoms,13.0
u7,u7,5,,,100,arms.ucsm_recent.roles.robust.mean_cost,66.16666666666667
u7,u7,5,,,100,arms.ucsm_recent.roles.robust.phantom_rate,0.8055555555555556
u7,u7,5,,,100,arms.ucsm_recent.roles.robust.conflict_phantoms,13.0
u7,u7,5,,,100,arms.ucsm_recent.n_items,64.0
u7,u7,5,,,100,arms.ucsm_recent.bits,20944.0
u7,u7,6,,,100,battery,36.0
u7,u7,6,,,100,arms.raw.roles.fragile.mean_cost,44.583333333333336
u7,u7,6,,,100,arms.raw.roles.fragile.phantom_rate,0.6388888888888888
u7,u7,6,,,100,arms.raw.roles.fragile.conflict_phantoms,16.0
u7,u7,6,,,100,arms.raw.roles.robust.mean_cost,57.166666666666664
u7,u7,6,,,100,arms.raw.roles.robust.phantom_rate,0.6388888888888888
u7,u7,6,,,100,arms.raw.roles.robust.conflict_phantoms,16.0
u7,u7,6,,,100,arms.raw.n_items,100.0
u7,u7,6,,,100,arms.raw.bits,33122.0
u7,u7,6,,,100,arms.vector.roles.fragile.mean_cost,207.16666666666666
u7,u7,6,,,100,arms.vector.roles.fragile.phantom_rate,0.2777777777777778
u7,u7,6,,,100,arms.vector.roles.fragile.conflict_phantoms,6.0
u7,u7,6,,,100,arms.vector.roles.robust.mean_cost,190.58333333333334
u7,u7,6,,,100,arms.vector.roles.robust.phantom_rate,0.2777777777777778
u7,u7,6,,,100,arms.vector.roles.robust.conflict_phantoms,6.0
u7,u7,6,,,100,arms.vector.n_items,63.0
u7,u7,6,,,100,arms.vector.bits,20764.0
u7,u7,6,,,100,arms.rir.roles.fragile.mean_cost,205.33333333333334
u7,u7,6,,,100,arms.rir.roles.fragile.phantom_rate,0.1388888888888889
u7,u7,6,,,100,arms.rir.roles.fragile.conflict_phantoms,4.0
u7,u7,6,,,100,arms.rir.roles.robust.mean_cost,190.19444444444446
u7,u7,6,,,100,arms.rir.roles.robust.phantom_rate,0.1388888888888889
u7,u7,6,,,100,arms.rir.roles.robust.conflict_phantoms,4.0
u7,u7,6,,,100,arms.rir.n_items,100.0
u7,u7,6,,,100,arms.rir.bits,33122.0
u7,u7,6,,,100,arms.snapshot.roles.fragile.mean_cost,230.08333333333334
u7,u7,6,,,100,arms.snapshot.roles.fragile.phantom_rate,0.027777777777777776
u7,u7,6,,,100,arms.snapshot.roles.fragile.conflict_phantoms,1.0
u7,u7,6,,,100,arms.snapshot.roles.robust.mean_cost,209.02777777777777
u7,u7,6,,,100,arms.snapshot.roles.robust.phantom_rate,0.027777777777777776
u7,u7,6,,,100,arms.snapshot.roles.robust.conflict_phantoms,1.0
u7,u7,6,,,100,arms.snapshot.n_items,100.0
u7,u7,6,,,100,arms.snapshot.bits,521066.0
u7,u7,6,,,100,arms.utility.roles.fragile.mean_cost,48.638888888888886
u7,u7,6,,,100,arms.utility.roles.fragile.phantom_rate,0.6944444444444444
u7,u7,6,,,100,arms.utility.roles.fragile.conflict_phantoms,14.0
u7,u7,6,,,100,arms.utility.roles.robust.mean_cost,62.111111111111114
u7,u7,6,,,100,arms.utility.roles.robust.phantom_rate,0.6944444444444444
u7,u7,6,,,100,arms.utility.roles.robust.conflict_phantoms,14.0
u7,u7,6,,,100,arms.utility.n_items,60.0
u7,u7,6,,,100,arms.utility.bits,19874.0
u7,u7,6,,,100,arms.analogy.roles.fragile.mean_cost,52.77777777777778
u7,u7,6,,,100,arms.analogy.roles.fragile.phantom_rate,0.6944444444444444
u7,u7,6,,,100,arms.analogy.roles.fragile.conflict_phantoms,13.0
u7,u7,6,,,100,arms.analogy.roles.robust.mean_cost,67.69444444444444
u7,u7,6,,,100,arms.analogy.roles.robust.phantom_rate,0.6944444444444444
u7,u7,6,,,100,arms.analogy.roles.robust.conflict_phantoms,13.0
u7,u7,6,,,100,arms.analogy.n_items,48.0
u7,u7,6,,,100,arms.analogy.bits,15886.0
u7,u7,6,,,100,arms.ucsm.roles.fragile.mean_cost,60.27777777777778
u7,u7,6,,,100,arms.ucsm.roles.fragile.phantom_rate,0.7222222222222222
u7,u7,6,,,100,arms.ucsm.roles.fragile.conflict_phantoms,17.0
u7,u7,6,,,100,arms.ucsm.roles.robust.mean_cost,77.25
u7,u7,6,,,100,arms.ucsm.roles.robust.phantom_rate,0.7222222222222222
u7,u7,6,,,100,arms.ucsm.roles.robust.conflict_phantoms,17.0
u7,u7,6,,,100,arms.ucsm.n_items,57.0
u7,u7,6,,,100,arms.ucsm.bits,18950.0
u7,u7,6,,,100,arms.ucsm_recent.roles.fragile.mean_cost,50.583333333333336
u7,u7,6,,,100,arms.ucsm_recent.roles.fragile.phantom_rate,0.6944444444444444
u7,u7,6,,,100,arms.ucsm_recent.roles.fragile.conflict_phantoms,14.0
u7,u7,6,,,100,arms.ucsm_recent.roles.robust.mean_cost,63.75
u7,u7,6,,,100,arms.ucsm_recent.roles.robust.phantom_rate,0.6944444444444444
u7,u7,6,,,100,arms.ucsm_recent.roles.robust.conflict_phantoms,14.0
u7,u7,6,,,100,arms.ucsm_recent.n_items,57.0
u7,u7,6,,,100,arms.ucsm_recent.bits,18950.0
u7,u7,7,,,100,battery,36.0
u7,u7,7,,,100,arms.raw.roles.fragile.mean_cost,56.666666666666664
u7,u7,7,,,100,arms.raw.roles.fragile.phantom_rate,0.7222222222222222
u7,u7,7,,,100,arms.raw.roles.fragile.conflict_phantoms,14.0
u7,u7,7,,,100,arms.raw.roles.robust.mean_cost,74.77777777777777
u7,u7,7,,,100,arms.raw.roles.robust.phantom_rate,0.7222222222222222
u7,u7,7,,,100,arms.raw.roles.robust.conflict_phantoms,14.0
u7,u7,7,,,100,arms.raw.n_items,100.0
u7,u7,7,,,100,arms.raw.bits,33724.0
u7,u7,7,,,100,arms.vector.roles.fragile.mean_cost,224.27777777777777
u7,u7,7,,,100,arms.vector.roles.fragile.phantom_rate,0.2777777777777778
u7,u7,7,,,100,arms.vector.roles.fragile.conflict_phantoms,4.0
u7,u7,7,,,100,arms.vector.roles.robust.mean_cost,204.97222222222223
u7,u7,7,,,100,arms.vector.roles.robust.phantom_rate,0.2777777777777778
u7,u7,7,,,100,arms.vector.roles.robust.conflict_phantoms,4.0
u7,u7,7,,,100,arms.vector.n_items,69.0
u7,u7,7,,,100,arms.vector.bits,23178.0
u7,u7,7,,,100,arms.rir.roles.fragile.mean_cost,214.22222222222223
u7,u7,7,,,100,arms.rir.roles.fragile.phantom_rate,0.2222222222222222
u7,u7,7,,,100,arms.rir.roles.fragile.conflict_phantoms,5.0
u7,u7,7,,,100,arms.rir.roles.robust.mean_cost,199.25
u7,u7,7,,,100,arms.rir.roles.robust.phantom_rate,0.2222222222222222
u7,u7,7,,,100,arms.rir.roles.robust.conflict_phantoms,5.0
u7,u7,7,,,100,arms.rir.n_items,100.0
u7,u7,7,,,100,arms.rir.bits,33724.0
u7,u7,7,,,100,arms.snapshot.roles.fragile.mean_cost,250.19444444444446
u7,u7,7,,,100,arms.snapshot.roles.fragile.phantom_rate,0.05555555555555555
u7,u7,7,,,100,arms.snapshot.roles.fragile.conflict_phantoms,2.0
u7,u7,7,,,100,arms.snapshot.roles.robust.mean_cost,228.69444444444446
u7,u7,7,,,100,arms.snapshot.roles.robust.phantom_rate,0.05555555555555555
u7,u7,7,,,100,arms.snapshot.roles.robust.conflict_phantoms,2.0
u7,u7,7,,,100,arms.snapshot.n_items,100.0
u7,u7,7,,,100,arms.snapshot.bits,519950.0
u7,u7,7,,,100,arms.utility.roles.fragile.mean_cost,49.916666666666664
u7,u7,7,,,100,arms.utility.roles.fragile.phantom_rate,0.75
u7,u7,7,,,100,arms.utility.roles.fragile.conflict_phantoms,16.0
u7,u7,7,,,100,arms.utility.roles.robust.mean_cost,70.88888888888889
u7,u7,7,,,100,arms.utility.roles.robust.phantom_rate,0.75
u7,u7,7,,,100,arms.utility.roles.robust.conflict_phantoms,16.0
u7,u7,7,,,100,arms.utility.n_items,62.0
u7,u7,7,,,100,arms.utility.bits,21316.0
u7,u7,7,,,100,arms.analogy.roles.fragile.mean_cost,49.416666666666664
u7,u7,7,,,100,arms.analogy.roles.fragile.phantom_rate,0.8055555555555556
u7,u7,7,,,100,arms.analogy.roles.fragile.conflict_phantoms,14.0
u7,u7,7,,,100,arms.analogy.roles.robust.mean_cost,68.02777777777777
u7,u7,7,,,100,arms.analogy.roles.robust.phantom_rate,0.8055555555555556
u7,u7,7,,,100,arms.analogy.roles.robust.conflict_phantoms,14.0
u7,u7,7,,,100,arms.analogy.n_items,58.0
u7,u7,7,,,100,arms.analogy.bits,19716.0
u7,u7,7,,,100,arms.ucsm.roles.fragile.mean_cost,51.27777777777778
u7,u7,7,,,100,arms.ucsm.roles.fragile.phantom_rate,0.8055555555555556
u7,u7,7,,,100,arms.ucsm.roles.fragile.conflict_phantoms,14.0
u7,u7,7,,,100,arms.ucsm.roles.robust.mean_cost,70.72222222222223
u7,u7,7,,,100,arms.ucsm.roles.robust.phantom_rate,0.8055555555555556
u7,u7,7,,,100,arms.ucsm.roles.robust.conflict_phantoms,14.0
u7,u7,7,,,100,arms.ucsm.n_items,59.0
u7,u7,7,,,100,arms.ucsm.bits,20316.0
u7,u7,7,,,100,arms.ucsm_recent.roles.fragile.mean_cost,49.111111111111114
u7,u7,7,,,100,arms.ucsm_recent.roles.fragile.phantom_rate,0.75
u7,u7,7,,,100,arms.ucsm_recent.roles.fragile.conflict_phantoms,16.0
u7,u7,7,,,100,arms.ucsm_recent.roles.robust.mean_cost,69.91666666666667
u7,u7,7,,,100,arms.ucsm_recent.roles.robust.phantom_rate,0.75
u7,u7,7,,,100,arms.ucsm_recent.roles.robust.conflict_phantoms,16.0
u7,u7,7,,,100,arms.ucsm_recent.n_items,59.0
u7,u7,7,,,100,arms.ucsm_recent.bits,20316.0
u7,u7,0,,,1000,battery,36.0
u7,u7,0,,,1000,arms.raw.roles.fragile.mean_cost,126.91666666666667
u7,u7,0,,,1000,arms.raw.roles.fragile.phantom_rate,1.0
u7,u7,0,,,1000,arms.raw.roles.fragile.conflict_phantoms,22.0
u7,u7,0,,,1000,arms.raw.roles.robust.mean_cost,207.44444444444446
u7,u7,0,,,1000,arms.raw.roles.robust.phantom_rate,1.0
u7,u7,0,,,1000,arms.raw.roles.robust.conflict_phantoms,22.0
u7,u7,0,,,1000,arms.raw.n_items,1000.0
u7,u7,0,,,1000,arms.raw.bits,336744.0
u7,u7,0,,,1000,arms.vector.roles.fragile.mean_cost,277.1111111111111
u7,u7,0,,,1000,arms.vector.roles.fragile.phantom_rate,0.08333333333333333
u7,u7,0,,,1000,arms.vector.roles.fragile.conflict_phantoms,2.0
u7,u7,0,,,1000,arms.vector.roles.robust.mean_cost,254.58333333333334
u7,u7,0,,,1000,arms.vector.roles.robust.phantom_rate,0.08333333333333333
u7,u7,0,,,1000,arms.vector.roles.robust.conflict_phantoms,2.0
u7,u7,0,,,1000,arms.vector.n_items,530.0
u7,u7,0,,,1000,arms.vector.bits,175382.0
u7,u7,0,,,1000,arms.rir.roles.fragile.mean_cost,269.47222222222223
u7,u7,0,,,1000,arms.rir.roles.fragile.phantom_rate,0.16666666666666666
u7,u7,0,,,1000,arms.rir.roles.fragile.conflict_phantoms,2.0
u7,u7,0,,,1000,arms.rir.roles.robust.mean_cost,248.25
u7,u7,0,,,1000,arms.rir.roles.robust.phantom_rate,0.16666666666666666
u7,u7,0,,,1000,arms.rir.roles.robust.conflict_phantoms,2.0
u7,u7,0,,,1000,arms.rir.n_items,1000.0
u7,u7,0,,,1000,arms.rir.bits,336744.0
u7,u7,0,,,1000,arms.snapshot.roles.fragile.mean_cost,289.02777777777777
u7,u7,0,,,1000,arms.snapshot.roles.fragile.phantom_rate,0.0
u7,u7,0,,,1000,arms.snapshot.roles.fragile.conflict_phantoms,0.0
u7,u7,0,,,1000,arms.snapshot.roles.robust.mean_cost,263.0833333333333
u7,u7,0,,,1000,arms.snapshot.roles.robust.phantom_rate,0.0
u7,u7,0,,,1000,arms.snapshot.roles.robust.conflict_phantoms,0.0
u7,u7,0,,,1000,arms.snapshot.n_items,1000.0
u7,u7,0,,,1000,arms.snapshot.bits,5188418.0
u7,u7,0,,,1000,arms.utility.roles.fragile.mean_cost,129.66666666666666
u7,u7,0,,,1000,arms.utility.roles.fragile.phantom_rate,0.9722222222222222
u7,u7,0,,,1000,arms.utility.roles.fragile.conflict_phantoms,22.0
u7,u7,0,,,1000,arms.utility.roles.robust.mean_cost,201.83333333333334
u7,u7,0,,,1000,arms.utility.roles.robust.phantom_rate,0.9722222222222222
u7,u7,0,,,1000,arms.utility.roles.robust.conflict_phantoms,22.0
u7,u7,0,,,1000,arms.utility.n_items,445.0
u7,u7,0,,,1000,arms.utility.bits,150862.0
u7,u7,0,,,1000,arms.analogy.roles.fragile.mean_cost,91.72222222222223
u7,u7,0,,,1000,arms.analogy.roles.fragile.phantom_rate,0.8611111111111112
u7,u7,0,,,1000,arms.analogy.roles.fragile.conflict_phantoms,17.0
u7,u7,0,,,1000,arms.analogy.roles.robust.mean_cost,145.91666666666666
u7,u7,0,,,1000,arms.analogy.roles.robust.phantom_rate,0.8611111111111112
u7,u7,0,,,1000,arms.analogy.roles.robust.conflict_phantoms,17.0
u7,u7,0,,,1000,arms.analogy.n_items,488.0
u7,u7,0,,,1000,arms.analogy.bits,165260.0
u7,u7,0,,,1000,arms.ucsm.roles.fragile.mean_cost,103.91666666666667
u7,u7,0,,,1000,arms.ucsm.roles.fragile.phantom_rate,0.9444444444444444
u7,u7,0,,,1000,arms.ucsm.roles.fragile.conflict_phantoms,20.0
u7,u7,0,,,1000,arms.ucsm.roles.robust.mean_cost,164.41666666666666
u7,u7,0,,,1000,arms.ucsm.roles.robust.phantom_rate,0.9444444444444444
u7,u7,0,,,1000,arms.ucsm.roles.robust.conflict_phantoms,20.0
u7,u7,0,,,1000,arms.ucsm.n_items,420.0
u7,u7,0,,,1000,arms.ucsm.bits,142296.0
u7,u7,0,,,1000,arms.ucsm_recent.roles.fragile.mean_cost,133.19444444444446
u7,u7,0,,,1000,arms.ucsm_recent.roles.fragile.phantom_rate,0.9722222222222222
u7,u7,0,,,1000,arms.ucsm_recent.roles.fragile.conflict_phantoms,22.0
u7,u7,0,,,1000,arms.ucsm_recent.roles.robust.mean_cost,205.05555555555554
u7,u7,0,,,1000,arms.ucsm_recent.roles.robust.phantom_rate,0.9722222222222222
u7,u7,0,,,1000,arms.ucsm_recent.roles.robust.conflict_phantoms,22.0
u7,u7,0,,,1000,arms.ucsm_recent.n_items,420.0
u7,u7,0,,,1000,arms.ucsm_recent.bits,142296.0
u7,u7,1,,,1000,battery,36.0
u7,u7,1,,,1000,arms.raw.roles.fragile.mean_cost,140.19444444444446
u7,u7,1,,,1000,arms.raw.roles.fragile.phantom_rate,0.9444444444444444
u7,u7,1,,,1000,arms.raw.roles.fragile.conflict_phantoms,15.0
u7,u7,1,,,1000,arms.raw.roles.robust.mean_cost,208.13888888888889
u7,u7,1,,,1000,arms.raw.roles.robust.phantom_rate,0.9444444444444444
u7,u7,1,,,1000,arms.raw.roles.robust.conflict_phantoms,15.0
u7,u7,1,,,1000,arms.raw.n_items,1000.0
u7,u7,1,,,1000,arms.raw.bits,339476.0
u7,u7,1,,,1000,arms.vector.roles.fragile.mean_cost,211.16666666666666
u7,u7,1,,,1000,arms.vector.roles.fragile.phantom_rate,0.2777777777777778
u7,u7,1,,,1000,arms.vector.roles.fragile.conflict_phantoms,6.0
u7,u7,1,,,1000,arms.vector.roles.robust.mean_cost,199.83333333333334
u7,u7,1,,,1000,arms.vector.roles.robust.phantom_rate,0.2777777777777778
u7,u7,1,,,1000,arms.vector.roles.robust.conflict_phantoms,6.0
u7,u7,1,,,1000,arms.vector.n_items,557.0
u7,u7,1,,,1000,arms.vector.bits,187106.0
u7,u7,1,,,1000,arms.rir.roles.fragile.mean_cost,238.33333333333334
u7,u7,1,,,1000,arms.rir.roles.fragile.phantom_rate,0.19444444444444445
u7,u7,1,,,1000,arms.rir.roles.fragile.conflict_phantoms,5.0
u7,u7,1,,,1000,arms.rir.roles.robust.mean_cost,220.36111111111111
u7,u7,1,,,1000,arms.rir.roles.robust.phantom_rate,0.19444444444444445
u7,u7,1,,,1000,arms.rir.roles.robust.conflict_phantoms,5.0
u7,u7,1,,,1000,arms.rir.n_items,1000.0
u7,u7,1,,,1000,arms.rir.bits,339476.0
u7,u7,1,,,1000,arms.snapshot.roles.fragile.mean_cost,247.38888888888889
u7,u7,1,,,1000,arms.snapshot.roles.fragile.phantom_rate,0.0
u7,u7,1,,,1000,arms.snapshot.roles.fragile.conflict_phantoms,0.0
u7,u7,1,,,1000,arms.snapshot.roles.robust.mean_cost,227.72222222222223
u7,u7,1,,,1000,arms.snapshot.roles.robust.phantom_rate,0.0
u7,u7,1,,,1000,arms.snapshot.roles.robust.conflict_phantoms,0.0
u7,u7,1,,,1000,arms.snapshot.n_items,1000.0
u7,u7,1,,,1000,arms.snapshot.bits,5212898.0
u7,u7,1,,,1000,arms.utility.roles.fragile.mean_cost,140.22222222222223
u7,u7,1,,,1000,arms.utility.roles.fragile.phantom_rate,0.9722222222222222
u7,u7,1,,,1000,arms.utility.roles.fragile.conflict_phantoms,15.0
u7,u7,1,,,1000,arms.utility.roles.robust.mean_cost,204.41666666666666
u7,u7,1,,,1000,arms.utility.roles.robust.phantom_rate,0.9722222222222222
u7,u7,1,,,1000,arms.utility.roles.robust.conflict_phantoms,15.0
u7,u7,1,,,1000,arms.utility.n_items,476.0
u7,u7,1,,,1000,arms.utility.bits,162166.0
u7,u7,1,,,1000,arms.analogy.roles.fragile.mean_cost,172.25
u7,u7,1,,,1000,arms.analogy.roles.fragile.phantom_rate,0.9722222222222222
u7,u7,1,,,1000,arms.analogy.roles.fragile.conflict_phantoms,15.0
u7,u7,1,,,1000,arms.analogy.roles.robust.mean_cost,250.52777777777777
u7,u7,1,,,1000,arms.analogy.roles.robust.phantom_rate,0.9722222222222222
u7,u7,1,,,1000,arms.analogy.roles.robust.conflict_phantoms,15.0
u7,u7,1,,,1000,arms.analogy.n_items,535.0
u7,u7,1,,,1000,arms.analogy.bits,182406.0
u7,u7,1,,,1000,arms.ucsm.roles.fragile.mean_cost,157.94444444444446
u7,u7,1,,,1000,arms.ucsm.roles.fragile.phantom_rate,0.9444444444444444
u7,u7,1,,,1000,arms.ucsm.roles.fragile.conflict_phantoms,15.0
u7,u7,1,,,1000,arms.ucsm.roles.robust.mean_cost,231.83333333333334
u7,u7,1,,,1000,arms.ucsm.roles.robust.phantom_rate,0.9444444444444444
u7,u7,1,,,1000,arms.ucsm.roles.robust.conflict_phantoms,15.0
u7,u7,1,,,1000,arms.ucsm.n_items,449.0
u7,u7,1,,,1000,arms.ucsm.bits,153816.0
u7,u7,1,,,1000,arms.ucsm_recent.roles.fragile.mean_cost,143.58333333333334
u7,u7,1,,,1000,arms.ucsm_recent.roles.fragile.phantom_rate,0.9722222222222222
u7,u7,1,,,1000,arms.ucsm_recent.roles.fragile.conflict_phantoms,15.0
u7,u7,1,,,1000,arms.ucsm_recent.roles.robust.mean_cost,209.97222222222223
u7,u7,1,,,1000,arms.ucsm_recent.roles.robust.phantom_rate,0.9722222222222222
u7,u7,1,,,1000,arms.ucsm_recent.roles.robust.conflict_phantoms,15.0
u7,u7,1,,,1000,arms.ucsm_recent.n_items,449.0
u7,u7,1,,,1000,arms.ucsm_recent.bits,153816.0
u7,u7,2,,,1000,battery,36.0
u7,u7,2,,,1000,arms.raw.roles.fragile.mean_cost,158.0
u7,u7,2,,,1000,arms.raw.roles.fragile.phantom_rate,0.9722222222222222
u7,u7,2,,,1000,arms.raw.roles.fragile.conflict_phantoms,23.0
u7,u7,2,,,1000,arms.raw.roles.robust.mean_cost,228.16666666666666
u7,u7,2,,,1000,arms.raw.roles.robust.phantom_rate,0.9722222222222222
u7,u7,2,,,1000,arms.raw.roles.robust.conflict_phantoms,23.0
u7,u7,2,,,1000,arms.raw.n_items,1000.0
u7,u7,2,,,1000,arms.raw.bits,341258.0
u7,u7,2,,,1000,arms.vector.roles.fragile.mean_cost,245.66666666666666
u7,u7,2,,,1000,arms.vector.roles.fragile.phantom_rate,0.19444444444444445
u7,u7,2,,,1000,arms.vector.roles.fragile.conflict_phantoms,5.0
u7,u7,2,,,1000,arms.vector.roles.robust.mean_cost,224.11111111111111
u7,u7,2,,,1000,arms.vector.roles.robust.phantom_rate,0.19444444444444445
u7,u7,2,,,1000,arms.vector.roles.robust.conflict_phantoms,5.0
u7,u7,2,,,1000,arms.vector.n_items,541.0
u7,u7,2,,,1000,arms.vector.bits,181400.0
u7,u7,2,,,1000,arms.rir.roles.fragile.mean_cost,278.69444444444446
u7,u7,2,,,1000,arms.rir.roles.fragile.phantom_rate,0.027777777777777776
u7,u7,2,,,1000,arms.rir.roles.fragile.conflict_phantoms,1.0
u7,u7,2,,,1000,arms.rir.roles.robust.mean_cost,250.72222222222223
u7,u7,2,,,1000,arms.rir.roles.robust.phantom_rate,0.027777777777777776
u7,u7,2,,,1000,arms.rir.roles.robust.conflict_phantoms,1.0
u7,u7,2,,,1000,arms.rir.n_items,1000.0
u7,u7,2,,,1000,arms.rir.bits,341258.0
u7,u7,2,,,1000,arms.snapshot.roles.fragile.mean_cost,279.8888888888889
u7,u7,2,,,1000,arms.snapshot.roles.fragile.phantom_rate,0.0
u7,u7,2,,,1000,arms.snapshot.roles.fragile.conflict_phantoms,0.0
u7,u7,2,,,1000,arms.snapshot.roles.robust.mean_cost,251.19444444444446
u7,u7,2,,,1000,arms.snapshot.roles.robust.phantom_rate,0.0
u7,u7,2,,,1000,arms.snapshot.roles.robust.conflict_phantoms,0.0
u7,u7,2,,,1000,arms.snapshot.n_items,1000.0
u7,u7,2,,,1000,arms.snapshot.bits,5214596.0
u7,u7,2,,,1000,arms.utility.roles.fragile.mean_cost,135.66666666666666
u7,u7,2,,,1000,arms.utility.roles.fragile.phantom_rate,0.9444444444444444
u7,u7,2,,,1000,arms.utility.roles.fragile.conflict_phantoms,23.0
u7,u7,2,,,1000,arms.utility.roles.robust.mean_cost,200.08333333333334
u7,u7,2,,,1000,arms.utility.roles.robust.phantom_rate,0.9444444444444444
u7,u7,2,,,1000,arms.utility.roles.robust.conflict_phantoms,23.0
u7,u7,2,,,1000,arms.utility.n_items,467.0
u7,u7,2,,,1000,arms.utility.bits,160956.0
u7,u7,2,,,1000,arms.analogy.roles.fragile.mean_cost,151.08333333333334
u7,u7,2,,,1000,arms.analogy.roles.fragile.phantom_rate,1.0
u7,u7,2,,,1000,arms.analogy.roles.fragile.conflict_phantoms,24.0
u7,u7,2,,,1000,arms.analogy.roles.robust.mean_cost,226.05555555555554
u7,u7,2,,,1000,arms.analogy.roles.robust.phantom_rate,1.0
u7,u7,2,,,1000,arms.analogy.roles.robust.conflict_phantoms,24.0
u7,u7,2,,,1000,arms.analogy.n_items,505.0
u7,u7,2,,,1000,arms.analogy.bits,172940.0
u7,u7,2,,,1000,arms.ucsm.roles.fragile.mean_cost,145.80555555555554
u7,u7,2,,,1000,arms.ucsm.roles.fragile.phantom_rate,1.0
u7,u7,2,,,1000,arms.ucsm.roles.fragile.conflict_phantoms,24.0
u7,u7,2,,,1000,arms.ucsm.roles.robust.mean_cost,217.47222222222223
u7,u7,2,,,1000,arms.ucsm.roles.robust.phantom_rate,1.0
u7,u7,2,,,1000,arms.ucsm.roles.robust.conflict_phantoms,24.0
u7,u7,2,,,1000,arms.ucsm.n_items,434.0
u7,u7,2,,,1000,arms.ucsm.bits,149500.0
u7,u7,2,,,1000,arms.ucsm_recent.roles.fragile.mean_cost,133.72222222222223
u7,u7,2,,,1000,arms.ucsm_recent.roles.fragile.phantom_rate,0.9444444444444444
u7,u7,2,,,1000,arms.ucsm_recent.roles.fragile.conflict_phantoms,23.0
u7,u7,2,,,1000,arms.ucsm_recent.roles.robust.mean_cost,192.33333333333334
u7,u7,2,,,1000,arms.ucsm_recent.roles.robust.phantom_rate,0.9444444444444444
u7,u7,2,,,1000,arms.ucsm_recent.roles.robust.conflict_phantoms,23.0
u7,u7,2,,,1000,arms.ucsm_recent.n_items,434.0
u7,u7,2,,,1000,arms.ucsm_recent.bits,149500.0
u7,u7,3,,,1000,battery,36.0
u7,u7,3,,,1000,arms.raw.roles.fragile.mean_cost,144.13888888888889
u7,u7,3,,,1000,arms.raw.roles.fragile.phantom_rate,1.0
u7,u7,3,,,1000,arms.raw.roles.fragile.conflict_phantoms,14.0
u7,u7,3,,,1000,arms.raw.roles.robust.mean_cost,218.36111111111111
u7,u7,3,,,1000,arms.raw.roles.robust.phantom_rate,1.0
u7,u7,3,,,1000,arms.raw.roles.robust.conflict_phantoms,14.0
u7,u7,3,,,1000,arms.raw.n_items,1000.0
u7,u7,3,,,1000,arms.raw.bits,339172.0
u7,u7,3,,,1000,arms.vector.roles.fragile.mean_cost,221.88888888888889
u7,u7,3,,,1000,arms.vector.roles.fragile.phantom_rate,0.25
u7,u7,3,,,1000,arms.vector.roles.fragile.conflict_phantoms,4.0
u7,u7,3,,,1000,arms.vector.roles.robust.mean_cost,206.69444444444446
u7,u7,3,,,1000,arms.vector.roles.robust.phantom_rate,0.25
u7,u7,3,,,1000,arms.vector.roles.robust.conflict_phantoms,4.0
u7,u7,3,,,1000,arms.vector.n_items,566.0
u7,u7,3,,,1000,arms.vector.bits,188492.0
u7,u7,3,,,1000,arms.rir.roles.fragile.mean_cost,264.47222222222223
u7,u7,3,,,1000,arms.rir.roles.fragile.phantom_rate,0.08333333333333333
u7,u7,3,,,1000,arms.rir.roles.fragile.conflict_phantoms,3.0
u7,u7,3,,,1000,arms.rir.roles.robust.mean_cost,238.88888888888889
u7,u7,3,,,1000,arms.rir.roles.robust.phantom_rate,0.08333333333333333
u7,u7,3,,,1000,arms.rir.roles.robust.conflict_phantoms,3.0
u7,u7,3,,,1000,arms.rir.n_items,1000.0
u7,u7,3,,,1000,arms.rir.bits,339172.0
u7,u7,3,,,1000,arms.snapshot.roles.fragile.mean_cost,261.27777777777777
u7,u7,3,,,1000,arms.snapshot.roles.fragile.phantom_rate,0.05555555555555555
u7,u7,3,,,1000,arms.snapshot.roles.fragile.conflict_phantoms,0.0
u7,u7,3,,,1000,arms.snapshot.roles.robust.mean_cost,237.61111111111111
u7,u7,3,,,1000,arms.snapshot.roles.robust.phantom_rate,0.05555555555555555
u7,u7,3,,,1000,arms.snapshot.roles.robust.conflict_phantoms,0.0
u7,u7,3,,,1000,arms.snapshot.n_items,1000.0
u7,u7,3,,,1000,arms.snapshot.bits,5199116.0
u7,u7,3,,,1000,arms.utility.roles.fragile.mean_cost,139.97222222222223
u7,u7,3,,,1000,arms.utility.roles.fragile.phantom_rate,0.9722222222222222
u7,u7,3,,,1000,arms.utility.roles.fragile.conflict_phantoms,14.0
u7,u7,3,,,1000,arms.utility.roles.robust.mean_cost,209.91666666666666
u7,u7,3,,,1000,arms.utility.roles.robust.phantom_rate,0.9722222222222222
u7,u7,3,,,1000,arms.utility.roles.robust.conflict_phantoms,14.0
u7,u7,3,,,1000,arms.utility.n_items,483.0
u7,u7,3,,,1000,arms.utility.bits,164210.0
u7,u7,3,,,1000,arms.analogy.roles.fragile.mean_cost,153.63888888888889
u7,u7,3,,,1000,arms.analogy.roles.fragile.phantom_rate,0.9166666666666666
u7,u7,3,,,1000,arms.analogy.roles.fragile.conflict_phantoms,12.0
u7,u7,3,,,1000,arms.analogy.roles.robust.mean_cost,223.02777777777777
u7,u7,3,,,1000,arms.analogy.roles.robust.phantom_rate,0.9166666666666666
u7,u7,3,,,1000,arms.analogy.roles.robust.conflict_phantoms,12.0
u7,u7,3,,,1000,arms.analogy.n_items,526.0
u7,u7,3,,,1000,arms.analogy.bits,179710.0
u7,u7,3,,,1000,arms.ucsm.roles.fragile.mean_cost,150.91666666666666
u7,u7,3,,,1000,arms.ucsm.roles.fragile.phantom_rate,0.9444444444444444
u7,u7,3,,,1000,arms.ucsm.roles.fragile.conflict_phantoms,12.0
u7,u7,3,,,1000,arms.ucsm.roles.robust.mean_cost,219.44444444444446
u7,u7,3,,,1000,arms.ucsm.roles.robust.phantom_rate,0.9444444444444444
u7,u7,3,,,1000,arms.ucsm.roles.robust.conflict_phantoms,12.0
u7,u7,3,,,1000,arms.ucsm.n_items,456.0
u7,u7,3,,,1000,arms.ucsm.bits,155380.0
u7,u7,3,,,1000,arms.ucsm_recent.roles.fragile.mean_cost,142.33333333333334
u7,u7,3,,,1000,arms.ucsm_recent.roles.fragile.phantom_rate,0.9722222222222222
u7,u7,3,,,1000,arms.ucsm_recent.roles.fragile.conflict_phantoms,14.0
u7,u7,3,,,1000,arms.ucsm_recent.roles.robust.mean_cost,212.63888888888889
u7,u7,3,,,1000,arms.ucsm_recent.roles.robust.phantom_rate,0.9722222222222222
u7,u7,3,,,1000,arms.ucsm_recent.roles.robust.conflict_phantoms,14.0
u7,u7,3,,,1000,arms.ucsm_recent.n_items,456.0
u7,u7,3,,,1000,arms.ucsm_recent.bits,155380.0
u7,u7,4,,,1000,battery,36.0
u7,u7,4,,,1000,arms.raw.roles.fragile.mean_cost,147.05555555555554
u7,u7,4,,,1000,arms.raw.roles.fragile.phantom_rate,0.9444444444444444
u7,u7,4,,,1000,arms.raw.roles.fragile.conflict_phantoms,12.0
u7,u7,4,,,1000,arms.raw.roles.robust.mean_cost,221.36111111111111
u7,u7,4,,,1000,arms.raw.roles.robust.phantom_rate,0.9444444444444444
u7,u7,4,,,1000,arms.raw.roles.robust.conflict_phantoms,12.0
u7,u7,4,,,1000,arms.raw.n_items,1000.0
u7,u7,4,,,1000,arms.raw.bits,345328.0
u7,u7,4,,,1000,arms.vector.roles.fragile.mean_cost,244.91666666666666
u7,u7,4,,,1000,arms.vector.roles.fragile.phantom_rate,0.2222222222222222
u7,u7,4,,,1000,arms.vector.roles.fragile.conflict_phantoms,2.0
u7,u7,4,,,1000,arms.vector.roles.robust.mean_cost,221.41666666666666
u7,u7,4,,,1000,arms.vector.roles.robust.phantom_rate,0.2222222222222222
u7,u7,4,,,1000,arms.vector.roles.robust.conflict_phantoms,2.0
u7,u7,4,,,1000,arms.vector.n_items,549.0
u7,u7,4,,,1000,arms.vector.bits,185794.0
u7,u7,4,,,1000,arms.rir.roles.fragile.mean_cost,248.30555555555554
u7,u7,4,,,1000,arms.rir.roles.fragile.phantom_rate,0.19444444444444445
u7,u7,4,,,1000,arms.rir.roles.fragile.conflict_phantoms,1.0
u7,u7,4,,,1000,arms.rir.roles.robust.mean_cost,225.0
u7,u7,4,,,1000,arms.rir.roles.robust.phantom_rate,0.19444444444444445
u7,u7,4,,,1000,arms.rir.roles.robust.conflict_phantoms,1.0
u7,u7,4,,,1000,arms.rir.n_items,1000.0
u7,u7,4,,,1000,arms.rir.bits,345328.0
u7,u7,4,,,1000,arms.snapshot.roles.fragile.mean_cost,284.30555555555554
u7,u7,4,,,1000,arms.snapshot.roles.fragile.phantom_rate,0.0
u7,u7,4,,,1000,arms.snapshot.roles.fragile.conflict_phantoms,0.0
u7,u7,4,,,1000,arms.snapshot.roles.robust.mean_cost,256.19444444444446
u7,u7,4,,,1000,arms.snapshot.roles.robust.phantom_rate,0.0
u7,u7,4,,,1000,arms.snapshot.roles.robust.conflict_phantoms,0.0
u7,u7,4,,,1000,arms.snapshot.n_items,1000.0
u7,u7,4,,,1000,arms.snapshot.bits,5203400.0
u7,u7,4,,,1000,arms.utility.roles.fragile.mean_cost,165.33333333333334
u7,u7,4,,,1000,arms.utility.roles.fragile.phantom_rate,0.9444444444444444
u7,u7,4,,,1000,arms.utility.roles.fragile.conflict_phantoms,10.0
u7,u7,4,,,1000,arms.utility.roles.robust.mean_cost,232.52777777777777
u7,u7,4,,,1000,arms.utility.roles.robust.phantom_rate,0.9444444444444444
u7,u7,4,,,1000,arms.utility.roles.robust.conflict_phantoms,10.0
u7,u7,4,,,1000,arms.utility.n_items,484.0
u7,u7,4,,,1000,arms.utility.bits,167618.0
u7,u7,4,,,1000,arms.analogy.roles.fragile.mean_cost,170.61111111111111
u7,u7,4,,,1000,arms.analogy.roles.fragile.phantom_rate,0.9722222222222222
u7,u7,4,,,1000,arms.analogy.roles.fragile.conflict_phantoms,12.0
u7,u7,4,,,1000,arms.analogy.roles.robust.mean_cost,254.58333333333334
u7,u7,4,,,1000,arms.analogy.roles.robust.phantom_rate,0.9722222222222222
u7,u7,4,,,1000,arms.analogy.roles.robust.conflict_phantoms,12.0
u7,u7,4,,,1000,arms.analogy.n_items,527.0
u7,u7,4,,,1000,arms.analogy.bits,181638.0
u7,u7,4,,,1000,arms.ucsm.roles.fragile.mean_cost,172.80555555555554
u7,u7,4,,,1000,arms.ucsm.roles.fragile.phantom_rate,0.9444444444444444
u7,u7,4,,,1000,arms.ucsm.roles.fragile.conflict_phantoms,12.0
u7,u7,4,,,1000,arms.ucsm.roles.robust.mean_cost,256.3333333333333
u7,u7,4,,,1000,arms.ucsm.roles.robust.phantom_rate,0.9444444444444444
u7,u7,4,,,1000,arms.ucsm.roles.robust.conflict_phantoms,12.0
u7,u7,4,,,1000,arms.ucsm.n_items,461.0
u7,u7,4,,,1000,arms.ucsm.bits,159678.0
u7,u7,4,,,1000,arms.ucsm_recent.roles.fragile.mean_cost,168.97222222222223
u7,u7,4,,,1000,arms.ucsm_recent.roles.fragile.phantom_rate,0.9722222222222222
u7,u7,4,,,1000,arms.ucsm_recent.roles.fragile.conflict_phantoms,11.0
u7,u7,4,,,1000,arms.ucsm_recent.roles.robust.mean_cost,237.58333333333334
u7,u7,4,,,1000,arms.ucsm_recent.roles.robust.phantom_rate,0.9722222222222222
u7,u7,4,,,1000,arms.ucsm_recent.roles.robust.conflict_phantoms,11.0
u7,u7,4,,,1000,arms.ucsm_recent.n_items,461.0
u7,u7,4,,,1000,arms.ucsm_recent.bits,159678.0
u7,u7,5,,,1000,battery,36.0
u7,u7,5,,,1000,arms.raw.roles.fragile.mean_cost,155.22222222222223
u7,u7,5,,,1000,arms.raw.roles.fragile.phantom_rate,0.9166666666666666
u7,u7,5,,,1000,arms.raw.roles.fragile.conflict_phantoms,19.0
u7,u7,5,,,1000,arms.raw.roles.robust.mean_cost,233.11111111111111
u7,u7,5,,,1000,arms.raw.roles.robust.phantom_rate,0.9166666666666666
u7,u7,5,,,1000,arms.raw.roles.robust.conflict_phantoms,19.0
u7,u7,5,,,1000,arms.raw.n_items,1000.0
u7,u7,5,,,1000,arms.raw.bits,335186.0
u7,u7,5,,,1000,arms.vector.roles.fragile.mean_cost,210.08333333333334
u7,u7,5,,,1000,arms.vector.roles.fragile.phantom_rate,0.3611111111111111
u7,u7,5,,,1000,arms.vector.roles.fragile.conflict_phantoms,9.0
u7,u7,5,,,1000,arms.vector.roles.robust.mean_cost,195.72222222222223
u7,u7,5,,,1000,arms.vector.roles.robust.phantom_rate,0.3611111111111111
u7,u7,5,,,1000,arms.vector.roles.robust.conflict_phantoms,9.0
u7,u7,5,,,1000,arms.vector.n_items,578.0
u7,u7,5,,,1000,arms.vector.bits,190668.0
u7,u7,5,,,1000,arms.rir.roles.fragile.mean_cost,243.80555555555554
u7,u7,5,,,1000,arms.rir.roles.fragile.phantom_rate,0.16666666666666666
u7,u7,5,,,1000,arms.rir.roles.fragile.conflict_phantoms,4.0
u7,u7,5,,,1000,arms.rir.roles.robust.mean_cost,225.38888888888889
u7,u7,5,,,1000,arms.rir.roles.robust.phantom_rate,0.16666666666666666
u7,u7,5,,,1000,arms.rir.roles.robust.conflict_phantoms,4.0
u7,u7,5,,,1000,arms.rir.n_items,1000.0
u7,u7,5,,,1000,arms.rir.bits,335186.0
u7,u7,5,,,1000,arms.snapshot.roles.fragile.mean_cost,271.44444444444446
u7,u7,5,,,1000,arms.snapshot.roles.fragile.phantom_rate,0.027777777777777776
u7,u7,5,,,1000,arms.snapshot.roles.fragile.conflict_phantoms,0.0
u7,u7,5,,,1000,arms.snapshot.roles.robust.mean_cost,246.44444444444446
u7,u7,5,,,1000,arms.snapshot.roles.robust.phantom_rate,0.027777777777777776
u7,u7,5,,,1000,arms.snapshot.roles.robust.conflict_phantoms,0.0
u7,u7,5,,,1000,arms.snapshot.n_items,1000.0
u7,u7,5,,,1000,arms.snapshot.bits,5186972.0
u7,u7,5,,,1000,arms.utility.roles.fragile.mean_cost,168.11111111111111
u7,u7,5,,,1000,arms.utility.roles.fragile.phantom_rate,0.9722222222222222
u7,u7,5,,,1000,arms.utility.roles.fragile.conflict_phantoms,18.0
u7,u7,5,,,1000,arms.utility.roles.robust.mean_cost,263.5833333333333
u7,u7,5,,,1000,arms.utility.roles.robust.phantom_rate,0.9722222222222222
u7,u7,5,,,1000,arms.utility.roles.robust.conflict_phantoms,18.0
u7,u7,5,,,1000,arms.utility.n_items,503.0
u7,u7,5,,,1000,arms.utility.bits,168742.0
u7,u7,5,,,1000,arms.analogy.roles.fragile.mean_cost,125.38888888888889
u7,u7,5,,,1000,arms.analogy.roles.fragile.phantom_rate,0.9444444444444444
u7,u7,5,,,1000,arms.analogy.roles.fragile.conflict_phantoms,18.0
u7,u7,5,,,1000,arms.analogy.roles.robust.mean_cost,192.63888888888889
u7,u7,5,,,1000,arms.analogy.roles.robust.phantom_rate,0.9444444444444444
u7,u7,5,,,1000,arms.analogy.roles.robust.conflict_phantoms,18.0
u7,u7,5,,,1000,arms.analogy.n_items,541.0
u7,u7,5,,,1000,arms.analogy.bits,183512.0
u7,u7,5,,,1000,arms.ucsm.roles.fragile.mean_cost,141.94444444444446
u7,u7,5,,,1000,arms.ucsm.roles.fragile.phantom_rate,0.9166666666666666
u7,u7,5,,,1000,arms.ucsm.roles.fragile.conflict_phantoms,17.0
u7,u7,5,,,1000,arms.ucsm.roles.robust.mean_cost,216.86111111111111
u7,u7,5,,,1000,arms.ucsm.roles.robust.phantom_rate,0.9166666666666666
u7,u7,5,,,1000,arms.ucsm.roles.robust.conflict_phantoms,17.0
u7,u7,5,,,1000,arms.ucsm.n_items,480.0
u7,u7,5,,,1000,arms.ucsm.bits,161510.0
u7,u7,5,,,1000,arms.ucsm_recent.roles.fragile.mean_cost,152.33333333333334
u7,u7,5,,,1000,arms.ucsm_recent.roles.fragile.phantom_rate,0.9444444444444444
u7,u7,5,,,1000,arms.ucsm_recent.roles.fragile.conflict_phantoms,17.0
u7,u7,5,,,1000,arms.ucsm_recent.roles.robust.mean_cost,242.44444444444446
u7,u7,5,,,1000,arms.ucsm_recent.roles.robust.phantom_rate,0.9444444444444444
u7,u7,5,,,1000,arms.ucsm_recent.roles.robust.conflict_phantoms,17.0
u7,u7,5,,,1000,arms.ucsm_recent.n_items,480.0
u7,u7,5,,,1000,arms.ucsm_recent.bits,161510.0
u7,u7,6,,,1000,battery,36.0
u7,u7,6,,,1000,arms.raw.roles.fragile.mean_cost,111.75
u7,u7,6,,,1000,arms.raw.roles.fragile.phantom_rate,0.9444444444444444
u7,u7,6,,,1000,arms.raw.roles.fragile.conflict_phantoms,13.0
u7,u7,6,,,1000,arms.raw.roles.robust.mean_cost,172.41666666666666
u7,u7,6,,,1000,arms.raw.roles.robust.phantom_rate,0.9444444444444444
u7,u7,6,,,1000,arms.raw.roles.robust.conflict_phantoms,13.0
u7,u7,6,,,1000,arms.raw.n_items,1000.0
u7,u7,6,,,1000,arms.raw.bits,338470.0
u7,u7,6,,,1000,arms.vector.roles.fragile.mean_cost,236.0
u7,u7,6,,,1000,arms.vector.roles.fragile.phantom_rate,0.3055555555555556
u7,u7,6,,,1000,arms.vector.roles.fragile.conflict_phantoms,3.0
u7,u7,6,,,1000,arms.vector.roles.robust.mean_cost,217.63888888888889
u7,u7,6,,,1000,arms.vector.roles.robust.phantom_rate,0.3055555555555556
u7,u7,6,,,1000,arms.vector.roles.robust.conflict_phantoms,3.0
u7,u7,6,,,1000,arms.vector.n_items,563.0
u7,u7,6,,,1000,arms.vector.bits,188078.0
u7,u7,6,,,1000,arms.rir.roles.fragile.mean_cost,265.44444444444446
u7,u7,6,,,1000,arms.rir.roles.fragile.phantom_rate,0.08333333333333333
u7,u7,6,,,1000,arms.rir.roles.fragile.conflict_phantoms,0.0
u7,u7,6,,,1000,arms.rir.roles.robust.mean_cost,240.11111111111111
u7,u7,6,,,1000,arms.rir.roles.robust.phantom_rate,0.08333333333333333
u7,u7,6,,,1000,arms.rir.roles.robust.conflict_phantoms,0.0
u7,u7,6,,,1000,arms.rir.n_items,1000.0
u7,u7,6,,,1000,arms.rir.bits,338470.0
u7,u7,6,,,1000,arms.snapshot.roles.fragile.mean_cost,277.6388888888889
u7,u7,6,,,1000,arms.snapshot.roles.fragile.phantom_rate,0.05555555555555555
u7,u7,6,,,1000,arms.snapshot.roles.fragile.conflict_phantoms,1.0
u7,u7,6,,,1000,arms.snapshot.roles.robust.mean_cost,251.52777777777777
u7,u7,6,,,1000,arms.snapshot.roles.robust.phantom_rate,0.05555555555555555
u7,u7,6,,,1000,arms.snapshot.roles.robust.conflict_phantoms,1.0
u7,u7,6,,,1000,arms.snapshot.n_items,1000.0
u7,u7,6,,,1000,arms.snapshot.bits,5199758.0
u7,u7,6,,,1000,arms.utility.roles.fragile.mean_cost,135.33333333333334
u7,u7,6,,,1000,arms.utility.roles.fragile.phantom_rate,0.9166666666666666
u7,u7,6,,,1000,arms.utility.roles.fragile.conflict_phantoms,12.0
u7,u7,6,,,1000,arms.utility.roles.robust.mean_cost,205.55555555555554
u7,u7,6,,,1000,arms.utility.roles.robust.phantom_rate,0.9166666666666666
u7,u7,6,,,1000,arms.utility.roles.robust.conflict_phantoms,12.0
u7,u7,6,,,1000,arms.utility.n_items,471.0
u7,u7,6,,,1000,arms.utility.bits,159738.0
u7,u7,6,,,1000,arms.analogy.roles.fragile.mean_cost,137.05555555555554
u7,u7,6,,,1000,arms.analogy.roles.fragile.phantom_rate,0.8888888888888888
u7,u7,6,,,1000,arms.analogy.roles.fragile.conflict_phantoms,12.0
u7,u7,6,,,1000,arms.analogy.roles.robust.mean_cost,203.36111111111111
u7,u7,6,,,1000,arms.analogy.roles.robust.phantom_rate,0.8888888888888888
u7,u7,6,,,1000,arms.analogy.roles.robust.conflict_phantoms,12.0
u7,u7,6,,,1000,arms.analogy.n_items,512.0
u7,u7,6,,,1000,arms.analogy.bits,175064.0
u7,u7,6,,,1000,arms.ucsm.roles.fragile.mean_cost,153.25
u7,u7,6,,,1000,arms.ucsm.roles.fragile.phantom_rate,0.9166666666666666
u7,u7,6,,,1000,arms.ucsm.roles.fragile.conflict_phantoms,12.0
u7,u7,6,,,1000,arms.ucsm.roles.robust.mean_cost,223.0
u7,u7,6,,,1000,arms.ucsm.roles.robust.phantom_rate,0.9166666666666666
u7,u7,6,,,1000,arms.ucsm.roles.robust.conflict_phantoms,12.0
u7,u7,6,,,1000,arms.ucsm.n_items,454.0
u7,u7,6,,,1000,arms.ucsm.bits,153918.0
u7,u7,6,,,1000,arms.ucsm_recent.roles.fragile.mean_cost,131.27777777777777
u7,u7,6,,,1000,arms.ucsm_recent.roles.fragile.phantom_rate,0.9166666666666666
u7,u7,6,,,1000,arms.ucsm_recent.roles.fragile.conflict_phantoms,12.0
u7,u7,6,,,1000,arms.ucsm_recent.roles.robust.mean_cost,199.08333333333334
u7,u7,6,,,1000,arms.ucsm_recent.roles.robust.phantom_rate,0.9166666666666666
u7,u7,6,,,1000,arms.ucsm_recent.roles.robust.conflict_phantoms,12.0
u7,u7,6,,,1000,arms.ucsm_recent.n_items,454.0
u7,u7,6,,,1000,arms.ucsm_recent.bits,153918.0
u7,u7,7,,,1000,battery,36.0
u7,u7,7,,,1000,arms.raw.roles.fragile.mean_cost,144.0
u7,u7,7,,,1000,arms.raw.roles.fragile.phantom_rate,1.0
u7,u7,7,,,1000,arms.raw.roles.fragile.conflict_phantoms,27.0
u7,u7,7,,,1000,arms.raw.roles.robust.mean_cost,225.19444444444446
u7,u7,7,,,1000,arms.raw.roles.robust.phantom_rate,1.0
u7,u7,7,,,1000,arms.raw.roles.robust.conflict_phantoms,27.0
u7,u7,7,,,1000,arms.raw.n_items,1000.0
u7,u7,7,,,1000,arms.raw.bits,343804.0
u7,u7,7,,,1000,arms.vector.roles.fragile.mean_cost,217.61111111111111
u7,u7,7,,,1000,arms.vector.roles.fragile.phantom_rate,0.16666666666666666
u7,u7,7,,,1000,arms.vector.roles.fragile.conflict_phantoms,5.0
u7,u7,7,,,1000,arms.vector.roles.robust.mean_cost,203.72222222222223
u7,u7,7,,,1000,arms.vector.roles.robust.phantom_rate,0.16666666666666666
u7,u7,7,,,1000,arms.vector.roles.robust.conflict_phantoms,5.0
u7,u7,7,,,1000,arms.vector.n_items,599.0
u7,u7,7,,,1000,arms.vector.bits,200874.0
u7,u7,7,,,1000,arms.rir.roles.fragile.mean_cost,240.55555555555554
u7,u7,7,,,1000,arms.rir.roles.fragile.phantom_rate,0.16666666666666666
u7,u7,7,,,1000,arms.rir.roles.fragile.conflict_phantoms,5.0
u7,u7,7,,,1000,arms.rir.roles.robust.mean_cost,220.27777777777777
u7,u7,7,,,1000,arms.rir.roles.robust.phantom_rate,0.16666666666666666
u7,u7,7,,,1000,arms.rir.roles.robust.conflict_phantoms,5.0
u7,u7,7,,,1000,arms.rir.n_items,1000.0
u7,u7,7,,,1000,arms.rir.bits,343804.0
u7,u7,7,,,1000,arms.snapshot.roles.fragile.mean_cost,241.13888888888889
u7,u7,7,,,1000,arms.snapshot.roles.fragile.phantom_rate,0.027777777777777776
u7,u7,7,,,1000,arms.snapshot.roles.fragile.conflict_phantoms,1.0
u7,u7,7,,,1000,arms.snapshot.roles.robust.mean_cost,219.69444444444446
u7,u7,7,,,1000,arms.snapshot.roles.robust.phantom_rate,0.027777777777777776
u7,u7,7,,,1000,arms.snapshot.roles.robust.conflict_phantoms,1.0
u7,u7,7,,,1000,arms.snapshot.n_items,1000.0
u7,u7,7,,,1000,arms.snapshot.bits,5199428.0
u7,u7,7,,,1000,arms.utility.roles.fragile.mean_cost,161.27777777777777
u7,u7,7,,,1000,arms.utility.roles.fragile.phantom_rate,0.9722222222222222
u7,u7,7,,,1000,arms.utility.roles.fragile.conflict_phantoms,26.0
u7,u7,7,,,1000,arms.utility.roles.robust.mean_cost,241.33333333333334
u7,u7,7,,,1000,arms.utility.roles.robust.phantom_rate,0.9722222222222222
u7,u7,7,,,1000,arms.utility.roles.robust.conflict_phantoms,26.0
u7,u7,7,,,1000,arms.utility.n_items,484.0
u7,u7,7,,,1000,arms.utility.bits,165592.0
u7,u7,7,,,1000,arms.analogy.roles.fragile.mean_cost,166.22222222222223
u7,u7,7,,,1000,arms.analogy.roles.fragile.phantom_rate,1.0
u7,u7,7,,,1000,arms.analogy.roles.fragile.conflict_phantoms,27.0
u7,u7,7,,,1000,arms.analogy.roles.robust.mean_cost,245.61111111111111
u7,u7,7,,,1000,arms.analogy.roles.robust.phantom_rate,1.0
u7,u7,7,,,1000,arms.analogy.roles.robust.conflict_phantoms,27.0
u7,u7,7,,,1000,arms.analogy.n_items,536.0
u7,u7,7,,,1000,arms.analogy.bits,184332.0
u7,u7,7,,,1000,arms.ucsm.roles.fragile.mean_cost,137.36111111111111
u7,u7,7,,,1000,arms.ucsm.roles.fragile.phantom_rate,0.9722222222222222
u7,u7,7,,,1000,arms.ucsm.roles.fragile.conflict_phantoms,26.0
u7,u7,7,,,1000,arms.ucsm.roles.robust.mean_cost,206.58333333333334
u7,u7,7,,,1000,arms.ucsm.roles.robust.phantom_rate,0.9722222222222222
u7,u7,7,,,1000,arms.ucsm.roles.robust.conflict_phantoms,26.0
u7,u7,7,,,1000,arms.ucsm.n_items,455.0
u7,u7,7,,,1000,arms.ucsm.bits,155968.0
u7,u7,7,,,1000,arms.ucsm_recent.roles.fragile.mean_cost,157.5
u7,u7,7,,,1000,arms.ucsm_recent.roles.fragile.phantom_rate,0.9722222222222222
u7,u7,7,,,1000,arms.ucsm_recent.roles.fragile.conflict_phantoms,26.0
u7,u7,7,,,1000,arms.ucsm_recent.roles.robust.mean_cost,236.97222222222223
u7,u7,7,,,1000,arms.ucsm_recent.roles.robust.phantom_rate,0.9722222222222222
u7,u7,7,,,1000,arms.ucsm_recent.roles.robust.conflict_phantoms,26.0
u7,u7,7,,,1000,arms.ucsm_recent.n_items,455.0
u7,u7,7,,,1000,arms.ucsm_recent.bits,155968.0
u7,u7,0,,,100,battery,32.0
u7,u7,0,,,100,arms.raw.roles.fragile.mean_cost,45.5625
u7,u7,0,,,100,arms.raw.roles.fragile.phantom_rate,0.65625
u7,u7,0,,,100,arms.raw.roles.fragile.conflict_phantoms,14.0
u7,u7,0,,,100,arms.raw.roles.robust.mean_cost,63.5
u7,u7,0,,,100,arms.raw.roles.robust.phantom_rate,0.65625
u7,u7,0,,,100,arms.raw.roles.robust.conflict_phantoms,14.0
u7,u7,0,,,100,arms.raw.n_items,100.0
u7,u7,0,,,100,arms.raw.bits,33654.0
u7,u7,0,,,100,arms.vector.roles.fragile.mean_cost,200.40625
u7,u7,0,,,100,arms.vector.roles.fragile.phantom_rate,0.3125
u7,u7,0,,,100,arms.vector.roles.fragile.conflict_phantoms,5.0
u7,u7,0,,,100,arms.vector.roles.robust.mean_cost,190.65625
u7,u7,0,,,100,arms.vector.roles.robust.phantom_rate,0.3125
u7,u7,0,,,100,arms.vector.roles.robust.conflict_phantoms,5.0
u7,u7,0,,,100,arms.vector.n_items,56.0
u7,u7,0,,,100,arms.vector.bits,18316.0
u7,u7,0,,,100,arms.rir.roles.fragile.mean_cost,217.65625
u7,u7,0,,,100,arms.rir.roles.fragile.phantom_rate,0.09375
u7,u7,0,,,100,arms.rir.roles.fragile.conflict_phantoms,2.0
u7,u7,0,,,100,arms.rir.roles.robust.mean_cost,204.3125
u7,u7,0,,,100,arms.rir.roles.robust.phantom_rate,0.09375
u7,u7,0,,,100,arms.rir.roles.robust.conflict_phantoms,2.0
u7,u7,0,,,100,arms.rir.n_items,100.0
u7,u7,0,,,100,arms.rir.bits,33654.0
u7,u7,0,,,100,arms.snapshot.roles.fragile.mean_cost,246.0
u7,u7,0,,,100,arms.snapshot.roles.fragile.phantom_rate,0.0625
u7,u7,0,,,100,arms.snapshot.roles.fragile.conflict_phantoms,2.0
u7,u7,0,,,100,arms.snapshot.roles.robust.mean_cost,228.65625
u7,u7,0,,,100,arms.snapshot.roles.robust.phantom_rate,0.0625
u7,u7,0,,,100,arms.snapshot.roles.robust.conflict_phantoms,2.0
u7,u7,0,,,100,arms.snapshot.n_items,100.0
u7,u7,0,,,100,arms.snapshot.bits,520190.0
u7,u7,0,,,100,arms.utility.roles.fragile.mean_cost,42.0
u7,u7,0,,,100,arms.utility.roles.fragile.phantom_rate,0.8125
u7,u7,0,,,100,arms.utility.roles.fragile.conflict_phantoms,18.0
u7,u7,0,,,100,arms.utility.roles.robust.mean_cost,61.78125
u7,u7,0,,,100,arms.utility.roles.robust.phantom_rate,0.8125
u7,u7,0,,,100,arms.utility.roles.robust.conflict_phantoms,18.0
u7,u7,0,,,100,arms.utility.n_items,50.0
u7,u7,0,,,100,arms.utility.bits,16350.0
u7,u7,0,,,100,arms.analogy.roles.fragile.mean_cost,52.96875
u7,u7,0,,,100,arms.analogy.roles.fragile.phantom_rate,0.65625
u7,u7,0,,,100,arms.analogy.roles.fragile.conflict_phantoms,14.0
u7,u7,0,,,100,arms.analogy.roles.robust.mean_cost,70.03125
u7,u7,0,,,100,arms.analogy.roles.robust.phantom_rate,0.65625
u7,u7,0,,,100,arms.analogy.roles.robust.conflict_phantoms,14.0
u7,u7,0,,,100,arms.analogy.n_items,44.0
u7,u7,0,,,100,arms.analogy.bits,14430.0
u7,u7,0,,,100,arms.ucsm.roles.fragile.mean_cost,43.84375
u7,u7,0,,,100,arms.ucsm.roles.fragile.phantom_rate,0.6875
u7,u7,0,,,100,arms.ucsm.roles.fragile.conflict_phantoms,14.0
u7,u7,0,,,100,arms.ucsm.roles.robust.mean_cost,61.84375
u7,u7,0,,,100,arms.ucsm.roles.robust.phantom_rate,0.6875
u7,u7,0,,,100,arms.ucsm.roles.robust.conflict_phantoms,14.0
u7,u7,0,,,100,arms.ucsm.n_items,47.0
u7,u7,0,,,100,arms.ucsm.bits,15376.0
u7,u7,0,,,100,arms.ucsm_recent.roles.fragile.mean_cost,41.875
u7,u7,0,,,100,arms.ucsm_recent.roles.fragile.phantom_rate,0.8125
u7,u7,0,,,100,arms.ucsm_recent.roles.fragile.conflict_phantoms,18.0
u7,u7,0,,,100,arms.ucsm_recent.roles.robust.mean_cost,61.65625
u7,u7,0,,,100,arms.ucsm_recent.roles.robust.phantom_rate,0.8125
u7,u7,0,,,100,arms.ucsm_recent.roles.robust.conflict_phantoms,18.0
u7,u7,0,,,100,arms.ucsm_recent.n_items,47.0
u7,u7,0,,,100,arms.ucsm_recent.bits,15376.0
u7,u7,1,,,100,battery,36.0
u7,u7,1,,,100,arms.raw.roles.fragile.mean_cost,58.583333333333336
u7,u7,1,,,100,arms.raw.roles.fragile.phantom_rate,0.75
u7,u7,1,,,100,arms.raw.roles.fragile.conflict_phantoms,15.0
u7,u7,1,,,100,arms.raw.roles.robust.mean_cost,76.83333333333333
u7,u7,1,,,100,arms.raw.roles.robust.phantom_rate,0.75
u7,u7,1,,,100,arms.raw.roles.robust.conflict_phantoms,15.0
u7,u7,1,,,100,arms.raw.n_items,100.0
u7,u7,1,,,100,arms.raw.bits,33358.0
u7,u7,1,,,100,arms.vector.roles.fragile.mean_cost,210.94444444444446
u7,u7,1,,,100,arms.vector.roles.fragile.phantom_rate,0.2777777777777778
u7,u7,1,,,100,arms.vector.roles.fragile.conflict_phantoms,5.0
u7,u7,1,,,100,arms.vector.roles.robust.mean_cost,194.91666666666666
u7,u7,1,,,100,arms.vector.roles.robust.phantom_rate,0.2777777777777778
u7,u7,1,,,100,arms.vector.roles.robust.conflict_phantoms,5.0
u7,u7,1,,,100,arms.vector.n_items,63.0
u7,u7,1,,,100,arms.vector.bits,21180.0
u7,u7,1,,,100,arms.rir.roles.fragile.mean_cost,209.36111111111111
u7,u7,1,,,100,arms.rir.roles.fragile.phantom_rate,0.2222222222222222
u7,u7,1,,,100,arms.rir.roles.fragile.conflict_phantoms,4.0
u7,u7,1,,,100,arms.rir.roles.robust.mean_cost,191.75
u7,u7,1,,,100,arms.rir.roles.robust.phantom_rate,0.2222222222222222
u7,u7,1,,,100,arms.rir.roles.robust.conflict_phantoms,4.0
u7,u7,1,,,100,arms.rir.n_items,100.0
u7,u7,1,,,100,arms.rir.bits,33358.0
u7,u7,1,,,100,arms.snapshot.roles.fragile.mean_cost,246.83333333333334
u7,u7,1,,,100,arms.snapshot.roles.fragile.phantom_rate,0.027777777777777776
u7,u7,1,,,100,arms.snapshot.roles.fragile.conflict_phantoms,1.0
u7,u7,1,,,100,arms.snapshot.roles.robust.mean_cost,222.69444444444446
u7,u7,1,,,100,arms.snapshot.roles.robust.phantom_rate,0.027777777777777776
u7,u7,1,,,100,arms.snapshot.roles.robust.conflict_phantoms,1.0
u7,u7,1,,,100,arms.snapshot.n_items,100.0
u7,u7,1,,,100,arms.snapshot.bits,521948.0
u7,u7,1,,,100,arms.utility.roles.fragile.mean_cost,52.388888888888886
u7,u7,1,,,100,arms.utility.roles.fragile.phantom_rate,0.6944444444444444
u7,u7,1,,,100,arms.utility.roles.fragile.conflict_phantoms,15.0
u7,u7,1,,,100,arms.utility.roles.robust.mean_cost,71.02777777777777
u7,u7,1,,,100,arms.utility.roles.robust.phantom_rate,0.6944444444444444
u7,u7,1,,,100,arms.utility.roles.robust.conflict_phantoms,15.0
u7,u7,1,,,100,arms.utility.n_items,59.0
u7,u7,1,,,100,arms.utility.bits,20000.0
u7,u7,1,,,100,arms.analogy.roles.fragile.mean_cost,58.30555555555556
u7,u7,1,,,100,arms.analogy.roles.fragile.phantom_rate,0.8055555555555556
u7,u7,1,,,100,arms.analogy.roles.fragile.conflict_phantoms,13.0
u7,u7,1,,,100,arms.analogy.roles.robust.mean_cost,73.88888888888889
u7,u7,1,,,100,arms.analogy.roles.robust.phantom_rate,0.8055555555555556
u7,u7,1,,,100,arms.analogy.roles.robust.conflict_phantoms,13.0
u7,u7,1,,,100,arms.analogy.n_items,54.0
u7,u7,1,,,100,arms.analogy.bits,18204.0
u7,u7,1,,,100,arms.ucsm.roles.fragile.mean_cost,55.888888888888886
u7,u7,1,,,100,arms.ucsm.roles.fragile.phantom_rate,0.7777777777777778
u7,u7,1,,,100,arms.ucsm.roles.fragile.conflict_phantoms,12.0
u7,u7,1,,,100,arms.ucsm.roles.robust.mean_cost,72.47222222222223
u7,u7,1,,,100,arms.ucsm.roles.robust.phantom_rate,0.7777777777777778
u7,u7,1,,,100,arms.ucsm.roles.robust.conflict_phantoms,12.0
u7,u7,1,,,100,arms.ucsm.n_items,53.0
u7,u7,1,,,100,arms.ucsm.bits,18170.0
u7,u7,1,,,100,arms.ucsm_recent.roles.fragile.mean_cost,51.05555555555556
u7,u7,1,,,100,arms.ucsm_recent.roles.fragile.phantom_rate,0.6944444444444444
u7,u7,1,,,100,arms.ucsm_recent.roles.fragile.conflict_phantoms,15.0
u7,u7,1,,,100,arms.ucsm_recent.roles.robust.mean_cost,68.47222222222223
u7,u7,1,,,100,arms.ucsm_recent.roles.robust.phantom_rate,0.6944444444444444
u7,u7,1,,,100,arms.ucsm_recent.roles.robust.conflict_phantoms,15.0
u7,u7,1,,,100,arms.ucsm_recent.n_items,53.0
u7,u7,1,,,100,arms.ucsm_recent.bits,18170.0
u7,u7,2,,,100,battery,36.0
u7,u7,2,,,100,arms.raw.roles.fragile.mean_cost,64.83333333333333
u7,u7,2,,,100,arms.raw.roles.fragile.phantom_rate,0.5555555555555556
u7,u7,2,,,100,arms.raw.roles.fragile.conflict_phantoms,9.0
u7,u7,2,,,100,arms.raw.roles.robust.mean_cost,74.44444444444444
u7,u7,2,,,100,arms.raw.roles.robust.phantom_rate,0.5555555555555556
u7,u7,2,,,100,arms.raw.roles.robust.conflict_phantoms,9.0
u7,u7,2,,,100,arms.raw.n_items,100.0
u7,u7,2,,,100,arms.raw.bits,35162.0
u7,u7,2,,,100,arms.vector.roles.fragile.mean_cost,238.08333333333334
u7,u7,2,,,100,arms.vector.roles.fragile.phantom_rate,0.05555555555555555
u7,u7,2,,,100,arms.vector.roles.fragile.conflict_phantoms,1.0
u7,u7,2,,,100,arms.vector.roles.robust.mean_cost,217.88888888888889
u7,u7,2,,,100,arms.vector.roles.robust.phantom_rate,0.05555555555555555
u7,u7,2,,,100,arms.vector.roles.robust.conflict_phantoms,1.0
u7,u7,2,,,100,arms.vector.n_items,60.0
u7,u7,2,,,100,arms.vector.bits,20804.0
u7,u7,2,,,100,arms.rir.roles.fragile.mean_cost,229.55555555555554
u7,u7,2,,,100,arms.rir.roles.fragile.phantom_rate,0.1111111111111111
u7,u7,2,,,100,arms.rir.roles.fragile.conflict_phantoms,3.0
u7,u7,2,,,100,arms.rir.roles.robust.mean_cost,209.86111111111111
u7,u7,2,,,100,arms.rir.roles.robust.phantom_rate,0.1111111111111111
u7,u7,2,,,100,arms.rir.roles.robust.conflict_phantoms,3.0
u7,u7,2,,,100,arms.rir.n_items,100.0
u7,u7,2,,,100,arms.rir.bits,35162.0
u7,u7,2,,,100,arms.snapshot.roles.fragile.mean_cost,235.58333333333334
u7,u7,2,,,100,arms.snapshot.roles.fragile.phantom_rate,0.0
u7,u7,2,,,100,arms.snapshot.roles.fragile.conflict_phantoms,0.0
u7,u7,2,,,100,arms.snapshot.roles.robust.mean_cost,212.33333333333334
u7,u7,2,,,100,arms.snapshot.roles.robust.phantom_rate,0.0
u7,u7,2,,,100,arms.snapshot.roles.robust.conflict_phantoms,0.0
u7,u7,2,,,100,arms.snapshot.n_items,100.0
u7,u7,2,,,100,arms.snapshot.bits,519926.0
u7,u7,2,,,100,arms.utility.roles.fragile.mean_cost,69.77777777777777
u7,u7,2,,,100,arms.utility.roles.fragile.phantom_rate,0.6111111111111112
u7,u7,2,,,100,arms.utility.roles.fragile.conflict_phantoms,9.0
u7,u7,2,,,100,arms.utility.roles.robust.mean_cost,78.36111111111111
u7,u7,2,,,100,arms.utility.roles.robust.phantom_rate,0.6111111111111112
u7,u7,2,,,100,arms.utility.roles.robust.conflict_phantoms,9.0
u7,u7,2,,,100,arms.utility.n_items,53.0
u7,u7,2,,,100,arms.utility.bits,18394.0
u7,u7,2,,,100,arms.analogy.roles.fragile.mean_cost,70.83333333333333
u7,u7,2,,,100,arms.analogy.roles.fragile.phantom_rate,0.7222222222222222
u7,u7,2,,,100,arms.analogy.roles.fragile.conflict_phantoms,14.0
u7,u7,2,,,100,arms.analogy.roles.robust.mean_cost,82.11111111111111
u7,u7,2,,,100,arms.analogy.roles.robust.phantom_rate,0.7222222222222222
u7,u7,2,,,100,arms.analogy.roles.robust.conflict_phantoms,14.0
u7,u7,2,,,100,arms.analogy.n_items,52.0
u7,u7,2,,,100,arms.analogy.bits,17696.0
u7,u7,2,,,100,arms.ucsm.roles.fragile.mean_cost,84.69444444444444
u7,u7,2,,,100,arms.ucsm.roles.fragile.phantom_rate,0.6666666666666666
u7,u7,2,,,100,arms.ucsm.roles.fragile.conflict_phantoms,13.0
u7,u7,2,,,100,arms.ucsm.roles.robust.mean_cost,94.5
u7,u7,2,,,100,arms.ucsm.roles.robust.phantom_rate,0.6666666666666666
u7,u7,2,,,100,arms.ucsm.roles.robust.conflict_phantoms,13.0
u7,u7,2,,,100,arms.ucsm.n_items,47.0
u7,u7,2,,,100,arms.ucsm.bits,16346.0
u7,u7,2,,,100,arms.ucsm_recent.roles.fragile.mean_cost,75.27777777777777
u7,u7,2,,,100,arms.ucsm_recent.roles.fragile.phantom_rate,0.6111111111111112
u7,u7,2,,,100,arms.ucsm_recent.roles.fragile.conflict_phantoms,9.0
u7,u7,2,,,100,arms.ucsm_recent.roles.robust.mean_cost,82.27777777777777
u7,u7,2,,,100,arms.ucsm_recent.roles.robust.phantom_rate,0.6111111111111112
u7,u7,2,,,100,arms.ucsm_recent.roles.robust.conflict_phantoms,9.0
u7,u7,2,,,100,arms.ucsm_recent.n_items,47.0
u7,u7,2,,,100,arms.ucsm_recent.bits,16346.0
u7,u7,3,,,100,battery,36.0
u7,u7,3,,,100,arms.raw.roles.fragile.mean_cost,43.666666666666664
u7,u7,3,,,100,arms.raw.roles.fragile.phantom_rate,0.6111111111111112
u7,u7,3,,,100,arms.raw.roles.fragile.conflict_phantoms,13.0
u7,u7,3,,,100,arms.raw.roles.robust.mean_cost,60.833333333333336
u7,u7,3,,,100,arms.raw.roles.robust.phantom_rate,0.6111111111111112
u7,u7,3,,,100,arms.raw.roles.robust.conflict_phantoms,13.0
u7,u7,3,,,100,arms.raw.n_items,100.0
u7,u7,3,,,100,arms.raw.bits,34942.0
u7,u7,3,,,100,arms.vector.roles.fragile.mean_cost,215.08333333333334
u7,u7,3,,,100,arms.vector.roles.fragile.phantom_rate,0.1111111111111111
u7,u7,3,,,100,arms.vector.roles.fragile.conflict_phantoms,2.0
u7,u7,3,,,100,arms.vector.roles.robust.mean_cost,196.02777777777777
u7,u7,3,,,100,arms.vector.roles.robust.phantom_rate,0.1111111111111111
u7,u7,3,,,100,arms.vector.roles.robust.conflict_phantoms,2.0
u7,u7,3,,,100,arms.vector.n_items,57.0
u7,u7,3,,,100,arms.vector.bits,19516.0
u7,u7,3,,,100,arms.rir.roles.fragile.mean_cost,216.66666666666666
u7,u7,3,,,100,arms.rir.roles.fragile.phantom_rate,0.19444444444444445
u7,u7,3,,,100,arms.rir.roles.fragile.conflict_phantoms,2.0
u7,u7,3,,,100,arms.rir.roles.robust.mean_cost,196.77777777777777
u7,u7,3,,,100,arms.rir.roles.robust.phantom_rate,0.19444444444444445
u7,u7,3,,,100,arms.rir.roles.robust.conflict_phantoms,2.0
u7,u7,3,,,100,arms.rir.n_items,100.0
u7,u7,3,,,100,arms.rir.bits,34942.0
u7,u7,3,,,100,arms.snapshot.roles.fragile.mean_cost,240.55555555555554
u7,u7,3,,,100,arms.snapshot.roles.fragile.phantom_rate,0.05555555555555555
u7,u7,3,,,100,arms.snapshot.roles.fragile.conflict_phantoms,1.0
u7,u7,3,,,100,arms.snapshot.roles.robust.mean_cost,220.22222222222223
u7,u7,3,,,100,arms.snapshot.roles.robust.phantom_rate,0.05555555555555555
u7,u7,3,,,100,arms.snapshot.roles.robust.conflict_phantoms,1.0
u7,u7,3,,,100,arms.snapshot.n_items,100.0
u7,u7,3,,,100,arms.snapshot.bits,519710.0
u7,u7,3,,,100,arms.utility.roles.fragile.mean_cost,45.55555555555556
u7,u7,3,,,100,arms.utility.roles.fragile.phantom_rate,0.7777777777777778
u7,u7,3,,,100,arms.utility.roles.fragile.conflict_phantoms,17.0
u7,u7,3,,,100,arms.utility.roles.robust.mean_cost,61.611111111111114
u7,u7,3,,,100,arms.utility.roles.robust.phantom_rate,0.7777777777777778
u7,u7,3,,,100,arms.utility.roles.robust.conflict_phantoms,17.0
u7,u7,3,,,100,arms.utility.n_items,56.0
u7,u7,3,,,100,arms.utility.bits,19240.0
u7,u7,3,,,100,arms.analogy.roles.fragile.mean_cost,54.72222222222222
u7,u7,3,,,100,arms.analogy.roles.fragile.phantom_rate,0.8611111111111112
u7,u7,3,,,100,arms.analogy.roles.fragile.conflict_phantoms,16.0
u7,u7,3,,,100,arms.analogy.roles.robust.mean_cost,73.22222222222223
u7,u7,3,,,100,arms.analogy.roles.robust.phantom_rate,0.8611111111111112
u7,u7,3,,,100,arms.analogy.roles.robust.conflict_phantoms,16.0
u7,u7,3,,,100,arms.analogy.n_items,50.0
u7,u7,3,,,100,arms.analogy.bits,17206.0
u7,u7,3,,,100,arms.ucsm.roles.fragile.mean_cost,50.47222222222222
u7,u7,3,,,100,arms.ucsm.roles.fragile.phantom_rate,0.7777777777777778
u7,u7,3,,,100,arms.ucsm.roles.fragile.conflict_phantoms,13.0
u7,u7,3,,,100,arms.ucsm.roles.robust.mean_cost,68.52777777777777
u7,u7,3,,,100,arms.ucsm.roles.robust.phantom_rate,0.7777777777777778
u7,u7,3,,,100,arms.ucsm.roles.robust.conflict_phantoms,13.0
u7,u7,3,,,100,arms.ucsm.n_items,54.0
u7,u7,3,,,100,arms.ucsm.bits,18692.0
u7,u7,3,,,100,arms.ucsm_recent.roles.fragile.mean_cost,43.55555555555556
u7,u7,3,,,100,arms.ucsm_recent.roles.fragile.phantom_rate,0.7777777777777778
u7,u7,3,,,100,arms.ucsm_recent.roles.fragile.conflict_phantoms,17.0
u7,u7,3,,,100,arms.ucsm_recent.roles.robust.mean_cost,60.166666666666664
u7,u7,3,,,100,arms.ucsm_recent.roles.robust.phantom_rate,0.7777777777777778
u7,u7,3,,,100,arms.ucsm_recent.roles.robust.conflict_phantoms,17.0
u7,u7,3,,,100,arms.ucsm_recent.n_items,54.0
u7,u7,3,,,100,arms.ucsm_recent.bits,18692.0
u7,u7,4,,,100,battery,36.0
u7,u7,4,,,100,arms.raw.roles.fragile.mean_cost,50.80555555555556
u7,u7,4,,,100,arms.raw.roles.fragile.phantom_rate,0.5277777777777778
u7,u7,4,,,100,arms.raw.roles.fragile.conflict_phantoms,10.0
u7,u7,4,,,100,arms.raw.roles.robust.mean_cost,62.638888888888886
u7,u7,4,,,100,arms.raw.roles.robust.phantom_rate,0.5277777777777778
u7,u7,4,,,100,arms.raw.roles.robust.conflict_phantoms,10.0
u7,u7,4,,,100,arms.raw.n_items,100.0
u7,u7,4,,,100,arms.raw.bits,34666.0
u7,u7,4,,,100,arms.vector.roles.fragile.mean_cost,241.27777777777777
u7,u7,4,,,100,arms.vector.roles.fragile.phantom_rate,0.16666666666666666
u7,u7,4,,,100,arms.vector.roles.fragile.conflict_phantoms,4.0
u7,u7,4,,,100,arms.vector.roles.robust.mean_cost,224.36111111111111
u7,u7,4,,,100,arms.vector.roles.robust.phantom_rate,0.16666666666666666
u7,u7,4,,,100,arms.vector.roles.robust.conflict_phantoms,4.0
u7,u7,4,,,100,arms.vector.n_items,67.0
u7,u7,4,,,100,arms.vector.bits,22954.0
u7,u7,4,,,100,arms.rir.roles.fragile.mean_cost,257.3333333333333
u7,u7,4,,,100,arms.rir.roles.fragile.phantom_rate,0.05555555555555555
u7,u7,4,,,100,arms.rir.roles.fragile.conflict_phantoms,1.0
u7,u7,4,,,100,arms.rir.roles.robust.mean_cost,236.63888888888889
u7,u7,4,,,100,arms.rir.roles.robust.phantom_rate,0.05555555555555555
u7,u7,4,,,100,arms.rir.roles.robust.conflict_phantoms,1.0
u7,u7,4,,,100,arms.rir.n_items,100.0
u7,u7,4,,,100,arms.rir.bits,34666.0
u7,u7,4,,,100,arms.snapshot.roles.fragile.mean_cost,272.27777777777777
u7,u7,4,,,100,arms.snapshot.roles.fragile.phantom_rate,0.0
u7,u7,4,,,100,arms.snapshot.roles.fragile.conflict_phantoms,0.0
u7,u7,4,,,100,arms.snapshot.roles.robust.mean_cost,248.11111111111111
u7,u7,4,,,100,arms.snapshot.roles.robust.phantom_rate,0.0
u7,u7,4,,,100,arms.snapshot.roles.robust.conflict_phantoms,0.0
u7,u7,4,,,100,arms.snapshot.n_items,100.0
u7,u7,4,,,100,arms.snapshot.bits,517598.0
u7,u7,4,,,100,arms.utility.roles.fragile.mean_cost,58.416666666666664
u7,u7,4,,,100,arms.utility.roles.fragile.phantom_rate,0.6388888888888888
u7,u7,4,,,100,arms.utility.roles.fragile.conflict_phantoms,12.0
u7,u7,4,,,100,arms.utility.roles.robust.mean_cost,70.30555555555556
u7,u7,4,,,100,arms.utility.roles.robust.phantom_rate,0.6388888888888888
u7,u7,4,,,100,arms.utility.roles.robust.conflict_phantoms,12.0
u7,u7,4,,,100,arms.utility.n_items,56.0
u7,u7,4,,,100,arms.utility.bits,19310.0
u7,u7,4,,,100,arms.analogy.roles.fragile.mean_cost,62.75
u7,u7,4,,,100,arms.analogy.roles.fragile.phantom_rate,0.8333333333333334
u7,u7,4,,,100,arms.analogy.roles.fragile.conflict_phantoms,15.0
u7,u7,4,,,100,arms.analogy.roles.robust.mean_cost,79.44444444444444
u7,u7,4,,,100,arms.analogy.roles.robust.phantom_rate,0.8333333333333334
u7,u7,4,,,100,arms.analogy.roles.robust.conflict_phantoms,15.0
u7,u7,4,,,100,arms.analogy.n_items,56.0
u7,u7,4,,,100,arms.analogy.bits,19682.0
u7,u7,4,,,100,arms.ucsm.roles.fragile.mean_cost,71.80555555555556
u7,u7,4,,,100,arms.ucsm.roles.fragile.phantom_rate,0.8611111111111112
u7,u7,4,,,100,arms.ucsm.roles.fragile.conflict_phantoms,16.0
u7,u7,4,,,100,arms.ucsm.roles.robust.mean_cost,88.58333333333333
u7,u7,4,,,100,arms.ucsm.roles.robust.phantom_rate,0.8611111111111112
u7,u7,4,,,100,arms.ucsm.roles.robust.conflict_phantoms,16.0
u7,u7,4,,,100,arms.ucsm.n_items,51.0
u7,u7,4,,,100,arms.ucsm.bits,17520.0
u7,u7,4,,,100,arms.ucsm_recent.roles.fragile.mean_cost,59.27777777777778
u7,u7,4,,,100,arms.ucsm_recent.roles.fragile.phantom_rate,0.6388888888888888
u7,u7,4,,,100,arms.ucsm_recent.roles.fragile.conflict_phantoms,12.0
u7,u7,4,,,100,arms.ucsm_recent.roles.robust.mean_cost,70.58333333333333
u7,u7,4,,,100,arms.ucsm_recent.roles.robust.phantom_rate,0.6388888888888888
u7,u7,4,,,100,arms.ucsm_recent.roles.robust.conflict_phantoms,12.0
u7,u7,4,,,100,arms.ucsm_recent.n_items,51.0
u7,u7,4,,,100,arms.ucsm_recent.bits,17520.0
u7,u7,5,,,100,battery,36.0
u7,u7,5,,,100,arms.raw.roles.fragile.mean_cost,64.02777777777777
u7,u7,5,,,100,arms.raw.roles.fragile.phantom_rate,0.8055555555555556
u7,u7,5,,,100,arms.raw.roles.fragile.conflict_phantoms,14.0
u7,u7,5,,,100,arms.raw.roles.robust.mean_cost,81.16666666666667
u7,u7,5,,,100,arms.raw.roles.robust.phantom_rate,0.8055555555555556
u7,u7,5,,,100,arms.raw.roles.robust.conflict_phantoms,14.0
u7,u7,5,,,100,arms.raw.n_items,100.0
u7,u7,5,,,100,arms.raw.bits,32976.0
u7,u7,5,,,100,arms.vector.roles.fragile.mean_cost,226.75
u7,u7,5,,,100,arms.vector.roles.fragile.phantom_rate,0.3611111111111111
u7,u7,5,,,100,arms.vector.roles.fragile.conflict_phantoms,6.0
u7,u7,5,,,100,arms.vector.roles.robust.mean_cost,210.63888888888889
u7,u7,5,,,100,arms.vector.roles.robust.phantom_rate,0.3611111111111111
u7,u7,5,,,100,arms.vector.roles.robust.conflict_phantoms,6.0
u7,u7,5,,,100,arms.vector.n_items,67.0
u7,u7,5,,,100,arms.vector.bits,22104.0
u7,u7,5,,,100,arms.rir.roles.fragile.mean_cost,249.75
u7,u7,5,,,100,arms.rir.roles.fragile.phantom_rate,0.1388888888888889
u7,u7,5,,,100,arms.rir.roles.fragile.conflict_phantoms,2.0
u7,u7,5,,,100,arms.rir.roles.robust.mean_cost,228.52777777777777
u7,u7,5,,,100,arms.rir.roles.robust.phantom_rate,0.1388888888888889
u7,u7,5,,,100,arms.rir.roles.robust.conflict_phantoms,2.0
u7,u7,5,,,100,arms.rir.n_items,100.0
u7,u7,5,,,100,arms.rir.bits,32976.0
u7,u7,5,,,100,arms.snapshot.roles.fragile.mean_cost,272.97222222222223
u7,u7,5,,,100,arms.snapshot.roles.fragile.phantom_rate,0.0
u7,u7,5,,,100,arms.snapshot.roles.fragile.conflict_phantoms,0.0
u7,u7,5,,,100,arms.snapshot.roles.robust.mean_cost,249.5
u7,u7,5,,,100,arms.snapshot.roles.robust.phantom_rate,0.0
u7,u7,5,,,100,arms.snapshot.roles.robust.conflict_phantoms,0.0
u7,u7,5,,,100,arms.snapshot.n_items,100.0
u7,u7,5,,,100,arms.snapshot.bits,516986.0
u7,u7,5,,,100,arms.utility.roles.fragile.mean_cost,44.94444444444444
u7,u7,5,,,100,arms.utility.roles.fragile.phantom_rate,0.8055555555555556
u7,u7,5,,,100,arms.utility.roles.fragile.conflict_phantoms,13.0
u7,u7,5,,,100,arms.utility.roles.robust.mean_cost,66.16666666666667
u7,u7,5,,,100,arms.utility.roles.robust.phantom_rate,0.8055555555555556
u7,u7,5,,,100,arms.utility.roles.robust.conflict_phantoms,13.0
u7,u7,5,,,100,arms.utility.n_items,65.0
u7,u7,5,,,100,arms.utility.bits,21256.0
u7,u7,5,,,100,arms.analogy.roles.fragile.mean_cost,65.22222222222223
u7,u7,5,,,100,arms.analogy.roles.fragile.phantom_rate,0.8333333333333334
u7,u7,5,,,100,arms.analogy.roles.fragile.conflict_phantoms,13.0
u7,u7,5,,,100,arms.analogy.roles.robust.mean_cost,87.66666666666667
u7,u7,5,,,100,arms.analogy.roles.robust.phantom_rate,0.8333333333333334
u7,u7,5,,,100,arms.analogy.roles.robust.conflict_phantoms,13.0
u7,u7,5,,,100,arms.analogy.n_items,62.0
u7,u7,5,,,100,arms.analogy.bits,20480.0
u7,u7,5,,,100,arms.ucsm.roles.fragile.mean_cost,74.22222222222223
u7,u7,5,,,100,arms.ucsm.roles.fragile.phantom_rate,0.8333333333333334
u7,u7,5,,,100,arms.ucsm.roles.fragile.conflict_phantoms,12.0
u7,u7,5,,,100,arms.ucsm.roles.robust.mean_cost,99.69444444444444
u7,u7,5,,,100,arms.ucsm.roles.robust.phantom_rate,0.8333333333333334
u7,u7,5,,,100,arms.ucsm.roles.robust.conflict_phantoms,12.0
u7,u7,5,,,100,arms.ucsm.n_items,64.0
u7,u7,5,,,100,arms.ucsm.bits,20944.0
u7,u7,5,,,100,arms.ucsm_recent.roles.fragile.mean_cost,44.94444444444444
u7,u7,5,,,100,arms.ucsm_recent.roles.fragile.phantom_rate,0.8055555555555556
u7,u7,5,,,100,arms.ucsm_recent.roles.fragile.conflict_phantoms,13.0
u7,u7,5,,,100,arms.ucsm_recent.roles.robust.mean_cost,66.16666666666667
u7,u7,5,,,100,arms.ucsm_recent.roles.robust.phantom_rate,0.8055555555555556
u7,u7,5,,,100,arms.ucsm_recent.roles.robust.conflict_phantoms,13.0
u7,u7,5,,,100,arms.ucsm_recent.n_items,64.0
u7,u7,5,,,100,arms.ucsm_recent.bits,20944.0
u7,u7,6,,,100,battery,36.0
u7,u7,6,,,100,arms.raw.roles.fragile.mean_cost,44.583333333333336
u7,u7,6,,,100,arms.raw.roles.fragile.phantom_rate,0.6388888888888888
u7,u7,6,,,100,arms.raw.roles.fragile.conflict_phantoms,16.0
u7,u7,6,,,100,arms.raw.roles.robust.mean_cost,57.166666666666664
u7,u7,6,,,100,arms.raw.roles.robust.phantom_rate,0.6388888888888888
u7,u7,6,,,100,arms.raw.roles.robust.conflict_phantoms,16.0
u7,u7,6,,,100,arms.raw.n_items,100.0
u7,u7,6,,,100,arms.raw.bits,33122.0
u7,u7,6,,,100,arms.vector.roles.fragile.mean_cost,207.16666666666666
u7,u7,6,,,100,arms.vector.roles.fragile.phantom_rate,0.2777777777777778
u7,u7,6,,,100,arms.vector.roles.fragile.conflict_phantoms,6.0
u7,u7,6,,,100,arms.vector.roles.robust.mean_cost,190.58333333333334
u7,u7,6,,,100,arms.vector.roles.robust.phantom_rate,0.2777777777777778
u7,u7,6,,,100,arms.vector.roles.robust.conflict_phantoms,6.0
u7,u7,6,,,100,arms.vector.n_items,63.0
u7,u7,6,,,100,arms.vector.bits,20764.0
u7,u7,6,,,100,arms.rir.roles.fragile.mean_cost,205.33333333333334
u7,u7,6,,,100,arms.rir.roles.fragile.phantom_rate,0.1388888888888889
u7,u7,6,,,100,arms.rir.roles.fragile.conflict_phantoms,4.0
u7,u7,6,,,100,arms.rir.roles.robust.mean_cost,190.19444444444446
u7,u7,6,,,100,arms.rir.roles.robust.phantom_rate,0.1388888888888889
u7,u7,6,,,100,arms.rir.roles.robust.conflict_phantoms,4.0
u7,u7,6,,,100,arms.rir.n_items,100.0
u7,u7,6,,,100,arms.rir.bits,33122.0
u7,u7,6,,,100,arms.snapshot.roles.fragile.mean_cost,230.08333333333334
u7,u7,6,,,100,arms.snapshot.roles.fragile.phantom_rate,0.027777777777777776
u7,u7,6,,,100,arms.snapshot.roles.fragile.conflict_phantoms,1.0
u7,u7,6,,,100,arms.snapshot.roles.robust.mean_cost,209.02777777777777
u7,u7,6,,,100,arms.snapshot.roles.robust.phantom_rate,0.027777777777777776
u7,u7,6,,,100,arms.snapshot.roles.robust.conflict_phantoms,1.0
u7,u7,6,,,100,arms.snapshot.n_items,100.0
u7,u7,6,,,100,arms.snapshot.bits,521066.0
u7,u7,6,,,100,arms.utility.roles.fragile.mean_cost,48.638888888888886
u7,u7,6,,,100,arms.utility.roles.fragile.phantom_rate,0.6944444444444444
u7,u7,6,,,100,arms.utility.roles.fragile.conflict_phantoms,14.0
u7,u7,6,,,100,arms.utility.roles.robust.mean_cost,62.111111111111114
u7,u7,6,,,100,arms.utility.roles.robust.phantom_rate,0.6944444444444444
u7,u7,6,,,100,arms.utility.roles.robust.conflict_phantoms,14.0
u7,u7,6,,,100,arms.utility.n_items,60.0
u7,u7,6,,,100,arms.utility.bits,19874.0
u7,u7,6,,,100,arms.analogy.roles.fragile.mean_cost,52.77777777777778
u7,u7,6,,,100,arms.analogy.roles.fragile.phantom_rate,0.6944444444444444
u7,u7,6,,,100,arms.analogy.roles.fragile.conflict_phantoms,13.0
u7,u7,6,,,100,arms.analogy.roles.robust.mean_cost,67.69444444444444
u7,u7,6,,,100,arms.analogy.roles.robust.phantom_rate,0.6944444444444444
u7,u7,6,,,100,arms.analogy.roles.robust.conflict_phantoms,13.0
u7,u7,6,,,100,arms.analogy.n_items,48.0
u7,u7,6,,,100,arms.analogy.bits,15886.0
u7,u7,6,,,100,arms.ucsm.roles.fragile.mean_cost,60.27777777777778
u7,u7,6,,,100,arms.ucsm.roles.fragile.phantom_rate,0.7222222222222222
u7,u7,6,,,100,arms.ucsm.roles.fragile.conflict_phantoms,17.0
u7,u7,6,,,100,arms.ucsm.roles.robust.mean_cost,77.25
u7,u7,6,,,100,arms.ucsm.roles.robust.phantom_rate,0.7222222222222222
u7,u7,6,,,100,arms.ucsm.roles.robust.conflict_phantoms,17.0
u7,u7,6,,,100,arms.ucsm.n_items,57.0
u7,u7,6,,,100,arms.ucsm.bits,18950.0
u7,u7,6,,,100,arms.ucsm_recent.roles.fragile.mean_cost,50.583333333333336
u7,u7,6,,,100,arms.ucsm_recent.roles.fragile.phantom_rate,0.6944444444444444
u7,u7,6,,,100,arms.ucsm_recent.roles.fragile.conflict_phantoms,14.0
u7,u7,6,,,100,arms.ucsm_recent.roles.robust.mean_cost,63.75
u7,u7,6,,,100,arms.ucsm_recent.roles.robust.phantom_rate,0.6944444444444444
u7,u7,6,,,100,arms.ucsm_recent.roles.robust.conflict_phantoms,14.0
u7,u7,6,,,100,arms.ucsm_recent.n_items,57.0
u7,u7,6,,,100,arms.ucsm_recent.bits,18950.0
u7,u7,7,,,100,battery,36.0
u7,u7,7,,,100,arms.raw.roles.fragile.mean_cost,56.666666666666664
u7,u7,7,,,100,arms.raw.roles.fragile.phantom_rate,0.7222222222222222
u7,u7,7,,,100,arms.raw.roles.fragile.conflict_phantoms,14.0
u7,u7,7,,,100,arms.raw.roles.robust.mean_cost,74.77777777777777
u7,u7,7,,,100,arms.raw.roles.robust.phantom_rate,0.7222222222222222
u7,u7,7,,,100,arms.raw.roles.robust.conflict_phantoms,14.0
u7,u7,7,,,100,arms.raw.n_items,100.0
u7,u7,7,,,100,arms.raw.bits,33724.0
u7,u7,7,,,100,arms.vector.roles.fragile.mean_cost,224.27777777777777
u7,u7,7,,,100,arms.vector.roles.fragile.phantom_rate,0.2777777777777778
u7,u7,7,,,100,arms.vector.roles.fragile.conflict_phantoms,4.0
u7,u7,7,,,100,arms.vector.roles.robust.mean_cost,204.97222222222223
u7,u7,7,,,100,arms.vector.roles.robust.phantom_rate,0.2777777777777778
u7,u7,7,,,100,arms.vector.roles.robust.conflict_phantoms,4.0
u7,u7,7,,,100,arms.vector.n_items,69.0
u7,u7,7,,,100,arms.vector.bits,23178.0
u7,u7,7,,,100,arms.rir.roles.fragile.mean_cost,214.22222222222223
u7,u7,7,,,100,arms.rir.roles.fragile.phantom_rate,0.2222222222222222
u7,u7,7,,,100,arms.rir.roles.fragile.conflict_phantoms,5.0
u7,u7,7,,,100,arms.rir.roles.robust.mean_cost,199.25
u7,u7,7,,,100,arms.rir.roles.robust.phantom_rate,0.2222222222222222
u7,u7,7,,,100,arms.rir.roles.robust.conflict_phantoms,5.0
u7,u7,7,,,100,arms.rir.n_items,100.0
u7,u7,7,,,100,arms.rir.bits,33724.0
u7,u7,7,,,100,arms.snapshot.roles.fragile.mean_cost,250.19444444444446
u7,u7,7,,,100,arms.snapshot.roles.fragile.phantom_rate,0.05555555555555555
u7,u7,7,,,100,arms.snapshot.roles.fragile.conflict_phantoms,2.0
u7,u7,7,,,100,arms.snapshot.roles.robust.mean_cost,228.69444444444446
u7,u7,7,,,100,arms.snapshot.roles.robust.phantom_rate,0.05555555555555555
u7,u7,7,,,100,arms.snapshot.roles.robust.conflict_phantoms,2.0
u7,u7,7,,,100,arms.snapshot.n_items,100.0
u7,u7,7,,,100,arms.snapshot.bits,519950.0
u7,u7,7,,,100,arms.utility.roles.fragile.mean_cost,49.916666666666664
u7,u7,7,,,100,arms.utility.roles.fragile.phantom_rate,0.75
u7,u7,7,,,100,arms.utility.roles.fragile.conflict_phantoms,16.0
u7,u7,7,,,100,arms.utility.roles.robust.mean_cost,70.88888888888889
u7,u7,7,,,100,arms.utility.roles.robust.phantom_rate,0.75
u7,u7,7,,,100,arms.utility.roles.robust.conflict_phantoms,16.0
u7,u7,7,,,100,arms.utility.n_items,62.0
u7,u7,7,,,100,arms.utility.bits,21316.0
u7,u7,7,,,100,arms.analogy.roles.fragile.mean_cost,49.416666666666664
u7,u7,7,,,100,arms.analogy.roles.fragile.phantom_rate,0.8055555555555556
u7,u7,7,,,100,arms.analogy.roles.fragile.conflict_phantoms,14.0
u7,u7,7,,,100,arms.analogy.roles.robust.mean_cost,68.02777777777777
u7,u7,7,,,100,arms.analogy.roles.robust.phantom_rate,0.8055555555555556
u7,u7,7,,,100,arms.analogy.roles.robust.conflict_phantoms,14.0
u7,u7,7,,,100,arms.analogy.n_items,58.0
u7,u7,7,,,100,arms.analogy.bits,19716.0
u7,u7,7,,,100,arms.ucsm.roles.fragile.mean_cost,51.27777777777778
u7,u7,7,,,100,arms.ucsm.roles.fragile.phantom_rate,0.8055555555555556
u7,u7,7,,,100,arms.ucsm.roles.fragile.conflict_phantoms,14.0
u7,u7,7,,,100,arms.ucsm.roles.robust.mean_cost,70.72222222222223
u7,u7,7,,,100,arms.ucsm.roles.robust.phantom_rate,0.8055555555555556
u7,u7,7,,,100,arms.ucsm.roles.robust.conflict_phantoms,14.0
u7,u7,7,,,100,arms.ucsm.n_items,59.0
u7,u7,7,,,100,arms.ucsm.bits,20316.0
u7,u7,7,,,100,arms.ucsm_recent.roles.fragile.mean_cost,49.111111111111114
u7,u7,7,,,100,arms.ucsm_recent.roles.fragile.phantom_rate,0.75
u7,u7,7,,,100,arms.ucsm_recent.roles.fragile.conflict_phantoms,16.0
u7,u7,7,,,100,arms.ucsm_recent.roles.robust.mean_cost,69.91666666666667
u7,u7,7,,,100,arms.ucsm_recent.roles.robust.phantom_rate,0.75
u7,u7,7,,,100,arms.ucsm_recent.roles.robust.conflict_phantoms,16.0
u7,u7,7,,,100,arms.ucsm_recent.n_items,59.0
u7,u7,7,,,100,arms.ucsm_recent.bits,20316.0
u7,u7,0,,,1000,battery,36.0
u7,u7,0,,,1000,arms.raw.roles.fragile.mean_cost,126.91666666666667
u7,u7,0,,,1000,arms.raw.roles.fragile.phantom_rate,1.0
u7,u7,0,,,1000,arms.raw.roles.fragile.conflict_phantoms,22.0
u7,u7,0,,,1000,arms.raw.roles.robust.mean_cost,207.44444444444446
u7,u7,0,,,1000,arms.raw.roles.robust.phantom_rate,1.0
u7,u7,0,,,1000,arms.raw.roles.robust.conflict_phantoms,22.0
u7,u7,0,,,1000,arms.raw.n_items,1000.0
u7,u7,0,,,1000,arms.raw.bits,336744.0
u7,u7,0,,,1000,arms.vector.roles.fragile.mean_cost,277.1111111111111
u7,u7,0,,,1000,arms.vector.roles.fragile.phantom_rate,0.08333333333333333
u7,u7,0,,,1000,arms.vector.roles.fragile.conflict_phantoms,2.0
u7,u7,0,,,1000,arms.vector.roles.robust.mean_cost,254.58333333333334
u7,u7,0,,,1000,arms.vector.roles.robust.phantom_rate,0.08333333333333333
u7,u7,0,,,1000,arms.vector.roles.robust.conflict_phantoms,2.0
u7,u7,0,,,1000,arms.vector.n_items,530.0
u7,u7,0,,,1000,arms.vector.bits,175382.0
u7,u7,0,,,1000,arms.rir.roles.fragile.mean_cost,269.47222222222223
u7,u7,0,,,1000,arms.rir.roles.fragile.phantom_rate,0.16666666666666666
u7,u7,0,,,1000,arms.rir.roles.fragile.conflict_phantoms,2.0
u7,u7,0,,,1000,arms.rir.roles.robust.mean_cost,248.25
u7,u7,0,,,1000,arms.rir.roles.robust.phantom_rate,0.16666666666666666
u7,u7,0,,,1000,arms.rir.roles.robust.conflict_phantoms,2.0
u7,u7,0,,,1000,arms.rir.n_items,1000.0
u7,u7,0,,,1000,arms.rir.bits,336744.0
u7,u7,0,,,1000,arms.snapshot.roles.fragile.mean_cost,289.02777777777777
u7,u7,0,,,1000,arms.snapshot.roles.fragile.phantom_rate,0.0
u7,u7,0,,,1000,arms.snapshot.roles.fragile.conflict_phantoms,0.0
u7,u7,0,,,1000,arms.snapshot.roles.robust.mean_cost,263.0833333333333
u7,u7,0,,,1000,arms.snapshot.roles.robust.phantom_rate,0.0
u7,u7,0,,,1000,arms.snapshot.roles.robust.conflict_phantoms,0.0
u7,u7,0,,,1000,arms.snapshot.n_items,1000.0
u7,u7,0,,,1000,arms.snapshot.bits,5188418.0
u7,u7,0,,,1000,arms.utility.roles.fragile.mean_cost,129.66666666666666
u7,u7,0,,,1000,arms.utility.roles.fragile.phantom_rate,0.9722222222222222
u7,u7,0,,,1000,arms.utility.roles.fragile.conflict_phantoms,22.0
u7,u7,0,,,1000,arms.utility.roles.robust.mean_cost,201.83333333333334
u7,u7,0,,,1000,arms.utility.roles.robust.phantom_rate,0.9722222222222222
u7,u7,0,,,1000,arms.utility.roles.robust.conflict_phantoms,22.0
u7,u7,0,,,1000,arms.utility.n_items,445.0
u7,u7,0,,,1000,arms.utility.bits,150862.0
u7,u7,0,,,1000,arms.analogy.roles.fragile.mean_cost,91.72222222222223
u7,u7,0,,,1000,arms.analogy.roles.fragile.phantom_rate,0.8611111111111112
u7,u7,0,,,1000,arms.analogy.roles.fragile.conflict_phantoms,17.0
u7,u7,0,,,1000,arms.analogy.roles.robust.mean_cost,145.91666666666666
u7,u7,0,,,1000,arms.analogy.roles.robust.phantom_rate,0.8611111111111112
u7,u7,0,,,1000,arms.analogy.roles.robust.conflict_phantoms,17.0
u7,u7,0,,,1000,arms.analogy.n_items,488.0
u7,u7,0,,,1000,arms.analogy.bits,165260.0
u7,u7,0,,,1000,arms.ucsm.roles.fragile.mean_cost,103.91666666666667
u7,u7,0,,,1000,arms.ucsm.roles.fragile.phantom_rate,0.9444444444444444
u7,u7,0,,,1000,arms.ucsm.roles.fragile.conflict_phantoms,20.0
u7,u7,0,,,1000,arms.ucsm.roles.robust.mean_cost,164.41666666666666
u7,u7,0,,,1000,arms.ucsm.roles.robust.phantom_rate,0.9444444444444444
u7,u7,0,,,1000,arms.ucsm.roles.robust.conflict_phantoms,20.0
u7,u7,0,,,1000,arms.ucsm.n_items,420.0
u7,u7,0,,,1000,arms.ucsm.bits,142296.0
u7,u7,0,,,1000,arms.ucsm.bits_codebook,120300.0
u7,u7,0,,,1000,arms.ucsm_recent.roles.fragile.mean_cost,133.19444444444446
u7,u7,0,,,1000,arms.ucsm_recent.roles.fragile.phantom_rate,0.9722222222222222
u7,u7,0,,,1000,arms.ucsm_recent.roles.fragile.conflict_phantoms,22.0
u7,u7,0,,,1000,arms.ucsm_recent.roles.robust.mean_cost,205.05555555555554
u7,u7,0,,,1000,arms.ucsm_recent.roles.robust.phantom_rate,0.9722222222222222
u7,u7,0,,,1000,arms.ucsm_recent.roles.robust.conflict_phantoms,22.0
u7,u7,0,,,1000,arms.ucsm_recent.n_items,420.0
u7,u7,0,,,1000,arms.ucsm_recent.bits,142296.0
u7,u7,0,,,1000,arms.ucsm_recent.bits_codebook,120300.0
u7,u7,0,,,1000,arms.ucsm_stale.roles.fragile.mean_cost,131.55555555555554
u7,u7,0,,,1000,arms.ucsm_stale.roles.fragile.phantom_rate,0.9722222222222222
u7,u7,0,,,1000,arms.ucsm_stale.roles.fragile.conflict_phantoms,22.0
u7,u7,0,,,1000,arms.ucsm_stale.roles.robust.mean_cost,202.88888888888889
u7,u7,0,,,1000,arms.ucsm_stale.roles.robust.phantom_rate,0.9722222222222222
u7,u7,0,,,1000,arms.ucsm_stale.roles.robust.conflict_phantoms,22.0
u7,u7,0,,,1000,arms.ucsm_stale.n_items,420.0
u7,u7,0,,,1000,arms.ucsm_stale.bits,142296.0
u7,u7,0,,,1000,arms.ucsm_stale.bits_codebook,120300.0
u7,u7,1,,,1000,battery,36.0
u7,u7,1,,,1000,arms.raw.roles.fragile.mean_cost,140.19444444444446
u7,u7,1,,,1000,arms.raw.roles.fragile.phantom_rate,0.9444444444444444
u7,u7,1,,,1000,arms.raw.roles.fragile.conflict_phantoms,15.0
u7,u7,1,,,1000,arms.raw.roles.robust.mean_cost,208.13888888888889
u7,u7,1,,,1000,arms.raw.roles.robust.phantom_rate,0.9444444444444444
u7,u7,1,,,1000,arms.raw.roles.robust.conflict_phantoms,15.0
u7,u7,1,,,1000,arms.raw.n_items,1000.0
u7,u7,1,,,1000,arms.raw.bits,339476.0
u7,u7,1,,,1000,arms.vector.roles.fragile.mean_cost,211.16666666666666
u7,u7,1,,,1000,arms.vector.roles.fragile.phantom_rate,0.2777777777777778
u7,u7,1,,,1000,arms.vector.roles.fragile.conflict_phantoms,6.0
u7,u7,1,,,1000,arms.vector.roles.robust.mean_cost,199.83333333333334
u7,u7,1,,,1000,arms.vector.roles.robust.phantom_rate,0.2777777777777778
u7,u7,1,,,1000,arms.vector.roles.robust.conflict_phantoms,6.0
u7,u7,1,,,1000,arms.vector.n_items,557.0
u7,u7,1,,,1000,arms.vector.bits,187106.0
u7,u7,1,,,1000,arms.rir.roles.fragile.mean_cost,238.33333333333334
u7,u7,1,,,1000,arms.rir.roles.fragile.phantom_rate,0.19444444444444445
u7,u7,1,,,1000,arms.rir.roles.fragile.conflict_phantoms,5.0
u7,u7,1,,,1000,arms.rir.roles.robust.mean_cost,220.36111111111111
u7,u7,1,,,1000,arms.rir.roles.robust.phantom_rate,0.19444444444444445
u7,u7,1,,,1000,arms.rir.roles.robust.conflict_phantoms,5.0
u7,u7,1,,,1000,arms.rir.n_items,1000.0
u7,u7,1,,,1000,arms.rir.bits,339476.0
u7,u7,1,,,1000,arms.snapshot.roles.fragile.mean_cost,247.38888888888889
u7,u7,1,,,1000,arms.snapshot.roles.fragile.phantom_rate,0.0
u7,u7,1,,,1000,arms.snapshot.roles.fragile.conflict_phantoms,0.0
u7,u7,1,,,1000,arms.snapshot.roles.robust.mean_cost,227.72222222222223
u7,u7,1,,,1000,arms.snapshot.roles.robust.phantom_rate,0.0
u7,u7,1,,,1000,arms.snapshot.roles.robust.conflict_phantoms,0.0
u7,u7,1,,,1000,arms.snapshot.n_items,1000.0
u7,u7,1,,,1000,arms.snapshot.bits,5212898.0
u7,u7,1,,,1000,arms.utility.roles.fragile.mean_cost,140.22222222222223
u7,u7,1,,,1000,arms.utility.roles.fragile.phantom_rate,0.9722222222222222
u7,u7,1,,,1000,arms.utility.roles.fragile.conflict_phantoms,15.0
u7,u7,1,,,1000,arms.utility.roles.robust.mean_cost,204.41666666666666
u7,u7,1,,,1000,arms.utility.roles.robust.phantom_rate,0.9722222222222222
u7,u7,1,,,1000,arms.utility.roles.robust.conflict_phantoms,15.0
u7,u7,1,,,1000,arms.utility.n_items,476.0
u7,u7,1,,,1000,arms.utility.bits,162166.0
u7,u7,1,,,1000,arms.analogy.roles.fragile.mean_cost,172.25
u7,u7,1,,,1000,arms.analogy.roles.fragile.phantom_rate,0.9722222222222222
u7,u7,1,,,1000,arms.analogy.roles.fragile.conflict_phantoms,15.0
u7,u7,1,,,1000,arms.analogy.roles.robust.mean_cost,250.52777777777777
u7,u7,1,,,1000,arms.analogy.roles.robust.phantom_rate,0.9722222222222222
u7,u7,1,,,1000,arms.analogy.roles.robust.conflict_phantoms,15.0
u7,u7,1,,,1000,arms.analogy.n_items,535.0
u7,u7,1,,,1000,arms.analogy.bits,182406.0
u7,u7,1,,,1000,arms.ucsm.roles.fragile.mean_cost,157.94444444444446
u7,u7,1,,,1000,arms.ucsm.roles.fragile.phantom_rate,0.9444444444444444
u7,u7,1,,,1000,arms.ucsm.roles.fragile.conflict_phantoms,15.0
u7,u7,1,,,1000,arms.ucsm.roles.robust.mean_cost,231.83333333333334
u7,u7,1,,,1000,arms.ucsm.roles.robust.phantom_rate,0.9444444444444444
u7,u7,1,,,1000,arms.ucsm.roles.robust.conflict_phantoms,15.0
u7,u7,1,,,1000,arms.ucsm.n_items,449.0
u7,u7,1,,,1000,arms.ucsm.bits,153816.0
u7,u7,1,,,1000,arms.ucsm.bits_codebook,129266.0
u7,u7,1,,,1000,arms.ucsm_recent.roles.fragile.mean_cost,143.58333333333334
u7,u7,1,,,1000,arms.ucsm_recent.roles.fragile.phantom_rate,0.9722222222222222
u7,u7,1,,,1000,arms.ucsm_recent.roles.fragile.conflict_phantoms,15.0
u7,u7,1,,,1000,arms.ucsm_recent.roles.robust.mean_cost,209.97222222222223
u7,u7,1,,,1000,arms.ucsm_recent.roles.robust.phantom_rate,0.9722222222222222
u7,u7,1,,,1000,arms.ucsm_recent.roles.robust.conflict_phantoms,15.0
u7,u7,1,,,1000,arms.ucsm_recent.n_items,449.0
u7,u7,1,,,1000,arms.ucsm_recent.bits,153816.0
u7,u7,1,,,1000,arms.ucsm_recent.bits_codebook,129266.0
u7,u7,1,,,1000,arms.ucsm_stale.roles.fragile.mean_cost,145.08333333333334
u7,u7,1,,,1000,arms.ucsm_stale.roles.fragile.phantom_rate,0.9722222222222222
u7,u7,1,,,1000,arms.ucsm_stale.roles.fragile.conflict_phantoms,15.0
u7,u7,1,,,1000,arms.ucsm_stale.roles.robust.mean_cost,213.0
u7,u7,1,,,1000,arms.ucsm_stale.roles.robust.phantom_rate,0.9722222222222222
u7,u7,1,,,1000,arms.ucsm_stale.roles.robust.conflict_phantoms,15.0
u7,u7,1,,,1000,arms.ucsm_stale.n_items,449.0
u7,u7,1,,,1000,arms.ucsm_stale.bits,153816.0
u7,u7,1,,,1000,arms.ucsm_stale.bits_codebook,129266.0
u7,u7,2,,,1000,battery,36.0
u7,u7,2,,,1000,arms.raw.roles.fragile.mean_cost,158.0
u7,u7,2,,,1000,arms.raw.roles.fragile.phantom_rate,0.9722222222222222
u7,u7,2,,,1000,arms.raw.roles.fragile.conflict_phantoms,23.0
u7,u7,2,,,1000,arms.raw.roles.robust.mean_cost,228.16666666666666
u7,u7,2,,,1000,arms.raw.roles.robust.phantom_rate,0.9722222222222222
u7,u7,2,,,1000,arms.raw.roles.robust.conflict_phantoms,23.0
u7,u7,2,,,1000,arms.raw.n_items,1000.0
u7,u7,2,,,1000,arms.raw.bits,341258.0
u7,u7,2,,,1000,arms.vector.roles.fragile.mean_cost,245.66666666666666
u7,u7,2,,,1000,arms.vector.roles.fragile.phantom_rate,0.19444444444444445
u7,u7,2,,,1000,arms.vector.roles.fragile.conflict_phantoms,5.0
u7,u7,2,,,1000,arms.vector.roles.robust.mean_cost,224.11111111111111
u7,u7,2,,,1000,arms.vector.roles.robust.phantom_rate,0.19444444444444445
u7,u7,2,,,1000,arms.vector.roles.robust.conflict_phantoms,5.0
u7,u7,2,,,1000,arms.vector.n_items,541.0
u7,u7,2,,,1000,arms.vector.bits,181400.0
u7,u7,2,,,1000,arms.rir.roles.fragile.mean_cost,278.69444444444446
u7,u7,2,,,1000,arms.rir.roles.fragile.phantom_rate,0.027777777777777776
u7,u7,2,,,1000,arms.rir.roles.fragile.conflict_phantoms,1.0
u7,u7,2,,,1000,arms.rir.roles.robust.mean_cost,250.72222222222223
u7,u7,2,,,1000,arms.rir.roles.robust.phantom_rate,0.027777777777777776
u7,u7,2,,,1000,arms.rir.roles.robust.conflict_phantoms,1.0
u7,u7,2,,,1000,arms.rir.n_items,1000.0
u7,u7,2,,,1000,arms.rir.bits,341258.0
u7,u7,2,,,1000,arms.snapshot.roles.fragile.mean_cost,279.8888888888889
u7,u7,2,,,1000,arms.snapshot.roles.fragile.phantom_rate,0.0
u7,u7,2,,,1000,arms.snapshot.roles.fragile.conflict_phantoms,0.0
u7,u7,2,,,1000,arms.snapshot.roles.robust.mean_cost,251.19444444444446
u7,u7,2,,,1000,arms.snapshot.roles.robust.phantom_rate,0.0
u7,u7,2,,,1000,arms.snapshot.roles.robust.conflict_phantoms,0.0
u7,u7,2,,,1000,arms.snapshot.n_items,1000.0
u7,u7,2,,,1000,arms.snapshot.bits,5214596.0
u7,u7,2,,,1000,arms.utility.roles.fragile.mean_cost,135.66666666666666
u7,u7,2,,,1000,arms.utility.roles.fragile.phantom_rate,0.9444444444444444
u7,u7,2,,,1000,arms.utility.roles.fragile.conflict_phantoms,23.0
u7,u7,2,,,1000,arms.utility.roles.robust.mean_cost,200.08333333333334
u7,u7,2,,,1000,arms.utility.roles.robust.phantom_rate,0.9444444444444444
u7,u7,2,,,1000,arms.utility.roles.robust.conflict_phantoms,23.0
u7,u7,2,,,1000,arms.utility.n_items,467.0
u7,u7,2,,,1000,arms.utility.bits,160956.0
u7,u7,2,,,1000,arms.analogy.roles.fragile.mean_cost,151.08333333333334
u7,u7,2,,,1000,arms.analogy.roles.fragile.phantom_rate,1.0
u7,u7,2,,,1000,arms.analogy.roles.fragile.conflict_phantoms,24.0
u7,u7,2,,,1000,arms.analogy.roles.robust.mean_cost,226.05555555555554
u7,u7,2,,,1000,arms.analogy.roles.robust.phantom_rate,1.0
u7,u7,2,,,1000,arms.analogy.roles.robust.conflict_phantoms,24.0
u7,u7,2,,,1000,arms.analogy.n_items,505.0
u7,u7,2,,,1000,arms.analogy.bits,172940.0
u7,u7,2,,,1000,arms.ucsm.roles.fragile.mean_cost,145.80555555555554
u7,u7,2,,,1000,arms.ucsm.roles.fragile.phantom_rate,1.0
u7,u7,2,,,1000,arms.ucsm.roles.fragile.conflict_phantoms,24.0
u7,u7,2,,,1000,arms.ucsm.roles.robust.mean_cost,217.47222222222223
u7,u7,2,,,1000,arms.ucsm.roles.robust.phantom_rate,1.0
u7,u7,2,,,1000,arms.ucsm.roles.robust.conflict_phantoms,24.0
u7,u7,2,,,1000,arms.ucsm.n_items,434.0
u7,u7,2,,,1000,arms.ucsm.bits,149500.0
u7,u7,2,,,1000,arms.ucsm.bits_codebook,126660.0
u7,u7,2,,,1000,arms.ucsm_recent.roles.fragile.mean_cost,133.72222222222223
u7,u7,2,,,1000,arms.ucsm_recent.roles.fragile.phantom_rate,0.9444444444444444
u7,u7,2,,,1000,arms.ucsm_recent.roles.fragile.conflict_phantoms,23.0
u7,u7,2,,,1000,arms.ucsm_recent.roles.robust.mean_cost,192.33333333333334
u7,u7,2,,,1000,arms.ucsm_recent.roles.robust.phantom_rate,0.9444444444444444
u7,u7,2,,,1000,arms.ucsm_recent.roles.robust.conflict_phantoms,23.0
u7,u7,2,,,1000,arms.ucsm_recent.n_items,434.0
u7,u7,2,,,1000,arms.ucsm_recent.bits,149500.0
u7,u7,2,,,1000,arms.ucsm_recent.bits_codebook,126660.0
u7,u7,2,,,1000,arms.ucsm_stale.roles.fragile.mean_cost,125.33333333333333
u7,u7,2,,,1000,arms.ucsm_stale.roles.fragile.phantom_rate,0.9166666666666666
u7,u7,2,,,1000,arms.ucsm_stale.roles.fragile.conflict_phantoms,22.0
u7,u7,2,,,1000,arms.ucsm_stale.roles.robust.mean_cost,182.86111111111111
u7,u7,2,,,1000,arms.ucsm_stale.roles.robust.phantom_rate,0.9166666666666666
u7,u7,2,,,1000,arms.ucsm_stale.roles.robust.conflict_phantoms,22.0
u7,u7,2,,,1000,arms.ucsm_stale.n_items,434.0
u7,u7,2,,,1000,arms.ucsm_stale.bits,149500.0
u7,u7,2,,,1000,arms.ucsm_stale.bits_codebook,126660.0
u7,u7,3,,,1000,battery,36.0
u7,u7,3,,,1000,arms.raw.roles.fragile.mean_cost,144.13888888888889
u7,u7,3,,,1000,arms.raw.roles.fragile.phantom_rate,1.0
u7,u7,3,,,1000,arms.raw.roles.fragile.conflict_phantoms,14.0
u7,u7,3,,,1000,arms.raw.roles.robust.mean_cost,218.36111111111111
u7,u7,3,,,1000,arms.raw.roles.robust.phantom_rate,1.0
u7,u7,3,,,1000,arms.raw.roles.robust.conflict_phantoms,14.0
u7,u7,3,,,1000,arms.raw.n_items,1000.0
u7,u7,3,,,1000,arms.raw.bits,339172.0
u7,u7,3,,,1000,arms.vector.roles.fragile.mean_cost,221.88888888888889
u7,u7,3,,,1000,arms.vector.roles.fragile.phantom_rate,0.25
u7,u7,3,,,1000,arms.vector.roles.fragile.conflict_phantoms,4.0
u7,u7,3,,,1000,arms.vector.roles.robust.mean_cost,206.69444444444446
u7,u7,3,,,1000,arms.vector.roles.robust.phantom_rate,0.25
u7,u7,3,,,1000,arms.vector.roles.robust.conflict_phantoms,4.0
u7,u7,3,,,1000,arms.vector.n_items,566.0
u7,u7,3,,,1000,arms.vector.bits,188492.0
u7,u7,3,,,1000,arms.rir.roles.fragile.mean_cost,264.47222222222223
u7,u7,3,,,1000,arms.rir.roles.fragile.phantom_rate,0.08333333333333333
u7,u7,3,,,1000,arms.rir.roles.fragile.conflict_phantoms,3.0
u7,u7,3,,,1000,arms.rir.roles.robust.mean_cost,238.88888888888889
u7,u7,3,,,1000,arms.rir.roles.robust.phantom_rate,0.08333333333333333
u7,u7,3,,,1000,arms.rir.roles.robust.conflict_phantoms,3.0
u7,u7,3,,,1000,arms.rir.n_items,1000.0
u7,u7,3,,,1000,arms.rir.bits,339172.0
u7,u7,3,,,1000,arms.snapshot.roles.fragile.mean_cost,261.27777777777777
u7,u7,3,,,1000,arms.snapshot.roles.fragile.phantom_rate,0.05555555555555555
u7,u7,3,,,1000,arms.snapshot.roles.fragile.conflict_phantoms,0.0
u7,u7,3,,,1000,arms.snapshot.roles.robust.mean_cost,237.61111111111111
u7,u7,3,,,1000,arms.snapshot.roles.robust.phantom_rate,0.05555555555555555
u7,u7,3,,,1000,arms.snapshot.roles.robust.conflict_phantoms,0.0
u7,u7,3,,,1000,arms.snapshot.n_items,1000.0
u7,u7,3,,,1000,arms.snapshot.bits,5199116.0
u7,u7,3,,,1000,arms.utility.roles.fragile.mean_cost,139.97222222222223
u7,u7,3,,,1000,arms.utility.roles.fragile.phantom_rate,0.9722222222222222
u7,u7,3,,,1000,arms.utility.roles.fragile.conflict_phantoms,14.0
u7,u7,3,,,1000,arms.utility.roles.robust.mean_cost,209.91666666666666
u7,u7,3,,,1000,arms.utility.roles.robust.phantom_rate,0.9722222222222222
u7,u7,3,,,1000,arms.utility.roles.robust.conflict_phantoms,14.0
u7,u7,3,,,1000,arms.utility.n_items,483.0
u7,u7,3,,,1000,arms.utility.bits,164210.0
u7,u7,3,,,1000,arms.analogy.roles.fragile.mean_cost,153.63888888888889
u7,u7,3,,,1000,arms.analogy.roles.fragile.phantom_rate,0.9166666666666666
u7,u7,3,,,1000,arms.analogy.roles.fragile.conflict_phantoms,12.0
u7,u7,3,,,1000,arms.analogy.roles.robust.mean_cost,223.02777777777777
u7,u7,3,,,1000,arms.analogy.roles.robust.phantom_rate,0.9166666666666666
u7,u7,3,,,1000,arms.analogy.roles.robust.conflict_phantoms,12.0
u7,u7,3,,,1000,arms.analogy.n_items,526.0
u7,u7,3,,,1000,arms.analogy.bits,179710.0
u7,u7,3,,,1000,arms.ucsm.roles.fragile.mean_cost,150.91666666666666
u7,u7,3,,,1000,arms.ucsm.roles.fragile.phantom_rate,0.9444444444444444
u7,u7,3,,,1000,arms.ucsm.roles.fragile.conflict_phantoms,12.0
u7,u7,3,,,1000,arms.ucsm.roles.robust.mean_cost,219.44444444444446
u7,u7,3,,,1000,arms.ucsm.roles.robust.phantom_rate,0.9444444444444444
u7,u7,3,,,1000,arms.ucsm.roles.robust.conflict_phantoms,12.0
u7,u7,3,,,1000,arms.ucsm.n_items,456.0
u7,u7,3,,,1000,arms.ucsm.bits,155380.0
u7,u7,3,,,1000,arms.ucsm.bits_codebook,131126.0
u7,u7,3,,,1000,arms.ucsm_recent.roles.fragile.mean_cost,142.33333333333334
u7,u7,3,,,1000,arms.ucsm_recent.roles.fragile.phantom_rate,0.9722222222222222
u7,u7,3,,,1000,arms.ucsm_recent.roles.fragile.conflict_phantoms,14.0
u7,u7,3,,,1000,arms.ucsm_recent.roles.robust.mean_cost,212.63888888888889
u7,u7,3,,,1000,arms.ucsm_recent.roles.robust.phantom_rate,0.9722222222222222
u7,u7,3,,,1000,arms.ucsm_recent.roles.robust.conflict_phantoms,14.0
u7,u7,3,,,1000,arms.ucsm_recent.n_items,456.0
u7,u7,3,,,1000,arms.ucsm_recent.bits,155380.0
u7,u7,3,,,1000,arms.ucsm_recent.bits_codebook,131126.0
u7,u7,3,,,1000,arms.ucsm_stale.roles.fragile.mean_cost,138.05555555555554
u7,u7,3,,,1000,arms.ucsm_stale.roles.fragile.phantom_rate,0.9722222222222222
u7,u7,3,,,1000,arms.ucsm_stale.roles.fragile.conflict_phantoms,14.0
u7,u7,3,,,1000,arms.ucsm_stale.roles.robust.mean_cost,210.52777777777777
u7,u7,3,,,1000,arms.ucsm_stale.roles.robust.phantom_rate,0.9722222222222222
u7,u7,3,,,1000,arms.ucsm_stale.roles.robust.conflict_phantoms,14.0
u7,u7,3,,,1000,arms.ucsm_stale.n_items,456.0
u7,u7,3,,,1000,arms.ucsm_stale.bits,155380.0
u7,u7,3,,,1000,arms.ucsm_stale.bits_codebook,131126.0
u7,u7,4,,,1000,battery,36.0
u7,u7,4,,,1000,arms.raw.roles.fragile.mean_cost,147.05555555555554
u7,u7,4,,,1000,arms.raw.roles.fragile.phantom_rate,0.9444444444444444
u7,u7,4,,,1000,arms.raw.roles.fragile.conflict_phantoms,12.0
u7,u7,4,,,1000,arms.raw.roles.robust.mean_cost,221.36111111111111
u7,u7,4,,,1000,arms.raw.roles.robust.phantom_rate,0.9444444444444444
u7,u7,4,,,1000,arms.raw.roles.robust.conflict_phantoms,12.0
u7,u7,4,,,1000,arms.raw.n_items,1000.0
u7,u7,4,,,1000,arms.raw.bits,345328.0
u7,u7,4,,,1000,arms.vector.roles.fragile.mean_cost,244.91666666666666
u7,u7,4,,,1000,arms.vector.roles.fragile.phantom_rate,0.2222222222222222
u7,u7,4,,,1000,arms.vector.roles.fragile.conflict_phantoms,2.0
u7,u7,4,,,1000,arms.vector.roles.robust.mean_cost,221.41666666666666
u7,u7,4,,,1000,arms.vector.roles.robust.phantom_rate,0.2222222222222222
u7,u7,4,,,1000,arms.vector.roles.robust.conflict_phantoms,2.0
u7,u7,4,,,1000,arms.vector.n_items,549.0
u7,u7,4,,,1000,arms.vector.bits,185794.0
u7,u7,4,,,1000,arms.rir.roles.fragile.mean_cost,248.30555555555554
u7,u7,4,,,1000,arms.rir.roles.fragile.phantom_rate,0.19444444444444445
u7,u7,4,,,1000,arms.rir.roles.fragile.conflict_phantoms,1.0
u7,u7,4,,,1000,arms.rir.roles.robust.mean_cost,225.0
u7,u7,4,,,1000,arms.rir.roles.robust.phantom_rate,0.19444444444444445
u7,u7,4,,,1000,arms.rir.roles.robust.conflict_phantoms,1.0
u7,u7,4,,,1000,arms.rir.n_items,1000.0
u7,u7,4,,,1000,arms.rir.bits,345328.0
u7,u7,4,,,1000,arms.snapshot.roles.fragile.mean_cost,284.30555555555554
u7,u7,4,,,1000,arms.snapshot.roles.fragile.phantom_rate,0.0
u7,u7,4,,,1000,arms.snapshot.roles.fragile.conflict_phantoms,0.0
u7,u7,4,,,1000,arms.snapshot.roles.robust.mean_cost,256.19444444444446
u7,u7,4,,,1000,arms.snapshot.roles.robust.phantom_rate,0.0
u7,u7,4,,,1000,arms.snapshot.roles.robust.conflict_phantoms,0.0
u7,u7,4,,,1000,arms.snapshot.n_items,1000.0
u7,u7,4,,,1000,arms.snapshot.bits,5203400.0
u7,u7,4,,,1000,arms.utility.roles.fragile.mean_cost,165.33333333333334
u7,u7,4,,,1000,arms.utility.roles.fragile.phantom_rate,0.9444444444444444
u7,u7,4,,,1000,arms.utility.roles.fragile.conflict_phantoms,10.0
u7,u7,4,,,1000,arms.utility.roles.robust.mean_cost,232.52777777777777
u7,u7,4,,,1000,arms.utility.roles.robust.phantom_rate,0.9444444444444444
u7,u7,4,,,1000,arms.utility.roles.robust.conflict_phantoms,10.0
u7,u7,4,,,1000,arms.utility.n_items,484.0
u7,u7,4,,,1000,arms.utility.bits,167618.0
u7,u7,4,,,1000,arms.analogy.roles.fragile.mean_cost,170.61111111111111
u7,u7,4,,,1000,arms.analogy.roles.fragile.phantom_rate,0.9722222222222222
u7,u7,4,,,1000,arms.analogy.roles.fragile.conflict_phantoms,12.0
u7,u7,4,,,1000,arms.analogy.roles.robust.mean_cost,254.58333333333334
u7,u7,4,,,1000,arms.analogy.roles.robust.phantom_rate,0.9722222222222222
u7,u7,4,,,1000,arms.analogy.roles.robust.conflict_phantoms,12.0
u7,u7,4,,,1000,arms.analogy.n_items,527.0
u7,u7,4,,,1000,arms.analogy.bits,181638.0
u7,u7,4,,,1000,arms.ucsm.roles.fragile.mean_cost,172.80555555555554
u7,u7,4,,,1000,arms.ucsm.roles.fragile.phantom_rate,0.9444444444444444
u7,u7,4,,,1000,arms.ucsm.roles.fragile.conflict_phantoms,12.0
u7,u7,4,,,1000,arms.ucsm.roles.robust.mean_cost,256.3333333333333
u7,u7,4,,,1000,arms.ucsm.roles.robust.phantom_rate,0.9444444444444444
u7,u7,4,,,1000,arms.ucsm.roles.robust.conflict_phantoms,12.0
u7,u7,4,,,1000,arms.ucsm.n_items,461.0
u7,u7,4,,,1000,arms.ucsm.bits,159678.0
u7,u7,4,,,1000,arms.ucsm.bits_codebook,134880.0
u7,u7,4,,,1000,arms.ucsm_recent.roles.fragile.mean_cost,168.97222222222223
u7,u7,4,,,1000,arms.ucsm_recent.roles.fragile.phantom_rate,0.9722222222222222
u7,u7,4,,,1000,arms.ucsm_recent.roles.fragile.conflict_phantoms,11.0
u7,u7,4,,,1000,arms.ucsm_recent.roles.robust.mean_cost,237.58333333333334
u7,u7,4,,,1000,arms.ucsm_recent.roles.robust.phantom_rate,0.9722222222222222
u7,u7,4,,,1000,arms.ucsm_recent.roles.robust.conflict_phantoms,11.0
u7,u7,4,,,1000,arms.ucsm_recent.n_items,461.0
u7,u7,4,,,1000,arms.ucsm_recent.bits,159678.0
u7,u7,4,,,1000,arms.ucsm_recent.bits_codebook,134880.0
u7,u7,4,,,1000,arms.ucsm_stale.roles.fragile.mean_cost,160.13888888888889
u7,u7,4,,,1000,arms.ucsm_stale.roles.fragile.phantom_rate,0.9722222222222222
u7,u7,4,,,1000,arms.ucsm_stale.roles.fragile.conflict_phantoms,11.0
u7,u7,4,,,1000,arms.ucsm_stale.roles.robust.mean_cost,227.94444444444446
u7,u7,4,,,1000,arms.ucsm_stale.roles.robust.phantom_rate,0.9722222222222222
u7,u7,4,,,1000,arms.ucsm_stale.roles.robust.conflict_phantoms,11.0
u7,u7,4,,,1000,arms.ucsm_stale.n_items,461.0
u7,u7,4,,,1000,arms.ucsm_stale.bits,159678.0
u7,u7,4,,,1000,arms.ucsm_stale.bits_codebook,134880.0
u7,u7,5,,,1000,battery,36.0
u7,u7,5,,,1000,arms.raw.roles.fragile.mean_cost,155.22222222222223
u7,u7,5,,,1000,arms.raw.roles.fragile.phantom_rate,0.9166666666666666
u7,u7,5,,,1000,arms.raw.roles.fragile.conflict_phantoms,19.0
u7,u7,5,,,1000,arms.raw.roles.robust.mean_cost,233.11111111111111
u7,u7,5,,,1000,arms.raw.roles.robust.phantom_rate,0.9166666666666666
u7,u7,5,,,1000,arms.raw.roles.robust.conflict_phantoms,19.0
u7,u7,5,,,1000,arms.raw.n_items,1000.0
u7,u7,5,,,1000,arms.raw.bits,335186.0
u7,u7,5,,,1000,arms.vector.roles.fragile.mean_cost,210.08333333333334
u7,u7,5,,,1000,arms.vector.roles.fragile.phantom_rate,0.3611111111111111
u7,u7,5,,,1000,arms.vector.roles.fragile.conflict_phantoms,9.0
u7,u7,5,,,1000,arms.vector.roles.robust.mean_cost,195.72222222222223
u7,u7,5,,,1000,arms.vector.roles.robust.phantom_rate,0.3611111111111111
u7,u7,5,,,1000,arms.vector.roles.robust.conflict_phantoms,9.0
u7,u7,5,,,1000,arms.vector.n_items,578.0
u7,u7,5,,,1000,arms.vector.bits,190668.0
u7,u7,5,,,1000,arms.rir.roles.fragile.mean_cost,243.80555555555554
u7,u7,5,,,1000,arms.rir.roles.fragile.phantom_rate,0.16666666666666666
u7,u7,5,,,1000,arms.rir.roles.fragile.conflict_phantoms,4.0
u7,u7,5,,,1000,arms.rir.roles.robust.mean_cost,225.38888888888889
u7,u7,5,,,1000,arms.rir.roles.robust.phantom_rate,0.16666666666666666
u7,u7,5,,,1000,arms.rir.roles.robust.conflict_phantoms,4.0
u7,u7,5,,,1000,arms.rir.n_items,1000.0
u7,u7,5,,,1000,arms.rir.bits,335186.0
u7,u7,5,,,1000,arms.snapshot.roles.fragile.mean_cost,271.44444444444446
u7,u7,5,,,1000,arms.snapshot.roles.fragile.phantom_rate,0.027777777777777776
u7,u7,5,,,1000,arms.snapshot.roles.fragile.conflict_phantoms,0.0
u7,u7,5,,,1000,arms.snapshot.roles.robust.mean_cost,246.44444444444446
u7,u7,5,,,1000,arms.snapshot.roles.robust.phantom_rate,0.027777777777777776
u7,u7,5,,,1000,arms.snapshot.roles.robust.conflict_phantoms,0.0
u7,u7,5,,,1000,arms.snapshot.n_items,1000.0
u7,u7,5,,,1000,arms.snapshot.bits,5186972.0
u7,u7,5,,,1000,arms.utility.roles.fragile.mean_cost,168.11111111111111
u7,u7,5,,,1000,arms.utility.roles.fragile.phantom_rate,0.9722222222222222
u7,u7,5,,,1000,arms.utility.roles.fragile.conflict_phantoms,18.0
u7,u7,5,,,1000,arms.utility.roles.robust.mean_cost,263.5833333333333
u7,u7,5,,,1000,arms.utility.roles.robust.phantom_rate,0.9722222222222222
u7,u7,5,,,1000,arms.utility.roles.robust.conflict_phantoms,18.0
u7,u7,5,,,1000,arms.utility.n_items,503.0
u7,u7,5,,,1000,arms.utility.bits,168742.0
u7,u7,5,,,1000,arms.analogy.roles.fragile.mean_cost,125.38888888888889
u7,u7,5,,,1000,arms.analogy.roles.fragile.phantom_rate,0.9444444444444444
u7,u7,5,,,1000,arms.analogy.roles.fragile.conflict_phantoms,18.0
u7,u7,5,,,1000,arms.analogy.roles.robust.mean_cost,192.63888888888889
u7,u7,5,,,1000,arms.analogy.roles.robust.phantom_rate,0.9444444444444444
u7,u7,5,,,1000,arms.analogy.roles.robust.conflict_phantoms,18.0
u7,u7,5,,,1000,arms.analogy.n_items,541.0
u7,u7,5,,,1000,arms.analogy.bits,183512.0
u7,u7,5,,,1000,arms.ucsm.roles.fragile.mean_cost,141.94444444444446
u7,u7,5,,,1000,arms.ucsm.roles.fragile.phantom_rate,0.9166666666666666
u7,u7,5,,,1000,arms.ucsm.roles.fragile.conflict_phantoms,17.0
u7,u7,5,,,1000,arms.ucsm.roles.robust.mean_cost,216.86111111111111
u7,u7,5,,,1000,arms.ucsm.roles.robust.phantom_rate,0.9166666666666666
u7,u7,5,,,1000,arms.ucsm.roles.robust.conflict_phantoms,17.0
u7,u7,5,,,1000,arms.ucsm.n_items,480.0
u7,u7,5,,,1000,arms.ucsm.bits,161510.0
u7,u7,5,,,1000,arms.ucsm.bits_codebook,134528.0
u7,u7,5,,,1000,arms.ucsm_recent.roles.fragile.mean_cost,152.33333333333334
u7,u7,5,,,1000,arms.ucsm_recent.roles.fragile.phantom_rate,0.9444444444444444
u7,u7,5,,,1000,arms.ucsm_recent.roles.fragile.conflict_phantoms,17.0
u7,u7,5,,,1000,arms.ucsm_recent.roles.robust.mean_cost,242.44444444444446
u7,u7,5,,,1000,arms.ucsm_recent.roles.robust.phantom_rate,0.9444444444444444
u7,u7,5,,,1000,arms.ucsm_recent.roles.robust.conflict_phantoms,17.0
u7,u7,5,,,1000,arms.ucsm_recent.n_items,480.0
u7,u7,5,,,1000,arms.ucsm_recent.bits,161510.0
u7,u7,5,,,1000,arms.ucsm_recent.bits_codebook,134528.0
u7,u7,5,,,1000,arms.ucsm_stale.roles.fragile.mean_cost,149.75
u7,u7,5,,,1000,arms.ucsm_stale.roles.fragile.phantom_rate,0.9444444444444444
u7,u7,5,,,1000,arms.ucsm_stale.roles.fragile.conflict_phantoms,17.0
u7,u7,5,,,1000,arms.ucsm_stale.roles.robust.mean_cost,239.30555555555554
u7,u7,5,,,1000,arms.ucsm_stale.roles.robust.phantom_rate,0.9444444444444444
u7,u7,5,,,1000,arms.ucsm_stale.roles.robust.conflict_phantoms,17.0
u7,u7,5,,,1000,arms.ucsm_stale.n_items,480.0
u7,u7,5,,,1000,arms.ucsm_stale.bits,161510.0
u7,u7,5,,,1000,arms.ucsm_stale.bits_codebook,134528.0
u7,u7,6,,,1000,battery,36.0
u7,u7,6,,,1000,arms.raw.roles.fragile.mean_cost,111.75
u7,u7,6,,,1000,arms.raw.roles.fragile.phantom_rate,0.9444444444444444
u7,u7,6,,,1000,arms.raw.roles.fragile.conflict_phantoms,13.0
u7,u7,6,,,1000,arms.raw.roles.robust.mean_cost,172.41666666666666
u7,u7,6,,,1000,arms.raw.roles.robust.phantom_rate,0.9444444444444444
u7,u7,6,,,1000,arms.raw.roles.robust.conflict_phantoms,13.0
u7,u7,6,,,1000,arms.raw.n_items,1000.0
u7,u7,6,,,1000,arms.raw.bits,338470.0
u7,u7,6,,,1000,arms.vector.roles.fragile.mean_cost,236.0
u7,u7,6,,,1000,arms.vector.roles.fragile.phantom_rate,0.3055555555555556
u7,u7,6,,,1000,arms.vector.roles.fragile.conflict_phantoms,3.0
u7,u7,6,,,1000,arms.vector.roles.robust.mean_cost,217.63888888888889
u7,u7,6,,,1000,arms.vector.roles.robust.phantom_rate,0.3055555555555556
u7,u7,6,,,1000,arms.vector.roles.robust.conflict_phantoms,3.0
u7,u7,6,,,1000,arms.vector.n_items,563.0
u7,u7,6,,,1000,arms.vector.bits,188078.0
u7,u7,6,,,1000,arms.rir.roles.fragile.mean_cost,265.44444444444446
u7,u7,6,,,1000,arms.rir.roles.fragile.phantom_rate,0.08333333333333333
u7,u7,6,,,1000,arms.rir.roles.fragile.conflict_phantoms,0.0
u7,u7,6,,,1000,arms.rir.roles.robust.mean_cost,240.11111111111111
u7,u7,6,,,1000,arms.rir.roles.robust.phantom_rate,0.08333333333333333
u7,u7,6,,,1000,arms.rir.roles.robust.conflict_phantoms,0.0
u7,u7,6,,,1000,arms.rir.n_items,1000.0
u7,u7,6,,,1000,arms.rir.bits,338470.0
u7,u7,6,,,1000,arms.snapshot.roles.fragile.mean_cost,277.6388888888889
u7,u7,6,,,1000,arms.snapshot.roles.fragile.phantom_rate,0.05555555555555555
u7,u7,6,,,1000,arms.snapshot.roles.fragile.conflict_phantoms,1.0
u7,u7,6,,,1000,arms.snapshot.roles.robust.mean_cost,251.52777777777777
u7,u7,6,,,1000,arms.snapshot.roles.robust.phantom_rate,0.05555555555555555
u7,u7,6,,,1000,arms.snapshot.roles.robust.conflict_phantoms,1.0
u7,u7,6,,,1000,arms.snapshot.n_items,1000.0
u7,u7,6,,,1000,arms.snapshot.bits,5199758.0
u7,u7,6,,,1000,arms.utility.roles.fragile.mean_cost,135.33333333333334
u7,u7,6,,,1000,arms.utility.roles.fragile.phantom_rate,0.9166666666666666
u7,u7,6,,,1000,arms.utility.roles.fragile.conflict_phantoms,12.0
u7,u7,6,,,1000,arms.utility.roles.robust.mean_cost,205.55555555555554
u7,u7,6,,,1000,arms.utility.roles.robust.phantom_rate,0.9166666666666666
u7,u7,6,,,1000,arms.utility.roles.robust.conflict_phantoms,12.0
u7,u7,6,,,1000,arms.utility.n_items,471.0
u7,u7,6,,,1000,arms.utility.bits,159738.0
u7,u7,6,,,1000,arms.analogy.roles.fragile.mean_cost,137.05555555555554
u7,u7,6,,,1000,arms.analogy.roles.fragile.phantom_rate,0.8888888888888888
u7,u7,6,,,1000,arms.analogy.roles.fragile.conflict_phantoms,12.0
u7,u7,6,,,1000,arms.analogy.roles.robust.mean_cost,203.36111111111111
u7,u7,6,,,1000,arms.analogy.roles.robust.phantom_rate,0.8888888888888888
u7,u7,6,,,1000,arms.analogy.roles.robust.conflict_phantoms,12.0
u7,u7,6,,,1000,arms.analogy.n_items,512.0
u7,u7,6,,,1000,arms.analogy.bits,175064.0
u7,u7,6,,,1000,arms.ucsm.roles.fragile.mean_cost,153.25
u7,u7,6,,,1000,arms.ucsm.roles.fragile.phantom_rate,0.9166666666666666
u7,u7,6,,,1000,arms.ucsm.roles.fragile.conflict_phantoms,12.0
u7,u7,6,,,1000,arms.ucsm.roles.robust.mean_cost,223.0
u7,u7,6,,,1000,arms.ucsm.roles.robust.phantom_rate,0.9166666666666666
u7,u7,6,,,1000,arms.ucsm.roles.robust.conflict_phantoms,12.0
u7,u7,6,,,1000,arms.ucsm.n_items,454.0
u7,u7,6,,,1000,arms.ucsm.bits,153918.0
u7,u7,6,,,1000,arms.ucsm.bits_codebook,128474.0
u7,u7,6,,,1000,arms.ucsm_recent.roles.fragile.mean_cost,131.27777777777777
u7,u7,6,,,1000,arms.ucsm_recent.roles.fragile.phantom_rate,0.9166666666666666
u7,u7,6,,,1000,arms.ucsm_recent.roles.fragile.conflict_phantoms,12.0
u7,u7,6,,,1000,arms.ucsm_recent.roles.robust.mean_cost,199.08333333333334
u7,u7,6,,,1000,arms.ucsm_recent.roles.robust.phantom_rate,0.9166666666666666
u7,u7,6,,,1000,arms.ucsm_recent.roles.robust.conflict_phantoms,12.0
u7,u7,6,,,1000,arms.ucsm_recent.n_items,454.0
u7,u7,6,,,1000,arms.ucsm_recent.bits,153918.0
u7,u7,6,,,1000,arms.ucsm_recent.bits_codebook,128474.0
u7,u7,6,,,1000,arms.ucsm_stale.roles.fragile.mean_cost,130.41666666666666
u7,u7,6,,,1000,arms.ucsm_stale.roles.fragile.phantom_rate,0.9166666666666666
u7,u7,6,,,1000,arms.ucsm_stale.roles.fragile.conflict_phantoms,12.0
u7,u7,6,,,1000,arms.ucsm_stale.roles.robust.mean_cost,200.13888888888889
u7,u7,6,,,1000,arms.ucsm_stale.roles.robust.phantom_rate,0.9166666666666666
u7,u7,6,,,1000,arms.ucsm_stale.roles.robust.conflict_phantoms,12.0
u7,u7,6,,,1000,arms.ucsm_stale.n_items,454.0
u7,u7,6,,,1000,arms.ucsm_stale.bits,153918.0
u7,u7,6,,,1000,arms.ucsm_stale.bits_codebook,128474.0
u7,u7,7,,,1000,battery,36.0
u7,u7,7,,,1000,arms.raw.roles.fragile.mean_cost,144.0
u7,u7,7,,,1000,arms.raw.roles.fragile.phantom_rate,1.0
u7,u7,7,,,1000,arms.raw.roles.fragile.conflict_phantoms,27.0
u7,u7,7,,,1000,arms.raw.roles.robust.mean_cost,225.19444444444446
u7,u7,7,,,1000,arms.raw.roles.robust.phantom_rate,1.0
u7,u7,7,,,1000,arms.raw.roles.robust.conflict_phantoms,27.0
u7,u7,7,,,1000,arms.raw.n_items,1000.0
u7,u7,7,,,1000,arms.raw.bits,343804.0
u7,u7,7,,,1000,arms.vector.roles.fragile.mean_cost,217.61111111111111
u7,u7,7,,,1000,arms.vector.roles.fragile.phantom_rate,0.16666666666666666
u7,u7,7,,,1000,arms.vector.roles.fragile.conflict_phantoms,5.0
u7,u7,7,,,1000,arms.vector.roles.robust.mean_cost,203.72222222222223
u7,u7,7,,,1000,arms.vector.roles.robust.phantom_rate,0.16666666666666666
u7,u7,7,,,1000,arms.vector.roles.robust.conflict_phantoms,5.0
u7,u7,7,,,1000,arms.vector.n_items,599.0
u7,u7,7,,,1000,arms.vector.bits,200874.0
u7,u7,7,,,1000,arms.rir.roles.fragile.mean_cost,240.55555555555554
u7,u7,7,,,1000,arms.rir.roles.fragile.phantom_rate,0.16666666666666666
u7,u7,7,,,1000,arms.rir.roles.fragile.conflict_phantoms,5.0
u7,u7,7,,,1000,arms.rir.roles.robust.mean_cost,220.27777777777777
u7,u7,7,,,1000,arms.rir.roles.robust.phantom_rate,0.16666666666666666
u7,u7,7,,,1000,arms.rir.roles.robust.conflict_phantoms,5.0
u7,u7,7,,,1000,arms.rir.n_items,1000.0
u7,u7,7,,,1000,arms.rir.bits,343804.0
u7,u7,7,,,1000,arms.snapshot.roles.fragile.mean_cost,241.13888888888889
u7,u7,7,,,1000,arms.snapshot.roles.fragile.phantom_rate,0.027777777777777776
u7,u7,7,,,1000,arms.snapshot.roles.fragile.conflict_phantoms,1.0
u7,u7,7,,,1000,arms.snapshot.roles.robust.mean_cost,219.69444444444446
u7,u7,7,,,1000,arms.snapshot.roles.robust.phantom_rate,0.027777777777777776
u7,u7,7,,,1000,arms.snapshot.roles.robust.conflict_phantoms,1.0
u7,u7,7,,,1000,arms.snapshot.n_items,1000.0
u7,u7,7,,,1000,arms.snapshot.bits,5199428.0
u7,u7,7,,,1000,arms.utility.roles.fragile.mean_cost,161.27777777777777
u7,u7,7,,,1000,arms.utility.roles.fragile.phantom_rate,0.9722222222222222
u7,u7,7,,,1000,arms.utility.roles.fragile.conflict_phantoms,26.0
u7,u7,7,,,1000,arms.utility.roles.robust.mean_cost,241.33333333333334
u7,u7,7,,,1000,arms.utility.roles.robust.phantom_rate,0.9722222222222222
u7,u7,7,,,1000,arms.utility.roles.robust.conflict_phantoms,26.0
u7,u7,7,,,1000,arms.utility.n_items,484.0
u7,u7,7,,,1000,arms.utility.bits,165592.0
u7,u7,7,,,1000,arms.analogy.roles.fragile.mean_cost,166.22222222222223
u7,u7,7,,,1000,arms.analogy.roles.fragile.phantom_rate,1.0
u7,u7,7,,,1000,arms.analogy.roles.fragile.conflict_phantoms,27.0
u7,u7,7,,,1000,arms.analogy.roles.robust.mean_cost,245.61111111111111
u7,u7,7,,,1000,arms.analogy.roles.robust.phantom_rate,1.0
u7,u7,7,,,1000,arms.analogy.roles.robust.conflict_phantoms,27.0
u7,u7,7,,,1000,arms.analogy.n_items,536.0
u7,u7,7,,,1000,arms.analogy.bits,184332.0
u7,u7,7,,,1000,arms.ucsm.roles.fragile.mean_cost,137.36111111111111
u7,u7,7,,,1000,arms.ucsm.roles.fragile.phantom_rate,0.9722222222222222
u7,u7,7,,,1000,arms.ucsm.roles.fragile.conflict_phantoms,26.0
u7,u7,7,,,1000,arms.ucsm.roles.robust.mean_cost,206.58333333333334
u7,u7,7,,,1000,arms.ucsm.roles.robust.phantom_rate,0.9722222222222222
u7,u7,7,,,1000,arms.ucsm.roles.robust.conflict_phantoms,26.0
u7,u7,7,,,1000,arms.ucsm.n_items,455.0
u7,u7,7,,,1000,arms.ucsm.bits,155968.0
u7,u7,7,,,1000,arms.ucsm.bits_codebook,130074.0
u7,u7,7,,,1000,arms.ucsm_recent.roles.fragile.mean_cost,157.5
u7,u7,7,,,1000,arms.ucsm_recent.roles.fragile.phantom_rate,0.9722222222222222
u7,u7,7,,,1000,arms.ucsm_recent.roles.fragile.conflict_phantoms,26.0
u7,u7,7,,,1000,arms.ucsm_recent.roles.robust.mean_cost,236.97222222222223
u7,u7,7,,,1000,arms.ucsm_recent.roles.robust.phantom_rate,0.9722222222222222
u7,u7,7,,,1000,arms.ucsm_recent.roles.robust.conflict_phantoms,26.0
u7,u7,7,,,1000,arms.ucsm_recent.n_items,455.0
u7,u7,7,,,1000,arms.ucsm_recent.bits,155968.0
u7,u7,7,,,1000,arms.ucsm_recent.bits_codebook,130074.0
u7,u7,7,,,1000,arms.ucsm_stale.roles.fragile.mean_cost,157.19444444444446
u7,u7,7,,,1000,arms.ucsm_stale.roles.fragile.phantom_rate,1.0
u7,u7,7,,,1000,arms.ucsm_stale.roles.fragile.conflict_phantoms,27.0
u7,u7,7,,,1000,arms.ucsm_stale.roles.robust.mean_cost,237.11111111111111
u7,u7,7,,,1000,arms.ucsm_stale.roles.robust.phantom_rate,1.0
u7,u7,7,,,1000,arms.ucsm_stale.roles.robust.conflict_phantoms,27.0
u7,u7,7,,,1000,arms.ucsm_stale.n_items,455.0
u7,u7,7,,,1000,arms.ucsm_stale.bits,155968.0
u7,u7,7,,,1000,arms.ucsm_stale.bits_codebook,130074.0
u7,u7,0,,,100,battery,32.0
u7,u7,0,,,100,arms.raw.roles.fragile.mean_cost,45.5625
u7,u7,0,,,100,arms.raw.roles.fragile.phantom_rate,0.65625
u7,u7,0,,,100,arms.raw.roles.fragile.conflict_phantoms,14.0
u7,u7,0,,,100,arms.raw.roles.robust.mean_cost,63.5
u7,u7,0,,,100,arms.raw.roles.robust.phantom_rate,0.65625
u7,u7,0,,,100,arms.raw.roles.robust.conflict_phantoms,14.0
u7,u7,0,,,100,arms.raw.n_items,100.0
u7,u7,0,,,100,arms.raw.bits,33654.0
u7,u7,0,,,100,arms.vector.roles.fragile.mean_cost,200.40625
u7,u7,0,,,100,arms.vector.roles.fragile.phantom_rate,0.3125
u7,u7,0,,,100,arms.vector.roles.fragile.conflict_phantoms,5.0
u7,u7,0,,,100,arms.vector.roles.robust.mean_cost,190.65625
u7,u7,0,,,100,arms.vector.roles.robust.phantom_rate,0.3125
u7,u7,0,,,100,arms.vector.roles.robust.conflict_phantoms,5.0
u7,u7,0,,,100,arms.vector.n_items,56.0
u7,u7,0,,,100,arms.vector.bits,18316.0
u7,u7,0,,,100,arms.rir.roles.fragile.mean_cost,217.65625
u7,u7,0,,,100,arms.rir.roles.fragile.phantom_rate,0.09375
u7,u7,0,,,100,arms.rir.roles.fragile.conflict_phantoms,2.0
u7,u7,0,,,100,arms.rir.roles.robust.mean_cost,204.3125
u7,u7,0,,,100,arms.rir.roles.robust.phantom_rate,0.09375
u7,u7,0,,,100,arms.rir.roles.robust.conflict_phantoms,2.0
u7,u7,0,,,100,arms.rir.n_items,100.0
u7,u7,0,,,100,arms.rir.bits,33654.0
u7,u7,0,,,100,arms.snapshot.roles.fragile.mean_cost,246.0
u7,u7,0,,,100,arms.snapshot.roles.fragile.phantom_rate,0.0625
u7,u7,0,,,100,arms.snapshot.roles.fragile.conflict_phantoms,2.0
u7,u7,0,,,100,arms.snapshot.roles.robust.mean_cost,228.65625
u7,u7,0,,,100,arms.snapshot.roles.robust.phantom_rate,0.0625
u7,u7,0,,,100,arms.snapshot.roles.robust.conflict_phantoms,2.0
u7,u7,0,,,100,arms.snapshot.n_items,100.0
u7,u7,0,,,100,arms.snapshot.bits,520190.0
u7,u7,0,,,100,arms.utility.roles.fragile.mean_cost,42.0
u7,u7,0,,,100,arms.utility.roles.fragile.phantom_rate,0.8125
u7,u7,0,,,100,arms.utility.roles.fragile.conflict_phantoms,18.0
u7,u7,0,,,100,arms.utility.roles.robust.mean_cost,61.78125
u7,u7,0,,,100,arms.utility.roles.robust.phantom_rate,0.8125
u7,u7,0,,,100,arms.utility.roles.robust.conflict_phantoms,18.0
u7,u7,0,,,100,arms.utility.n_items,50.0
u7,u7,0,,,100,arms.utility.bits,16350.0
u7,u7,0,,,100,arms.analogy.roles.fragile.mean_cost,52.96875
u7,u7,0,,,100,arms.analogy.roles.fragile.phantom_rate,0.65625
u7,u7,0,,,100,arms.analogy.roles.fragile.conflict_phantoms,14.0
u7,u7,0,,,100,arms.analogy.roles.robust.mean_cost,70.03125
u7,u7,0,,,100,arms.analogy.roles.robust.phantom_rate,0.65625
u7,u7,0,,,100,arms.analogy.roles.robust.conflict_phantoms,14.0
u7,u7,0,,,100,arms.analogy.n_items,44.0
u7,u7,0,,,100,arms.analogy.bits,14430.0
u7,u7,0,,,100,arms.ucsm.roles.fragile.mean_cost,43.84375
u7,u7,0,,,100,arms.ucsm.roles.fragile.phantom_rate,0.6875
u7,u7,0,,,100,arms.ucsm.roles.fragile.conflict_phantoms,14.0
u7,u7,0,,,100,arms.ucsm.roles.robust.mean_cost,61.84375
u7,u7,0,,,100,arms.ucsm.roles.robust.phantom_rate,0.6875
u7,u7,0,,,100,arms.ucsm.roles.robust.conflict_phantoms,14.0
u7,u7,0,,,100,arms.ucsm.n_items,47.0
u7,u7,0,,,100,arms.ucsm.bits,15376.0
u7,u7,0,,,100,arms.ucsm.bits_codebook,13655.0
u7,u7,0,,,100,arms.ucsm_recent.roles.fragile.mean_cost,41.875
u7,u7,0,,,100,arms.ucsm_recent.roles.fragile.phantom_rate,0.8125
u7,u7,0,,,100,arms.ucsm_recent.roles.fragile.conflict_phantoms,18.0
u7,u7,0,,,100,arms.ucsm_recent.roles.robust.mean_cost,61.65625
u7,u7,0,,,100,arms.ucsm_recent.roles.robust.phantom_rate,0.8125
u7,u7,0,,,100,arms.ucsm_recent.roles.robust.conflict_phantoms,18.0
u7,u7,0,,,100,arms.ucsm_recent.n_items,47.0
u7,u7,0,,,100,arms.ucsm_recent.bits,15376.0
u7,u7,0,,,100,arms.ucsm_recent.bits_codebook,13655.0
u7,u7,0,,,100,arms.ucsm_stale.roles.fragile.mean_cost,41.6875
u7,u7,0,,,100,arms.ucsm_stale.roles.fragile.phantom_rate,0.75
u7,u7,0,,,100,arms.ucsm_stale.roles.fragile.conflict_phantoms,18.0
u7,u7,0,,,100,arms.ucsm_stale.roles.robust.mean_cost,60.59375
u7,u7,0,,,100,arms.ucsm_stale.roles.robust.phantom_rate,0.75
u7,u7,0,,,100,arms.ucsm_stale.roles.robust.conflict_phantoms,18.0
u7,u7,0,,,100,arms.ucsm_stale.n_items,47.0
u7,u7,0,,,100,arms.ucsm_stale.bits,15376.0
u7,u7,0,,,100,arms.ucsm_stale.bits_codebook,13655.0
u7,u7,1,,,100,battery,36.0
u7,u7,1,,,100,arms.raw.roles.fragile.mean_cost,58.583333333333336
u7,u7,1,,,100,arms.raw.roles.fragile.phantom_rate,0.75
u7,u7,1,,,100,arms.raw.roles.fragile.conflict_phantoms,15.0
u7,u7,1,,,100,arms.raw.roles.robust.mean_cost,76.83333333333333
u7,u7,1,,,100,arms.raw.roles.robust.phantom_rate,0.75
u7,u7,1,,,100,arms.raw.roles.robust.conflict_phantoms,15.0
u7,u7,1,,,100,arms.raw.n_items,100.0
u7,u7,1,,,100,arms.raw.bits,33358.0
u7,u7,1,,,100,arms.vector.roles.fragile.mean_cost,210.94444444444446
u7,u7,1,,,100,arms.vector.roles.fragile.phantom_rate,0.2777777777777778
u7,u7,1,,,100,arms.vector.roles.fragile.conflict_phantoms,5.0
u7,u7,1,,,100,arms.vector.roles.robust.mean_cost,194.91666666666666
u7,u7,1,,,100,arms.vector.roles.robust.phantom_rate,0.2777777777777778
u7,u7,1,,,100,arms.vector.roles.robust.conflict_phantoms,5.0
u7,u7,1,,,100,arms.vector.n_items,63.0
u7,u7,1,,,100,arms.vector.bits,21180.0
u7,u7,1,,,100,arms.rir.roles.fragile.mean_cost,209.36111111111111
u7,u7,1,,,100,arms.rir.roles.fragile.phantom_rate,0.2222222222222222
u7,u7,1,,,100,arms.rir.roles.fragile.conflict_phantoms,4.0
u7,u7,1,,,100,arms.rir.roles.robust.mean_cost,191.75
u7,u7,1,,,100,arms.rir.roles.robust.phantom_rate,0.2222222222222222
u7,u7,1,,,100,arms.rir.roles.robust.conflict_phantoms,4.0
u7,u7,1,,,100,arms.rir.n_items,100.0
u7,u7,1,,,100,arms.rir.bits,33358.0
u7,u7,1,,,100,arms.snapshot.roles.fragile.mean_cost,246.83333333333334
u7,u7,1,,,100,arms.snapshot.roles.fragile.phantom_rate,0.027777777777777776
u7,u7,1,,,100,arms.snapshot.roles.fragile.conflict_phantoms,1.0
u7,u7,1,,,100,arms.snapshot.roles.robust.mean_cost,222.69444444444446
u7,u7,1,,,100,arms.snapshot.roles.robust.phantom_rate,0.027777777777777776
u7,u7,1,,,100,arms.snapshot.roles.robust.conflict_phantoms,1.0
u7,u7,1,,,100,arms.snapshot.n_items,100.0
u7,u7,1,,,100,arms.snapshot.bits,521948.0
u7,u7,1,,,100,arms.utility.roles.fragile.mean_cost,52.388888888888886
u7,u7,1,,,100,arms.utility.roles.fragile.phantom_rate,0.6944444444444444
u7,u7,1,,,100,arms.utility.roles.fragile.conflict_phantoms,15.0
u7,u7,1,,,100,arms.utility.roles.robust.mean_cost,71.02777777777777
u7,u7,1,,,100,arms.utility.roles.robust.phantom_rate,0.6944444444444444
u7,u7,1,,,100,arms.utility.roles.robust.conflict_phantoms,15.0
u7,u7,1,,,100,arms.utility.n_items,59.0
u7,u7,1,,,100,arms.utility.bits,20000.0
u7,u7,1,,,100,arms.analogy.roles.fragile.mean_cost,58.30555555555556
u7,u7,1,,,100,arms.analogy.roles.fragile.phantom_rate,0.8055555555555556
u7,u7,1,,,100,arms.analogy.roles.fragile.conflict_phantoms,13.0
u7,u7,1,,,100,arms.analogy.roles.robust.mean_cost,73.88888888888889
u7,u7,1,,,100,arms.analogy.roles.robust.phantom_rate,0.8055555555555556
u7,u7,1,,,100,arms.analogy.roles.robust.conflict_phantoms,13.0
u7,u7,1,,,100,arms.analogy.n_items,54.0
u7,u7,1,,,100,arms.analogy.bits,18204.0
u7,u7,1,,,100,arms.ucsm.roles.fragile.mean_cost,55.888888888888886
u7,u7,1,,,100,arms.ucsm.roles.fragile.phantom_rate,0.7777777777777778
u7,u7,1,,,100,arms.ucsm.roles.fragile.conflict_phantoms,12.0
u7,u7,1,,,100,arms.ucsm.roles.robust.mean_cost,72.47222222222223
u7,u7,1,,,100,arms.ucsm.roles.robust.phantom_rate,0.7777777777777778
u7,u7,1,,,100,arms.ucsm.roles.robust.conflict_phantoms,12.0
u7,u7,1,,,100,arms.ucsm.n_items,53.0
u7,u7,1,,,100,arms.ucsm.bits,18170.0
u7,u7,1,,,100,arms.ucsm.bits_codebook,16452.0
u7,u7,1,,,100,arms.ucsm_recent.roles.fragile.mean_cost,51.05555555555556
u7,u7,1,,,100,arms.ucsm_recent.roles.fragile.phantom_rate,0.6944444444444444
u7,u7,1,,,100,arms.ucsm_recent.roles.fragile.conflict_phantoms,15.0
u7,u7,1,,,100,arms.ucsm_recent.roles.robust.mean_cost,68.47222222222223
u7,u7,1,,,100,arms.ucsm_recent.roles.robust.phantom_rate,0.6944444444444444
u7,u7,1,,,100,arms.ucsm_recent.roles.robust.conflict_phantoms,15.0
u7,u7,1,,,100,arms.ucsm_recent.n_items,53.0
u7,u7,1,,,100,arms.ucsm_recent.bits,18170.0
u7,u7,1,,,100,arms.ucsm_recent.bits_codebook,16452.0
u7,u7,1,,,100,arms.ucsm_stale.roles.fragile.mean_cost,55.47222222222222
u7,u7,1,,,100,arms.ucsm_stale.roles.fragile.phantom_rate,0.6666666666666666
u7,u7,1,,,100,arms.ucsm_stale.roles.fragile.conflict_phantoms,13.0
u7,u7,1,,,100,arms.ucsm_stale.roles.robust.mean_cost,70.80555555555556
u7,u7,1,,,100,arms.ucsm_stale.roles.robust.phantom_rate,0.6666666666666666
u7,u7,1,,,100,arms.ucsm_stale.roles.robust.conflict_phantoms,13.0
u7,u7,1,,,100,arms.ucsm_stale.n_items,53.0
u7,u7,1,,,100,arms.ucsm_stale.bits,18170.0
u7,u7,1,,,100,arms.ucsm_stale.bits_codebook,16452.0
u7,u7,2,,,100,battery,36.0
u7,u7,2,,,100,arms.raw.roles.fragile.mean_cost,64.83333333333333
u7,u7,2,,,100,arms.raw.roles.fragile.phantom_rate,0.5555555555555556
u7,u7,2,,,100,arms.raw.roles.fragile.conflict_phantoms,9.0
u7,u7,2,,,100,arms.raw.roles.robust.mean_cost,74.44444444444444
u7,u7,2,,,100,arms.raw.roles.robust.phantom_rate,0.5555555555555556
u7,u7,2,,,100,arms.raw.roles.robust.conflict_phantoms,9.0
u7,u7,2,,,100,arms.raw.n_items,100.0
u7,u7,2,,,100,arms.raw.bits,35162.0
u7,u7,2,,,100,arms.vector.roles.fragile.mean_cost,238.08333333333334
u7,u7,2,,,100,arms.vector.roles.fragile.phantom_rate,0.05555555555555555
u7,u7,2,,,100,arms.vector.roles.fragile.conflict_phantoms,1.0
u7,u7,2,,,100,arms.vector.roles.robust.mean_cost,217.88888888888889
u7,u7,2,,,100,arms.vector.roles.robust.phantom_rate,0.05555555555555555
u7,u7,2,,,100,arms.vector.roles.robust.conflict_phantoms,1.0
u7,u7,2,,,100,arms.vector.n_items,60.0
u7,u7,2,,,100,arms.vector.bits,20804.0
u7,u7,2,,,100,arms.rir.roles.fragile.mean_cost,229.55555555555554
u7,u7,2,,,100,arms.rir.roles.fragile.phantom_rate,0.1111111111111111
u7,u7,2,,,100,arms.rir.roles.fragile.conflict_phantoms,3.0
u7,u7,2,,,100,arms.rir.roles.robust.mean_cost,209.86111111111111
u7,u7,2,,,100,arms.rir.roles.robust.phantom_rate,0.1111111111111111
u7,u7,2,,,100,arms.rir.roles.robust.conflict_phantoms,3.0
u7,u7,2,,,100,arms.rir.n_items,100.0
u7,u7,2,,,100,arms.rir.bits,35162.0
u7,u7,2,,,100,arms.snapshot.roles.fragile.mean_cost,235.58333333333334
u7,u7,2,,,100,arms.snapshot.roles.fragile.phantom_rate,0.0
u7,u7,2,,,100,arms.snapshot.roles.fragile.conflict_phantoms,0.0
u7,u7,2,,,100,arms.snapshot.roles.robust.mean_cost,212.33333333333334
u7,u7,2,,,100,arms.snapshot.roles.robust.phantom_rate,0.0
u7,u7,2,,,100,arms.snapshot.roles.robust.conflict_phantoms,0.0
u7,u7,2,,,100,arms.snapshot.n_items,100.0
u7,u7,2,,,100,arms.snapshot.bits,519926.0
u7,u7,2,,,100,arms.utility.roles.fragile.mean_cost,69.77777777777777
u7,u7,2,,,100,arms.utility.roles.fragile.phantom_rate,0.6111111111111112
u7,u7,2,,,100,arms.utility.roles.fragile.conflict_phantoms,9.0
u7,u7,2,,,100,arms.utility.roles.robust.mean_cost,78.36111111111111
u7,u7,2,,,100,arms.utility.roles.robust.phantom_rate,0.6111111111111112
u7,u7,2,,,100,arms.utility.roles.robust.conflict_phantoms,9.0
u7,u7,2,,,100,arms.utility.n_items,53.0
u7,u7,2,,,100,arms.utility.bits,18394.0
u7,u7,2,,,100,arms.analogy.roles.fragile.mean_cost,70.83333333333333
u7,u7,2,,,100,arms.analogy.roles.fragile.phantom_rate,0.7222222222222222
u7,u7,2,,,100,arms.analogy.roles.fragile.conflict_phantoms,14.0
u7,u7,2,,,100,arms.analogy.roles.robust.mean_cost,82.11111111111111
u7,u7,2,,,100,arms.analogy.roles.robust.phantom_rate,0.7222222222222222
u7,u7,2,,,100,arms.analogy.roles.robust.conflict_phantoms,14.0
u7,u7,2,,,100,arms.analogy.n_items,52.0
u7,u7,2,,,100,arms.analogy.bits,17696.0
u7,u7,2,,,100,arms.ucsm.roles.fragile.mean_cost,84.69444444444444
u7,u7,2,,,100,arms.ucsm.roles.fragile.phantom_rate,0.6666666666666666
u7,u7,2,,,100,arms.ucsm.roles.fragile.conflict_phantoms,13.0
u7,u7,2,,,100,arms.ucsm.roles.robust.mean_cost,94.5
u7,u7,2,,,100,arms.ucsm.roles.robust.phantom_rate,0.6666666666666666
u7,u7,2,,,100,arms.ucsm.roles.robust.conflict_phantoms,13.0
u7,u7,2,,,100,arms.ucsm.n_items,47.0
u7,u7,2,,,100,arms.ucsm.bits,16346.0
u7,u7,2,,,100,arms.ucsm.bits_codebook,14624.0
u7,u7,2,,,100,arms.ucsm_recent.roles.fragile.mean_cost,75.27777777777777
u7,u7,2,,,100,arms.ucsm_recent.roles.fragile.phantom_rate,0.6111111111111112
u7,u7,2,,,100,arms.ucsm_recent.roles.fragile.conflict_phantoms,9.0
u7,u7,2,,,100,arms.ucsm_recent.roles.robust.mean_cost,82.27777777777777
u7,u7,2,,,100,arms.ucsm_recent.roles.robust.phantom_rate,0.6111111111111112
u7,u7,2,,,100,arms.ucsm_recent.roles.robust.conflict_phantoms,9.0
u7,u7,2,,,100,arms.ucsm_recent.n_items,47.0
u7,u7,2,,,100,arms.ucsm_recent.bits,16346.0
u7,u7,2,,,100,arms.ucsm_recent.bits_codebook,14624.0
u7,u7,2,,,100,arms.ucsm_stale.roles.fragile.mean_cost,73.0
u7,u7,2,,,100,arms.ucsm_stale.roles.fragile.phantom_rate,0.6388888888888888
u7,u7,2,,,100,arms.ucsm_stale.roles.fragile.conflict_phantoms,9.0
u7,u7,2,,,100,arms.ucsm_stale.roles.robust.mean_cost,80.77777777777777
u7,u7,2,,,100,arms.ucsm_stale.roles.robust.phantom_rate,0.6388888888888888
u7,u7,2,,,100,arms.ucsm_stale.roles.robust.conflict_phantoms,9.0
u7,u7,2,,,100,arms.ucsm_stale.n_items,47.0
u7,u7,2,,,100,arms.ucsm_stale.bits,16346.0
u7,u7,2,,,100,arms.ucsm_stale.bits_codebook,14624.0
u7,u7,3,,,100,battery,36.0
u7,u7,3,,,100,arms.raw.roles.fragile.mean_cost,43.666666666666664
u7,u7,3,,,100,arms.raw.roles.fragile.phantom_rate,0.6111111111111112
u7,u7,3,,,100,arms.raw.roles.fragile.conflict_phantoms,13.0
u7,u7,3,,,100,arms.raw.roles.robust.mean_cost,60.833333333333336
u7,u7,3,,,100,arms.raw.roles.robust.phantom_rate,0.6111111111111112
u7,u7,3,,,100,arms.raw.roles.robust.conflict_phantoms,13.0
u7,u7,3,,,100,arms.raw.n_items,100.0
u7,u7,3,,,100,arms.raw.bits,34942.0
u7,u7,3,,,100,arms.vector.roles.fragile.mean_cost,215.08333333333334
u7,u7,3,,,100,arms.vector.roles.fragile.phantom_rate,0.1111111111111111
u7,u7,3,,,100,arms.vector.roles.fragile.conflict_phantoms,2.0
u7,u7,3,,,100,arms.vector.roles.robust.mean_cost,196.02777777777777
u7,u7,3,,,100,arms.vector.roles.robust.phantom_rate,0.1111111111111111
u7,u7,3,,,100,arms.vector.roles.robust.conflict_phantoms,2.0
u7,u7,3,,,100,arms.vector.n_items,57.0
u7,u7,3,,,100,arms.vector.bits,19516.0
u7,u7,3,,,100,arms.rir.roles.fragile.mean_cost,216.66666666666666
u7,u7,3,,,100,arms.rir.roles.fragile.phantom_rate,0.19444444444444445
u7,u7,3,,,100,arms.rir.roles.fragile.conflict_phantoms,2.0
u7,u7,3,,,100,arms.rir.roles.robust.mean_cost,196.77777777777777
u7,u7,3,,,100,arms.rir.roles.robust.phantom_rate,0.19444444444444445
u7,u7,3,,,100,arms.rir.roles.robust.conflict_phantoms,2.0
u7,u7,3,,,100,arms.rir.n_items,100.0
u7,u7,3,,,100,arms.rir.bits,34942.0
u7,u7,3,,,100,arms.snapshot.roles.fragile.mean_cost,240.55555555555554
u7,u7,3,,,100,arms.snapshot.roles.fragile.phantom_rate,0.05555555555555555
u7,u7,3,,,100,arms.snapshot.roles.fragile.conflict_phantoms,1.0
u7,u7,3,,,100,arms.snapshot.roles.robust.mean_cost,220.22222222222223
u7,u7,3,,,100,arms.snapshot.roles.robust.phantom_rate,0.05555555555555555
u7,u7,3,,,100,arms.snapshot.roles.robust.conflict_phantoms,1.0
u7,u7,3,,,100,arms.snapshot.n_items,100.0
u7,u7,3,,,100,arms.snapshot.bits,519710.0
u7,u7,3,,,100,arms.utility.roles.fragile.mean_cost,45.55555555555556
u7,u7,3,,,100,arms.utility.roles.fragile.phantom_rate,0.7777777777777778
u7,u7,3,,,100,arms.utility.roles.fragile.conflict_phantoms,17.0
u7,u7,3,,,100,arms.utility.roles.robust.mean_cost,61.611111111111114
u7,u7,3,,,100,arms.utility.roles.robust.phantom_rate,0.7777777777777778
u7,u7,3,,,100,arms.utility.roles.robust.conflict_phantoms,17.0
u7,u7,3,,,100,arms.utility.n_items,56.0
u7,u7,3,,,100,arms.utility.bits,19240.0
u7,u7,3,,,100,arms.analogy.roles.fragile.mean_cost,54.72222222222222
u7,u7,3,,,100,arms.analogy.roles.fragile.phantom_rate,0.8611111111111112
u7,u7,3,,,100,arms.analogy.roles.fragile.conflict_phantoms,16.0
u7,u7,3,,,100,arms.analogy.roles.robust.mean_cost,73.22222222222223
u7,u7,3,,,100,arms.analogy.roles.robust.phantom_rate,0.8611111111111112
u7,u7,3,,,100,arms.analogy.roles.robust.conflict_phantoms,16.0
u7,u7,3,,,100,arms.analogy.n_items,50.0
u7,u7,3,,,100,arms.analogy.bits,17206.0
u7,u7,3,,,100,arms.ucsm.roles.fragile.mean_cost,50.47222222222222
u7,u7,3,,,100,arms.ucsm.roles.fragile.phantom_rate,0.7777777777777778
u7,u7,3,,,100,arms.ucsm.roles.fragile.conflict_phantoms,13.0
u7,u7,3,,,100,arms.ucsm.roles.robust.mean_cost,68.52777777777777
u7,u7,3,,,100,arms.ucsm.roles.robust.phantom_rate,0.7777777777777778
u7,u7,3,,,100,arms.ucsm.roles.robust.conflict_phantoms,13.0
u7,u7,3,,,100,arms.ucsm.n_items,54.0
u7,u7,3,,,100,arms.ucsm.bits,18692.0
u7,u7,3,,,100,arms.ucsm.bits_codebook,17092.0
u7,u7,3,,,100,arms.ucsm_recent.roles.fragile.mean_cost,43.55555555555556
u7,u7,3,,,100,arms.ucsm_recent.roles.fragile.phantom_rate,0.7777777777777778
u7,u7,3,,,100,arms.ucsm_recent.roles.fragile.conflict_phantoms,17.0
u7,u7,3,,,100,arms.ucsm_recent.roles.robust.mean_cost,60.166666666666664
u7,u7,3,,,100,arms.ucsm_recent.roles.robust.phantom_rate,0.7777777777777778
u7,u7,3,,,100,arms.ucsm_recent.roles.robust.conflict_phantoms,17.0
u7,u7,3,,,100,arms.ucsm_recent.n_items,54.0
u7,u7,3,,,100,arms.ucsm_recent.bits,18692.0
u7,u7,3,,,100,arms.ucsm_recent.bits_codebook,17092.0
u7,u7,3,,,100,arms.ucsm_stale.roles.fragile.mean_cost,48.22222222222222
u7,u7,3,,,100,arms.ucsm_stale.roles.fragile.phantom_rate,0.75
u7,u7,3,,,100,arms.ucsm_stale.roles.fragile.conflict_phantoms,16.0
u7,u7,3,,,100,arms.ucsm_stale.roles.robust.mean_cost,64.08333333333333
u7,u7,3,,,100,arms.ucsm_stale.roles.robust.phantom_rate,0.75
u7,u7,3,,,100,arms.ucsm_stale.roles.robust.conflict_phantoms,16.0
u7,u7,3,,,100,arms.ucsm_stale.n_items,54.0
u7,u7,3,,,100,arms.ucsm_stale.bits,18692.0
u7,u7,3,,,100,arms.ucsm_stale.bits_codebook,17092.0
u7,u7,4,,,100,battery,36.0
u7,u7,4,,,100,arms.raw.roles.fragile.mean_cost,50.80555555555556
u7,u7,4,,,100,arms.raw.roles.fragile.phantom_rate,0.5277777777777778
u7,u7,4,,,100,arms.raw.roles.fragile.conflict_phantoms,10.0
u7,u7,4,,,100,arms.raw.roles.robust.mean_cost,62.638888888888886
u7,u7,4,,,100,arms.raw.roles.robust.phantom_rate,0.5277777777777778
u7,u7,4,,,100,arms.raw.roles.robust.conflict_phantoms,10.0
u7,u7,4,,,100,arms.raw.n_items,100.0
u7,u7,4,,,100,arms.raw.bits,34666.0
u7,u7,4,,,100,arms.vector.roles.fragile.mean_cost,241.27777777777777
u7,u7,4,,,100,arms.vector.roles.fragile.phantom_rate,0.16666666666666666
u7,u7,4,,,100,arms.vector.roles.fragile.conflict_phantoms,4.0
u7,u7,4,,,100,arms.vector.roles.robust.mean_cost,224.36111111111111
u7,u7,4,,,100,arms.vector.roles.robust.phantom_rate,0.16666666666666666
u7,u7,4,,,100,arms.vector.roles.robust.conflict_phantoms,4.0
u7,u7,4,,,100,arms.vector.n_items,67.0
u7,u7,4,,,100,arms.vector.bits,22954.0
u7,u7,4,,,100,arms.rir.roles.fragile.mean_cost,257.3333333333333
u7,u7,4,,,100,arms.rir.roles.fragile.phantom_rate,0.05555555555555555
u7,u7,4,,,100,arms.rir.roles.fragile.conflict_phantoms,1.0
u7,u7,4,,,100,arms.rir.roles.robust.mean_cost,236.63888888888889
u7,u7,4,,,100,arms.rir.roles.robust.phantom_rate,0.05555555555555555
u7,u7,4,,,100,arms.rir.roles.robust.conflict_phantoms,1.0
u7,u7,4,,,100,arms.rir.n_items,100.0
u7,u7,4,,,100,arms.rir.bits,34666.0
u7,u7,4,,,100,arms.snapshot.roles.fragile.mean_cost,272.27777777777777
u7,u7,4,,,100,arms.snapshot.roles.fragile.phantom_rate,0.0
u7,u7,4,,,100,arms.snapshot.roles.fragile.conflict_phantoms,0.0
u7,u7,4,,,100,arms.snapshot.roles.robust.mean_cost,248.11111111111111
u7,u7,4,,,100,arms.snapshot.roles.robust.phantom_rate,0.0
u7,u7,4,,,100,arms.snapshot.roles.robust.conflict_phantoms,0.0
u7,u7,4,,,100,arms.snapshot.n_items,100.0
u7,u7,4,,,100,arms.snapshot.bits,517598.0
u7,u7,4,,,100,arms.utility.roles.fragile.mean_cost,58.416666666666664
u7,u7,4,,,100,arms.utility.roles.fragile.phantom_rate,0.6388888888888888
u7,u7,4,,,100,arms.utility.roles.fragile.conflict_phantoms,12.0
u7,u7,4,,,100,arms.utility.roles.robust.mean_cost,70.30555555555556
u7,u7,4,,,100,arms.utility.roles.robust.phantom_rate,0.6388888888888888
u7,u7,4,,,100,arms.utility.roles.robust.conflict_phantoms,12.0
u7,u7,4,,,100,arms.utility.n_items,56.0
u7,u7,4,,,100,arms.utility.bits,19310.0
u7,u7,4,,,100,arms.analogy.roles.fragile.mean_cost,62.75
u7,u7,4,,,100,arms.analogy.roles.fragile.phantom_rate,0.8333333333333334
u7,u7,4,,,100,arms.analogy.roles.fragile.conflict_phantoms,15.0
u7,u7,4,,,100,arms.analogy.roles.robust.mean_cost,79.44444444444444
u7,u7,4,,,100,arms.analogy.roles.robust.phantom_rate,0.8333333333333334
u7,u7,4,,,100,arms.analogy.roles.robust.conflict_phantoms,15.0
u7,u7,4,,,100,arms.analogy.n_items,56.0
u7,u7,4,,,100,arms.analogy.bits,19682.0
u7,u7,4,,,100,arms.ucsm.roles.fragile.mean_cost,71.80555555555556
u7,u7,4,,,100,arms.ucsm.roles.fragile.phantom_rate,0.8611111111111112
u7,u7,4,,,100,arms.ucsm.roles.fragile.conflict_phantoms,16.0
u7,u7,4,,,100,arms.ucsm.roles.robust.mean_cost,88.58333333333333
u7,u7,4,,,100,arms.ucsm.roles.robust.phantom_rate,0.8611111111111112
u7,u7,4,,,100,arms.ucsm.roles.robust.conflict_phantoms,16.0
u7,u7,4,,,100,arms.ucsm.n_items,51.0
u7,u7,4,,,100,arms.ucsm.bits,17520.0
u7,u7,4,,,100,arms.ucsm.bits_codebook,15522.0
u7,u7,4,,,100,arms.ucsm_recent.roles.fragile.mean_cost,59.27777777777778
u7,u7,4,,,100,arms.ucsm_recent.roles.fragile.phantom_rate,0.6388888888888888
u7,u7,4,,,100,arms.ucsm_recent.roles.fragile.conflict_phantoms,12.0
u7,u7,4,,,100,arms.ucsm_recent.roles.robust.mean_cost,70.58333333333333
u7,u7,4,,,100,arms.ucsm_recent.roles.robust.phantom_rate,0.6388888888888888
u7,u7,4,,,100,arms.ucsm_recent.roles.robust.conflict_phantoms,12.0
u7,u7,4,,,100,arms.ucsm_recent.n_items,51.0
u7,u7,4,,,100,arms.ucsm_recent.bits,17520.0
u7,u7,4,,,100,arms.ucsm_recent.bits_codebook,15522.0
u7,u7,4,,,100,arms.ucsm_stale.roles.fragile.mean_cost,62.77777777777778
u7,u7,4,,,100,arms.ucsm_stale.roles.fragile.phantom_rate,0.6944444444444444
u7,u7,4,,,100,arms.ucsm_stale.roles.fragile.conflict_phantoms,12.0
u7,u7,4,,,100,arms.ucsm_stale.roles.robust.mean_cost,75.36111111111111
u7,u7,4,,,100,arms.ucsm_stale.roles.robust.phantom_rate,0.6944444444444444
u7,u7,4,,,100,arms.ucsm_stale.roles.robust.conflict_phantoms,12.0
u7,u7,4,,,100,arms.ucsm_stale.n_items,51.0
u7,u7,4,,,100,arms.ucsm_stale.bits,17520.0
u7,u7,4,,,100,arms.ucsm_stale.bits_codebook,15522.0
u7,u7,5,,,100,battery,36.0
u7,u7,5,,,100,arms.raw.roles.fragile.mean_cost,64.02777777777777
u7,u7,5,,,100,arms.raw.roles.fragile.phantom_rate,0.8055555555555556
u7,u7,5,,,100,arms.raw.roles.fragile.conflict_phantoms,14.0
u7,u7,5,,,100,arms.raw.roles.robust.mean_cost,81.16666666666667
u7,u7,5,,,100,arms.raw.roles.robust.phantom_rate,0.8055555555555556
u7,u7,5,,,100,arms.raw.roles.robust.conflict_phantoms,14.0
u7,u7,5,,,100,arms.raw.n_items,100.0
u7,u7,5,,,100,arms.raw.bits,32976.0
u7,u7,5,,,100,arms.vector.roles.fragile.mean_cost,226.75
u7,u7,5,,,100,arms.vector.roles.fragile.phantom_rate,0.3611111111111111
u7,u7,5,,,100,arms.vector.roles.fragile.conflict_phantoms,6.0
u7,u7,5,,,100,arms.vector.roles.robust.mean_cost,210.63888888888889
u7,u7,5,,,100,arms.vector.roles.robust.phantom_rate,0.3611111111111111
u7,u7,5,,,100,arms.vector.roles.robust.conflict_phantoms,6.0
u7,u7,5,,,100,arms.vector.n_items,67.0
u7,u7,5,,,100,arms.vector.bits,22104.0
u7,u7,5,,,100,arms.rir.roles.fragile.mean_cost,249.75
u7,u7,5,,,100,arms.rir.roles.fragile.phantom_rate,0.1388888888888889
u7,u7,5,,,100,arms.rir.roles.fragile.conflict_phantoms,2.0
u7,u7,5,,,100,arms.rir.roles.robust.mean_cost,228.52777777777777
u7,u7,5,,,100,arms.rir.roles.robust.phantom_rate,0.1388888888888889
u7,u7,5,,,100,arms.rir.roles.robust.conflict_phantoms,2.0
u7,u7,5,,,100,arms.rir.n_items,100.0
u7,u7,5,,,100,arms.rir.bits,32976.0
u7,u7,5,,,100,arms.snapshot.roles.fragile.mean_cost,272.97222222222223
u7,u7,5,,,100,arms.snapshot.roles.fragile.phantom_rate,0.0
u7,u7,5,,,100,arms.snapshot.roles.fragile.conflict_phantoms,0.0
u7,u7,5,,,100,arms.snapshot.roles.robust.mean_cost,249.5
u7,u7,5,,,100,arms.snapshot.roles.robust.phantom_rate,0.0
u7,u7,5,,,100,arms.snapshot.roles.robust.conflict_phantoms,0.0
u7,u7,5,,,100,arms.snapshot.n_items,100.0
u7,u7,5,,,100,arms.snapshot.bits,516986.0
u7,u7,5,,,100,arms.utility.roles.fragile.mean_cost,44.94444444444444
u7,u7,5,,,100,arms.utility.roles.fragile.phantom_rate,0.8055555555555556
u7,u7,5,,,100,arms.utility.roles.fragile.conflict_phantoms,13.0
u7,u7,5,,,100,arms.utility.roles.robust.mean_cost,66.16666666666667
u7,u7,5,,,100,arms.utility.roles.robust.phantom_rate,0.8055555555555556
u7,u7,5,,,100,arms.utility.roles.robust.conflict_phantoms,13.0
u7,u7,5,,,100,arms.utility.n_items,65.0
u7,u7,5,,,100,arms.utility.bits,21256.0
u7,u7,5,,,100,arms.analogy.roles.fragile.mean_cost,65.22222222222223
u7,u7,5,,,100,arms.analogy.roles.fragile.phantom_rate,0.8333333333333334
u7,u7,5,,,100,arms.analogy.roles.fragile.conflict_phantoms,13.0
u7,u7,5,,,100,arms.analogy.roles.robust.mean_cost,87.66666666666667
u7,u7,5,,,100,arms.analogy.roles.robust.phantom_rate,0.8333333333333334
u7,u7,5,,,100,arms.analogy.roles.robust.conflict_phantoms,13.0
u7,u7,5,,,100,arms.analogy.n_items,62.0
u7,u7,5,,,100,arms.analogy.bits,20480.0
u7,u7,5,,,100,arms.ucsm.roles.fragile.mean_cost,74.22222222222223
u7,u7,5,,,100,arms.ucsm.roles.fragile.phantom_rate,0.8333333333333334
u7,u7,5,,,100,arms.ucsm.roles.fragile.conflict_phantoms,12.0
u7,u7,5,,,100,arms.ucsm.roles.robust.mean_cost,99.69444444444444
u7,u7,5,,,100,arms.ucsm.roles.robust.phantom_rate,0.8333333333333334
u7,u7,5,,,100,arms.ucsm.roles.robust.conflict_phantoms,12.0
u7,u7,5,,,100,arms.ucsm.n_items,64.0
u7,u7,5,,,100,arms.ucsm.bits,20944.0
u7,u7,5,,,100,arms.ucsm.bits_codebook,18865.0
u7,u7,5,,,100,arms.ucsm_recent.roles.fragile.mean_cost,44.94444444444444
u7,u7,5,,,100,arms.ucsm_recent.roles.fragile.phantom_rate,0.8055555555555556
u7,u7,5,,,100,arms.ucsm_recent.roles.fragile.conflict_phantoms,13.0
u7,u7,5,,,100,arms.ucsm_recent.roles.robust.mean_cost,66.16666666666667
u7,u7,5,,,100,arms.ucsm_recent.roles.robust.phantom_rate,0.8055555555555556
u7,u7,5,,,100,arms.ucsm_recent.roles.robust.conflict_phantoms,13.0
u7,u7,5,,,100,arms.ucsm_recent.n_items,64.0
u7,u7,5,,,100,arms.ucsm_recent.bits,20944.0
u7,u7,5,,,100,arms.ucsm_recent.bits_codebook,18865.0
u7,u7,5,,,100,arms.ucsm_stale.roles.fragile.mean_cost,51.69444444444444
u7,u7,5,,,100,arms.ucsm_stale.roles.fragile.phantom_rate,0.75
u7,u7,5,,,100,arms.ucsm_stale.roles.fragile.conflict_phantoms,14.0
u7,u7,5,,,100,arms.ucsm_stale.roles.robust.mean_cost,72.58333333333333
u7,u7,5,,,100,arms.ucsm_stale.roles.robust.phantom_rate,0.75
u7,u7,5,,,100,arms.ucsm_stale.roles.robust.conflict_phantoms,14.0
u7,u7,5,,,100,arms.ucsm_stale.n_items,64.0
u7,u7,5,,,100,arms.ucsm_stale.bits,20944.0
u7,u7,5,,,100,arms.ucsm_stale.bits_codebook,18865.0
u7,u7,6,,,100,battery,36.0
u7,u7,6,,,100,arms.raw.roles.fragile.mean_cost,44.583333333333336
u7,u7,6,,,100,arms.raw.roles.fragile.phantom_rate,0.6388888888888888
u7,u7,6,,,100,arms.raw.roles.fragile.conflict_phantoms,16.0
u7,u7,6,,,100,arms.raw.roles.robust.mean_cost,57.166666666666664
u7,u7,6,,,100,arms.raw.roles.robust.phantom_rate,0.6388888888888888
u7,u7,6,,,100,arms.raw.roles.robust.conflict_phantoms,16.0
u7,u7,6,,,100,arms.raw.n_items,100.0
u7,u7,6,,,100,arms.raw.bits,33122.0
u7,u7,6,,,100,arms.vector.roles.fragile.mean_cost,207.16666666666666
u7,u7,6,,,100,arms.vector.roles.fragile.phantom_rate,0.2777777777777778
u7,u7,6,,,100,arms.vector.roles.fragile.conflict_phantoms,6.0
u7,u7,6,,,100,arms.vector.roles.robust.mean_cost,190.58333333333334
u7,u7,6,,,100,arms.vector.roles.robust.phantom_rate,0.2777777777777778
u7,u7,6,,,100,arms.vector.roles.robust.conflict_phantoms,6.0
u7,u7,6,,,100,arms.vector.n_items,63.0
u7,u7,6,,,100,arms.vector.bits,20764.0
u7,u7,6,,,100,arms.rir.roles.fragile.mean_cost,205.33333333333334
u7,u7,6,,,100,arms.rir.roles.fragile.phantom_rate,0.1388888888888889
u7,u7,6,,,100,arms.rir.roles.fragile.conflict_phantoms,4.0
u7,u7,6,,,100,arms.rir.roles.robust.mean_cost,190.19444444444446
u7,u7,6,,,100,arms.rir.roles.robust.phantom_rate,0.1388888888888889
u7,u7,6,,,100,arms.rir.roles.robust.conflict_phantoms,4.0
u7,u7,6,,,100,arms.rir.n_items,100.0
u7,u7,6,,,100,arms.rir.bits,33122.0
u7,u7,6,,,100,arms.snapshot.roles.fragile.mean_cost,230.08333333333334
u7,u7,6,,,100,arms.snapshot.roles.fragile.phantom_rate,0.027777777777777776
u7,u7,6,,,100,arms.snapshot.roles.fragile.conflict_phantoms,1.0
u7,u7,6,,,100,arms.snapshot.roles.robust.mean_cost,209.02777777777777
u7,u7,6,,,100,arms.snapshot.roles.robust.phantom_rate,0.027777777777777776
u7,u7,6,,,100,arms.snapshot.roles.robust.conflict_phantoms,1.0
u7,u7,6,,,100,arms.snapshot.n_items,100.0
u7,u7,6,,,100,arms.snapshot.bits,521066.0
u7,u7,6,,,100,arms.utility.roles.fragile.mean_cost,48.638888888888886
u7,u7,6,,,100,arms.utility.roles.fragile.phantom_rate,0.6944444444444444
u7,u7,6,,,100,arms.utility.roles.fragile.conflict_phantoms,14.0
u7,u7,6,,,100,arms.utility.roles.robust.mean_cost,62.111111111111114
u7,u7,6,,,100,arms.utility.roles.robust.phantom_rate,0.6944444444444444
u7,u7,6,,,100,arms.utility.roles.robust.conflict_phantoms,14.0
u7,u7,6,,,100,arms.utility.n_items,60.0
u7,u7,6,,,100,arms.utility.bits,19874.0
u7,u7,6,,,100,arms.analogy.roles.fragile.mean_cost,52.77777777777778
u7,u7,6,,,100,arms.analogy.roles.fragile.phantom_rate,0.6944444444444444
u7,u7,6,,,100,arms.analogy.roles.fragile.conflict_phantoms,13.0
u7,u7,6,,,100,arms.analogy.roles.robust.mean_cost,67.69444444444444
u7,u7,6,,,100,arms.analogy.roles.robust.phantom_rate,0.6944444444444444
u7,u7,6,,,100,arms.analogy.roles.robust.conflict_phantoms,13.0
u7,u7,6,,,100,arms.analogy.n_items,48.0
u7,u7,6,,,100,arms.analogy.bits,15886.0
u7,u7,6,,,100,arms.ucsm.roles.fragile.mean_cost,60.27777777777778
u7,u7,6,,,100,arms.ucsm.roles.fragile.phantom_rate,0.7222222222222222
u7,u7,6,,,100,arms.ucsm.roles.fragile.conflict_phantoms,17.0
u7,u7,6,,,100,arms.ucsm.roles.robust.mean_cost,77.25
u7,u7,6,,,100,arms.ucsm.roles.robust.phantom_rate,0.7222222222222222
u7,u7,6,,,100,arms.ucsm.roles.robust.conflict_phantoms,17.0
u7,u7,6,,,100,arms.ucsm.n_items,57.0
u7,u7,6,,,100,arms.ucsm.bits,18950.0
u7,u7,6,,,100,arms.ucsm.bits_codebook,16358.0
u7,u7,6,,,100,arms.ucsm_recent.roles.fragile.mean_cost,50.583333333333336
u7,u7,6,,,100,arms.ucsm_recent.roles.fragile.phantom_rate,0.6944444444444444
u7,u7,6,,,100,arms.ucsm_recent.roles.fragile.conflict_phantoms,14.0
u7,u7,6,,,100,arms.ucsm_recent.roles.robust.mean_cost,63.75
u7,u7,6,,,100,arms.ucsm_recent.roles.robust.phantom_rate,0.6944444444444444
u7,u7,6,,,100,arms.ucsm_recent.roles.robust.conflict_phantoms,14.0
u7,u7,6,,,100,arms.ucsm_recent.n_items,57.0
u7,u7,6,,,100,arms.ucsm_recent.bits,18950.0
u7,u7,6,,,100,arms.ucsm_recent.bits_codebook,16358.0
u7,u7,6,,,100,arms.ucsm_stale.roles.fragile.mean_cost,56.94444444444444
u7,u7,6,,,100,arms.ucsm_stale.roles.fragile.phantom_rate,0.7222222222222222
u7,u7,6,,,100,arms.ucsm_stale.roles.fragile.conflict_phantoms,17.0
u7,u7,6,,,100,arms.ucsm_stale.roles.robust.mean_cost,68.91666666666667
u7,u7,6,,,100,arms.ucsm_stale.roles.robust.phantom_rate,0.7222222222222222
u7,u7,6,,,100,arms.ucsm_stale.roles.robust.conflict_phantoms,17.0
u7,u7,6,,,100,arms.ucsm_stale.n_items,57.0
u7,u7,6,,,100,arms.ucsm_stale.bits,18950.0
u7,u7,6,,,100,arms.ucsm_stale.bits_codebook,16358.0
u7,u7,7,,,100,battery,36.0
u7,u7,7,,,100,arms.raw.roles.fragile.mean_cost,56.666666666666664
u7,u7,7,,,100,arms.raw.roles.fragile.phantom_rate,0.7222222222222222
u7,u7,7,,,100,arms.raw.roles.fragile.conflict_phantoms,14.0
u7,u7,7,,,100,arms.raw.roles.robust.mean_cost,74.77777777777777
u7,u7,7,,,100,arms.raw.roles.robust.phantom_rate,0.7222222222222222
u7,u7,7,,,100,arms.raw.roles.robust.conflict_phantoms,14.0
u7,u7,7,,,100,arms.raw.n_items,100.0
u7,u7,7,,,100,arms.raw.bits,33724.0
u7,u7,7,,,100,arms.vector.roles.fragile.mean_cost,224.27777777777777
u7,u7,7,,,100,arms.vector.roles.fragile.phantom_rate,0.2777777777777778
u7,u7,7,,,100,arms.vector.roles.fragile.conflict_phantoms,4.0
u7,u7,7,,,100,arms.vector.roles.robust.mean_cost,204.97222222222223
u7,u7,7,,,100,arms.vector.roles.robust.phantom_rate,0.2777777777777778
u7,u7,7,,,100,arms.vector.roles.robust.conflict_phantoms,4.0
u7,u7,7,,,100,arms.vector.n_items,69.0
u7,u7,7,,,100,arms.vector.bits,23178.0
u7,u7,7,,,100,arms.rir.roles.fragile.mean_cost,214.22222222222223
u7,u7,7,,,100,arms.rir.roles.fragile.phantom_rate,0.2222222222222222
u7,u7,7,,,100,arms.rir.roles.fragile.conflict_phantoms,5.0
u7,u7,7,,,100,arms.rir.roles.robust.mean_cost,199.25
u7,u7,7,,,100,arms.rir.roles.robust.phantom_rate,0.2222222222222222
u7,u7,7,,,100,arms.rir.roles.robust.conflict_phantoms,5.0
u7,u7,7,,,100,arms.rir.n_items,100.0
u7,u7,7,,,100,arms.rir.bits,33724.0
u7,u7,7,,,100,arms.snapshot.roles.fragile.mean_cost,250.19444444444446
u7,u7,7,,,100,arms.snapshot.roles.fragile.phantom_rate,0.05555555555555555
u7,u7,7,,,100,arms.snapshot.roles.fragile.conflict_phantoms,2.0
u7,u7,7,,,100,arms.snapshot.roles.robust.mean_cost,228.69444444444446
u7,u7,7,,,100,arms.snapshot.roles.robust.phantom_rate,0.05555555555555555
u7,u7,7,,,100,arms.snapshot.roles.robust.conflict_phantoms,2.0
u7,u7,7,,,100,arms.snapshot.n_items,100.0
u7,u7,7,,,100,arms.snapshot.bits,519950.0
u7,u7,7,,,100,arms.utility.roles.fragile.mean_cost,49.916666666666664
u7,u7,7,,,100,arms.utility.roles.fragile.phantom_rate,0.75
u7,u7,7,,,100,arms.utility.roles.fragile.conflict_phantoms,16.0
u7,u7,7,,,100,arms.utility.roles.robust.mean_cost,70.88888888888889
u7,u7,7,,,100,arms.utility.roles.robust.phantom_rate,0.75
u7,u7,7,,,100,arms.utility.roles.robust.conflict_phantoms,16.0
u7,u7,7,,,100,arms.utility.n_items,62.0
u7,u7,7,,,100,arms.utility.bits,21316.0
u7,u7,7,,,100,arms.analogy.roles.fragile.mean_cost,49.416666666666664
u7,u7,7,,,100,arms.analogy.roles.fragile.phantom_rate,0.8055555555555556
u7,u7,7,,,100,arms.analogy.roles.fragile.conflict_phantoms,14.0
u7,u7,7,,,100,arms.analogy.roles.robust.mean_cost,68.02777777777777
u7,u7,7,,,100,arms.analogy.roles.robust.phantom_rate,0.8055555555555556
u7,u7,7,,,100,arms.analogy.roles.robust.conflict_phantoms,14.0
u7,u7,7,,,100,arms.analogy.n_items,58.0
u7,u7,7,,,100,arms.analogy.bits,19716.0
u7,u7,7,,,100,arms.ucsm.roles.fragile.mean_cost,51.27777777777778
u7,u7,7,,,100,arms.ucsm.roles.fragile.phantom_rate,0.8055555555555556
u7,u7,7,,,100,arms.ucsm.roles.fragile.conflict_phantoms,14.0
u7,u7,7,,,100,arms.ucsm.roles.robust.mean_cost,70.72222222222223
u7,u7,7,,,100,arms.ucsm.roles.robust.phantom_rate,0.8055555555555556
u7,u7,7,,,100,arms.ucsm.roles.robust.conflict_phantoms,14.0
u7,u7,7,,,100,arms.ucsm.n_items,59.0
u7,u7,7,,,100,arms.ucsm.bits,20316.0
u7,u7,7,,,100,arms.ucsm.bits_codebook,18360.0
u7,u7,7,,,100,arms.ucsm_recent.roles.fragile.mean_cost,49.111111111111114
u7,u7,7,,,100,arms.ucsm_recent.roles.fragile.phantom_rate,0.75
u7,u7,7,,,100,arms.ucsm_recent.roles.fragile.conflict_phantoms,16.0
u7,u7,7,,,100,arms.ucsm_recent.roles.robust.mean_cost,69.91666666666667
u7,u7,7,,,100,arms.ucsm_recent.roles.robust.phantom_rate,0.75
u7,u7,7,,,100,arms.ucsm_recent.roles.robust.conflict_phantoms,16.0
u7,u7,7,,,100,arms.ucsm_recent.n_items,59.0
u7,u7,7,,,100,arms.ucsm_recent.bits,20316.0
u7,u7,7,,,100,arms.ucsm_recent.bits_codebook,18360.0
u7,u7,7,,,100,arms.ucsm_stale.roles.fragile.mean_cost,60.361111111111114
u7,u7,7,,,100,arms.ucsm_stale.roles.fragile.phantom_rate,0.8055555555555556
u7,u7,7,,,100,arms.ucsm_stale.roles.fragile.conflict_phantoms,17.0
u7,u7,7,,,100,arms.ucsm_stale.roles.robust.mean_cost,76.91666666666667
u7,u7,7,,,100,arms.ucsm_stale.roles.robust.phantom_rate,0.8055555555555556
u7,u7,7,,,100,arms.ucsm_stale.roles.robust.conflict_phantoms,17.0
u7,u7,7,,,100,arms.ucsm_stale.n_items,59.0
u7,u7,7,,,100,arms.ucsm_stale.bits,20316.0
u7,u7,7,,,100,arms.ucsm_stale.bits_codebook,18360.0
u7,u7,0,,,10,battery,18.0
u7,u7,0,,,10,arms.raw.roles.fragile.mean_cost,104.05555555555556
u7,u7,0,,,10,arms.raw.roles.fragile.phantom_rate,0.2777777777777778
u7,u7,0,,,10,arms.raw.roles.fragile.conflict_phantoms,0.0
u7,u7,0,,,10,arms.raw.roles.robust.mean_cost,109.33333333333333
u7,u7,0,,,10,arms.raw.roles.robust.phantom_rate,0.2777777777777778
u7,u7,0,,,10,arms.raw.roles.robust.conflict_phantoms,0.0
u7,u7,0,,,10,arms.raw.n_items,10.0
u7,u7,0,,,10,arms.raw.bits,3962.0
u7,u7,0,,,10,arms.vector.roles.fragile.mean_cost,190.27777777777777
u7,u7,0,,,10,arms.vector.roles.fragile.phantom_rate,0.1111111111111111
u7,u7,0,,,10,arms.vector.roles.fragile.conflict_phantoms,0.0
u7,u7,0,,,10,arms.vector.roles.robust.mean_cost,179.16666666666666
u7,u7,0,,,10,arms.vector.roles.robust.phantom_rate,0.1111111111111111
u7,u7,0,,,10,arms.vector.roles.robust.conflict_phantoms,0.0
u7,u7,0,,,10,arms.vector.n_items,7.0
u7,u7,0,,,10,arms.vector.bits,2704.0
u7,u7,0,,,10,arms.rir.roles.fragile.mean_cost,260.1111111111111
u7,u7,0,,,10,arms.rir.roles.fragile.phantom_rate,0.05555555555555555
u7,u7,0,,,10,arms.rir.roles.fragile.conflict_phantoms,0.0
u7,u7,0,,,10,arms.rir.roles.robust.mean_cost,236.16666666666666
u7,u7,0,,,10,arms.rir.roles.robust.phantom_rate,0.05555555555555555
u7,u7,0,,,10,arms.rir.roles.robust.conflict_phantoms,0.0
u7,u7,0,,,10,arms.rir.n_items,10.0
u7,u7,0,,,10,arms.rir.bits,3962.0
u7,u7,0,,,10,arms.snapshot.roles.fragile.mean_cost,261.22222222222223
u7,u7,0,,,10,arms.snapshot.roles.fragile.phantom_rate,0.0
u7,u7,0,,,10,arms.snapshot.roles.fragile.conflict_phantoms,0.0
u7,u7,0,,,10,arms.snapshot.roles.robust.mean_cost,237.11111111111111
u7,u7,0,,,10,arms.snapshot.roles.robust.phantom_rate,0.0
u7,u7,0,,,10,arms.snapshot.roles.robust.conflict_phantoms,0.0
u7,u7,0,,,10,arms.snapshot.n_items,10.0
u7,u7,0,,,10,arms.snapshot.bits,52538.0
u7,u7,0,,,10,arms.utility.roles.fragile.mean_cost,104.05555555555556
u7,u7,0,,,10,arms.utility.roles.fragile.phantom_rate,0.2222222222222222
u7,u7,0,,,10,arms.utility.roles.fragile.conflict_phantoms,0.0
u7,u7,0,,,10,arms.utility.roles.robust.mean_cost,109.33333333333333
u7,u7,0,,,10,arms.utility.roles.robust.phantom_rate,0.2222222222222222
u7,u7,0,,,10,arms.utility.roles.robust.conflict_phantoms,0.0
u7,u7,0,,,10,arms.utility.n_items,8.0
u7,u7,0,,,10,arms.utility.bits,3084.0
u7,u7,0,,,10,arms.analogy.roles.fragile.mean_cost,112.38888888888889
u7,u7,0,,,10,arms.analogy.roles.fragile.phantom_rate,0.2222222222222222
u7,u7,0,,,10,arms.analogy.roles.fragile.conflict_phantoms,0.0
u7,u7,0,,,10,arms.analogy.roles.robust.mean_cost,115.38888888888889
u7,u7,0,,,10,arms.analogy.roles.robust.phantom_rate,0.2222222222222222
u7,u7,0,,,10,arms.analogy.roles.robust.conflict_phantoms,0.0
u7,u7,0,,,10,arms.analogy.n_items,7.0
u7,u7,0,,,10,arms.analogy.bits,2704.0
u7,u7,0,,,10,arms.ucsm.roles.fragile.mean_cost,113.27777777777777
u7,u7,0,,,10,arms.ucsm.roles.fragile.phantom_rate,0.2222222222222222
u7,u7,0,,,10,arms.ucsm.roles.fragile.conflict_phantoms,0.0
u7,u7,0,,,10,arms.ucsm.roles.robust.mean_cost,115.88888888888889
u7,u7,0,,,10,arms.ucsm.roles.robust.phantom_rate,0.2222222222222222
u7,u7,0,,,10,arms.ucsm.roles.robust.conflict_phantoms,0.0
u7,u7,0,,,10,arms.ucsm.n_items,8.0
u7,u7,0,,,10,arms.ucsm.bits,3084.0
u7,u7,0,,,10,arms.ucsm.bits_codebook,2834.0
u7,u7,0,,,10,arms.ucsm_recent.roles.fragile.mean_cost,104.05555555555556
u7,u7,0,,,10,arms.ucsm_recent.roles.fragile.phantom_rate,0.2222222222222222
u7,u7,0,,,10,arms.ucsm_recent.roles.fragile.conflict_phantoms,0.0
u7,u7,0,,,10,arms.ucsm_recent.roles.robust.mean_cost,109.33333333333333
u7,u7,0,,,10,arms.ucsm_recent.roles.robust.phantom_rate,0.2222222222222222
u7,u7,0,,,10,arms.ucsm_recent.roles.robust.conflict_phantoms,0.0
u7,u7,0,,,10,arms.ucsm_recent.n_items,8.0
u7,u7,0,,,10,arms.ucsm_recent.bits,3084.0
u7,u7,0,,,10,arms.ucsm_recent.bits_codebook,2834.0
u7,u7,0,,,10,arms.ucsm_stale.roles.fragile.mean_cost,104.05555555555556
u7,u7,0,,,10,arms.ucsm_stale.roles.fragile.phantom_rate,0.2222222222222222
u7,u7,0,,,10,arms.ucsm_stale.roles.fragile.conflict_phantoms,0.0
u7,u7,0,,,10,arms.ucsm_stale.roles.robust.mean_cost,109.33333333333333
u7,u7,0,,,10,arms.ucsm_stale.roles.robust.phantom_rate,0.2222222222222222
u7,u7,0,,,10,arms.ucsm_stale.roles.robust.conflict_phantoms,0.0
u7,u7,0,,,10,arms.ucsm_stale.n_items,8.0
u7,u7,0,,,10,arms.ucsm_stale.bits,3084.0
u7,u7,0,,,10,arms.ucsm_stale.bits_codebook,2834.0
c1,songline_safe,100,,,,group_cost.fragile,181.40984170513403
c1,songline_safe,100,,,,group_cost.robust,54.47592313787662
c1,songline_safe,100,,,,success_first,0.15625
c1,songline_safe,100,,,,fail_open_final,0.0
c1,songline_safe,100,,,,hazard_hits,13.71875
c1,songline_safe,100,,,,duplicate_rate,0.0
c1,songline_safe,100,,,,wire_bits,3448.0
c1,songline_safe,100,,,,memory_bits,4399.5
i1,songline_full,100,0.0,4,10,group_cost.fragile,151.4
i1,songline_full,100,0.0,4,10,group_cost.robust,135.95
i1,songline_full,100,0.0,4,10,success_first,0.075
i1,songline_full,100,0.0,4,10,fail_open,0.075
i1,songline_full,100,0.0,4,10,refusal,0.85
i1,songline_full,100,0.0,4,10,hazard_hits,6.875
i1,songline_full,100,0.0,4,10,duplicate_rate,0.0
i1,songline_full,100,0.0,4,10,wire_bits,9010.0
i1,songline_full,100,0.0,4,10,memory_bits,8981.5
i1,songline_full,100,0.0,4,10,match_ops,127.5
e1_landmark_emergence,verdict,,,,,E1.1_emergence,0.0
e1_landmark_emergence,verdict,,,,,E1.2_pruning_is_safe,1.0
l1_llama31,verdict,,,,,L1.1_memory_is_needed,1.0
l1_llama31,verdict,,,,,L1.2_reconstruction_beats_replay,1.0
l1_llama31,verdict,,,,,L1.3_exceptions_work_in_context,1.0
l1_stub,verdict,,,,,L1.1_memory_is_needed,1.0
l1_stub,verdict,,,,,L1.2_reconstruction_beats_replay,0.0
l1_stub,verdict,,,,,L1.3_exceptions_work_in_context,0.0
l1_stub2,verdict,,,,,L1.1_memory_is_needed,1.0
l1_stub2,verdict,,,,,L1.2_reconstruction_beats_replay,1.0
l1_stub2,verdict,,,,,L1.3_exceptions_work_in_context,0.0
l1b_llama31,verdict,,,,,L1.1_memory_is_needed,1.0
l1b_llama31,verdict,,,,,L1.2_reconstruction_beats_replay,1.0
l1b_llama31,verdict,,,,,L1.3_exceptions_work_in_context,1.0
l1b_qwen4b,verdict,,,,,L1.1_memory_is_needed,1.0
l1b_qwen4b,verdict,,,,,L1.2_reconstruction_beats_replay,1.0
l1b_qwen4b,verdict,,,,,L1.3_exceptions_work_in_context,0.0
l1b_qwen4b_v2,verdict,,,,,L1.1_memory_is_needed,1.0
l1b_qwen4b_v2,verdict,,,,,L1.2_reconstruction_beats_replay,1.0
l1b_qwen4b_v2,verdict,,,,,L1.3_exceptions_work_in_context,0.0
l1b_qwen4b_v3,verdict,,,,,L1.1_memory_is_needed,1.0
l1b_qwen4b_v3,verdict,,,,,L1.2_reconstruction_beats_replay,1.0
l1b_qwen4b_v3,verdict,,,,,L1.3_exceptions_work_in_context,0.0
l1b_qwen4b_v4,verdict,,,,,L1.1_memory_is_needed,1.0
l1b_qwen4b_v4,verdict,,,,,L1.2_reconstruction_beats_replay,1.0
l1b_qwen4b_v4,verdict,,,,,L1.3_exceptions_work_in_context,0.0
l1b_stub,verdict,,,,,L1.1_memory_is_needed,1.0
l1b_stub,verdict,,,,,L1.2_reconstruction_beats_replay,1.0
l1b_stub,verdict,,,,,L1.3_exceptions_work_in_context,0.0
m1_smoke,verdict,,,,,M1.1_terminal_credit_suffices,1.0
m1_smoke,verdict,,,,,M1.2_no_corruption_shortcut,1.0
n1_smoke,verdict,,,,,N1.1_fail_closed_survives_noise,0.0
n1_smoke,verdict,,,,,N1.2_graceful_coverage,1.0
n1v2_smoke,verdict,,,,,N1.1_fail_closed_survives_noise,1.0
n1v2_smoke,verdict,,,,,N1.2_graceful_coverage,1.0
r1_checklist,verdict,,,,,R1.1_single_run_integration,1.0
refac_ue1,verdict,,,,,UE1.1_estimator_usable,1.0
refac_ue1,verdict,,,,,UE1.2_system_survives_estimation,1.0
s0_song_smoke,verdict,,,,,S0.1_beats_do_not_carry_identity,1.0
s0_song_smoke,verdict,,,,,S0.2_songs_fail_safe_transport,1.0
s0_song_smoke,verdict,,,,,S0.3_fraction_of_the_bits,1.0
s0_song_smoke,verdict,,,,,S0.4_nodes_cannot_transport_unseen,1.0
u1_ucsm_smoke,verdict,,,,,U1.1_matrix_occupancy,1.0
u1_ucsm_smoke,verdict,,,,,U1.2_repeats_are_free,1.0
u1_ucsm_smoke,verdict,,,,,U1.3_similarity_not_consolidation,1.0
u1_ucsm_smoke,verdict,,,,,U1.4_exceptions_beat_overwrite_and_recency,1.0
song_grammar,verdict,,,,,U2.1_matrix_learnable,0.0
song_grammar,verdict,,,,,U2.2_structure_recovered,0.0
u2_smoke,verdict,,,,,U2.1_matrix_learnable,0.0
u2_smoke,verdict,,,,,U2.2_structure_recovered,0.0
u2_smoke2,verdict,,,,,U2.1_matrix_learnable,0.0
u2_smoke2,verdict,,,,,U2.2_structure_recovered,0.0
song_grammar,verdict,,,,,U2.1_matrix_learnable,1.0
song_grammar,verdict,,,,,U2.2_structure_recovered,0.0
song_grammar,verdict,,,,,U3.1_evolution_matches_design,1.0
song_grammar,verdict,,,,,U3.2_budget_is_selected,1.0
u3_smoke,verdict,,,,,U3.1_evolution_matches_design,1.0
u3_smoke,verdict,,,,,U3.2_budget_is_selected,1.0
ue1_smoke,verdict,,,,,UE1.1_estimator_usable,1.0
ue1_smoke,verdict,,,,,UE1.2_system_survives_estimation,1.0
